time,x,y,z,qw,qx,qy,qz,vx,vy,vz,
1641629234781386240,-0.02517,-0.03985,0.13163,0.69494,-0.70622,-0.04549,0.12742,0.22036,-0.18131,0.30134,
1641629234831385088,-0.02030,-0.03708,0.13811,0.69897,-0.70034,-0.03291,0.14103,0.23887,-0.15346,0.18505,
1641629234881389056,-0.00904,-0.02998,0.13389,0.69566,-0.70251,-0.02678,0.14775,0.23674,-0.09203,0.01877,
1641629234931385344,-0.00945,-0.02051,0.13254,0.68744,-0.71052,-0.02350,0.14844,0.22464,-0.01737,-0.11390,
1641629234981385216,-0.00306,-0.01555,0.12507,0.68252,-0.71649,-0.01955,0.14296,0.23195,0.01640,-0.20778,
1641629235031385088,0.00609,-0.01054,0.11297,0.67572,-0.72407,-0.01263,0.13769,0.25066,0.04259,-0.26966,
1641629235081385216,0.01963,-0.00708,0.09539,0.66696,-0.73336,-0.00065,0.13170,0.26649,0.05448,-0.32243,
1641629235131386368,0.03423,-0.00362,0.07216,0.65820,-0.74181,0.01094,0.12798,0.28951,0.02245,-0.35870,
1641629235181385216,0.04755,0.00114,0.05176,0.64923,-0.75054,0.01657,0.12214,0.30792,0.00742,-0.38392,
1641629235231385344,0.06063,0.00401,0.03480,0.64214,-0.75863,0.02105,0.10816,0.33033,0.00230,-0.38171,
1641629235281385216,0.07463,0.00592,0.02137,0.63300,-0.76837,0.02865,0.08995,0.36486,-0.02510,-0.35185,
1641629235331385088,0.08804,0.00908,0.01086,0.62444,-0.77721,0.03121,0.07104,0.37819,-0.03606,-0.29669,
1641629235381385216,0.10145,0.01167,0.00292,0.61933,-0.78287,0.03263,0.04967,0.38069,-0.03810,-0.21317,
1641629235431385344,0.11512,0.01216,-0.00197,0.61811,-0.78475,0.03592,0.02867,0.36642,-0.05746,-0.11756,
1641629235481385216,0.13101,0.01047,-0.00296,0.61453,-0.78794,0.03670,0.01276,0.34736,-0.07148,-0.02265,
1641629235531385088,0.14534,0.01296,0.00201,0.61192,-0.79015,0.03471,-0.00335,0.31641,-0.05967,0.07320,
1641629235581385216,0.16172,0.01080,0.00970,0.61270,-0.78938,0.02924,-0.02489,0.28738,-0.07241,0.17859,
1641629235631385344,0.17694,0.00529,0.02156,0.62142,-0.78168,0.02073,-0.04874,0.24579,-0.10285,0.26683,
1641629235681385216,0.18852,0.00055,0.03650,0.63209,-0.77164,0.00901,-0.07043,0.19616,-0.11380,0.31754,
1641629235731385344,0.19685,-0.00304,0.05297,0.64010,-0.76307,-0.00501,-0.08932,0.14406,-0.10443,0.33114,
1641629235781385216,0.20361,-0.00482,0.06883,0.64407,-0.75787,-0.01709,-0.10256,0.10151,-0.08977,0.31506,
1641629235831385088,0.20770,-0.00582,0.08253,0.64890,-0.75232,-0.02856,-0.11014,0.05466,-0.07301,0.25264,
1641629235881385216,0.20831,-0.00591,0.09225,0.65181,-0.74755,-0.04510,-0.11945,0.01204,-0.04577,0.15879,
1641629235931385344,0.20568,-0.00516,0.09658,0.65635,-0.74013,-0.06101,-0.13300,-0.03067,-0.01802,0.03203,
1641629235981385216,0.19811,-0.00528,0.09668,0.65719,-0.73550,-0.07813,-0.14503,-0.08178,-0.00663,-0.09266,
1641629236031385088,0.18598,-0.00692,0.09482,0.65245,-0.73675,-0.09588,-0.14939,-0.13272,-0.01146,-0.19252,
1641629236081385216,0.17090,-0.00836,0.08809,0.64416,-0.74292,-0.11008,-0.14492,-0.18572,-0.01465,-0.28773,
1641629236131385344,0.15408,-0.00879,0.07593,0.62949,-0.75511,-0.12625,-0.13269,-0.23389,-0.01065,-0.35981,
1641629236181385216,0.13690,-0.00878,0.05986,0.61475,-0.76690,-0.14013,-0.11961,-0.27419,-0.00460,-0.40098,
1641629236231385344,0.11962,-0.00908,0.04082,0.60128,-0.77615,-0.15533,-0.10922,-0.30925,-0.02199,-0.39102,
1641629236281385216,0.10124,-0.01077,0.02105,0.59296,-0.78211,-0.16642,-0.09489,-0.34384,-0.03824,-0.35293,
1641629236331385088,0.08238,-0.01369,0.00436,0.58136,-0.79078,-0.17643,-0.07457,-0.36690,-0.06386,-0.28394,
1641629236381385216,0.06344,-0.01827,-0.00883,0.57008,-0.79948,-0.18371,-0.04578,-0.37067,-0.07871,-0.20607,
1641629236431385344,0.04429,-0.02364,-0.01868,0.56098,-0.80548,-0.19035,-0.01640,-0.36903,-0.08959,-0.13802,
1641629236481385216,0.02500,-0.02900,-0.02463,0.55588,-0.80711,-0.19859,0.01115,-0.36683,-0.10350,-0.05862,
1641629236531385088,0.00578,-0.03542,-0.02778,0.55275,-0.80542,-0.21048,0.03833,-0.34902,-0.11641,0.02809,
1641629236581385216,-0.01183,-0.04255,-0.02629,0.55212,-0.80032,-0.22449,0.06525,-0.30573,-0.13421,0.13950,
1641629236631385344,-0.02719,-0.05014,-0.02021,0.55395,-0.79239,-0.23805,0.09262,-0.23427,-0.13275,0.25199,
1641629236681385216,-0.03880,-0.05704,-0.00860,0.56176,-0.78006,-0.24850,0.11906,-0.14753,-0.11457,0.35576,
1641629236731385344,-0.04696,-0.06268,0.00849,0.57426,-0.76547,-0.25254,0.14317,-0.07286,-0.07959,0.43819,
1641629236781385216,-0.05382,-0.06894,0.02768,0.58921,-0.75012,-0.25167,0.16372,-0.02439,-0.05177,0.47875,
1641629236831385088,-0.05925,-0.07604,0.04839,0.60302,-0.73546,-0.24943,0.18233,0.02601,-0.05434,0.50331,
1641629236881385216,-0.05955,-0.08483,0.07089,0.61632,-0.72122,-0.24300,0.20233,0.08230,-0.04182,0.49524,
1641629236931386112,-0.05459,-0.08844,0.09375,0.62590,-0.71205,-0.23378,0.21585,0.14303,-0.01092,0.45523,
1641629236981385216,-0.04582,-0.08932,0.11446,0.63277,-0.70537,-0.22503,0.22675,0.22507,-0.00007,0.39104,
1641629237031385088,-0.03327,-0.08969,0.13090,0.64123,-0.69794,-0.21717,0.23353,0.27228,0.03188,0.27226,
1641629237081385216,-0.01910,-0.08937,0.14147,0.64898,-0.69439,-0.21055,0.22871,0.31624,0.05758,0.15972,
1641629237131385344,-0.00293,-0.08752,0.14639,0.65508,-0.69457,-0.19839,0.22155,0.34394,0.07469,0.03366,
1641629237181385216,0.01570,-0.08528,0.14510,0.65229,-0.70069,-0.19357,0.21468,0.37652,0.07140,-0.07054,
1641629237231385344,0.03641,-0.08300,0.13924,0.64527,-0.70841,-0.19186,0.21207,0.40248,0.05958,-0.16370,
1641629237281385216,0.05734,-0.07983,0.12998,0.63575,-0.71870,-0.19313,0.20490,0.40953,0.07122,-0.22083,
1641629237331385088,0.07862,-0.07693,0.11861,0.62856,-0.72826,-0.19347,0.19266,0.43307,0.03541,-0.25057,
1641629237381385216,0.09993,-0.07521,0.10596,0.62279,-0.73539,-0.19746,0.17987,0.43142,0.02849,-0.25602,
1641629237431385344,0.12135,-0.07456,0.09315,0.61659,-0.74381,-0.19924,0.16393,0.43580,-0.00131,-0.24080,
1641629237481385216,0.14247,-0.07498,0.08096,0.61238,-0.75027,-0.19989,0.14876,0.43332,-0.01109,-0.22501,
1641629237531387392,0.16306,-0.07567,0.07025,0.60497,-0.75891,-0.20081,0.13315,0.43589,-0.02224,-0.18189,
1641629237581385216,0.18388,-0.07659,0.06231,0.60026,-0.76612,-0.19617,0.11940,0.43490,-0.03383,-0.13402,
1641629237631385344,0.20386,-0.07912,0.05664,0.59447,-0.77247,-0.19602,0.10712,0.42654,-0.06986,-0.07831,
1641629237681385216,0.22240,-0.08420,0.05394,0.58905,-0.77786,-0.19664,0.09641,0.39636,-0.10590,-0.00568,
1641629237731385344,0.23920,-0.09264,0.05501,0.58608,-0.78032,-0.19930,0.08880,0.35088,-0.15483,0.07422,
1641629237781386240,0.25411,-0.10292,0.05987,0.58320,-0.78073,-0.20822,0.08357,0.29441,-0.19557,0.15373,
1641629237831385088,0.26655,-0.11457,0.06900,0.58391,-0.77650,-0.22113,0.08482,0.22769,-0.23599,0.22920,
1641629237881385216,0.27637,-0.12716,0.08164,0.58489,-0.76956,-0.23777,0.09557,0.14941,-0.24727,0.26401,
1641629237931385344,0.28183,-0.13906,0.09395,0.58049,-0.76359,-0.25884,0.11386,0.06030,-0.23080,0.24765,
1641629237981385216,0.28288,-0.14928,0.10436,0.57132,-0.75712,-0.28505,0.13822,-0.02627,-0.18604,0.18960,
1641629238031385088,0.27978,-0.15689,0.11175,0.55925,-0.74930,-0.31452,0.16394,-0.10674,-0.13042,0.11212,
1641629238081385216,0.27291,-0.16198,0.11521,0.54916,-0.73713,-0.34431,0.19109,-0.18088,-0.06245,0.04007,
1641629238131385344,0.26336,-0.16366,0.11563,0.54083,-0.72408,-0.36659,0.22095,-0.23067,0.00712,-0.01467,
1641629238181385216,0.25203,-0.16276,0.11317,0.53047,-0.71155,-0.38414,0.25445,-0.26130,0.06259,-0.07626,
1641629238231385344,0.23839,-0.15861,0.10747,0.51902,-0.70010,-0.40102,0.28225,-0.28214,0.10133,-0.13105,
1641629238281385216,0.22356,-0.15290,0.10005,0.51152,-0.68831,-0.41331,0.30619,-0.30370,0.12451,-0.15955,
1641629238331385088,0.20849,-0.14785,0.09220,0.50287,-0.67749,-0.42592,0.32667,-0.30889,0.11390,-0.17020,
1641629238381385216,0.19318,-0.14317,0.08425,-0.49428,0.66584,0.43843,-0.34658,-0.30763,0.09811,-0.14698,
1641629238431386112,0.17788,-0.13998,0.07753,-0.48332,0.65514,0.44814,-0.36928,-0.29388,0.06482,-0.12712,
1641629238481385216,0.16246,-0.13819,0.07135,-0.46702,0.64473,0.46098,-0.39206,-0.28342,0.03405,-0.12038,
1641629238531385088,0.14735,-0.13761,0.06607,-0.45171,0.63493,0.47255,-0.41173,-0.26901,0.00818,-0.09202,
1641629238581385216,0.13329,-0.13827,0.06262,-0.43954,0.62396,0.48160,-0.43074,-0.25101,-0.00862,-0.04728,
1641629238631385344,0.12064,-0.13958,0.06184,-0.42708,0.61199,0.49012,-0.45039,-0.23363,-0.01546,0.01237,
1641629238681385216,0.10908,-0.14170,0.06384,-0.41507,0.60016,0.49959,-0.46684,-0.20301,-0.02293,0.07013,
1641629238731385344,0.09821,-0.14417,0.06881,-0.40993,0.58638,0.50881,-0.47878,-0.16714,-0.02375,0.14326,
1641629238781385216,0.08942,-0.14693,0.07808,-0.40903,0.57250,0.51389,-0.49077,-0.11711,-0.01107,0.23629,
1641629238831385088,0.08347,-0.14895,0.09102,-0.40836,0.55819,0.51725,-0.50409,-0.06122,0.00701,0.30523,
1641629238881385216,0.07987,-0.15022,0.10658,-0.41293,0.54409,0.51629,-0.51663,-0.01102,0.02609,0.35245,
1641629238931385344,0.07733,-0.15245,0.12368,-0.41852,0.53195,0.51496,-0.52601,0.02252,0.03906,0.36808,
1641629238981385216,0.07589,-0.15377,0.14067,0.43070,-0.52174,-0.51125,0.53001,0.04285,0.05084,0.36307,
1641629239031385088,0.07634,-0.15242,0.15751,0.44645,-0.51695,-0.50389,0.52871,0.07496,0.06839,0.35766,
1641629239081385216,0.08041,-0.14852,0.17436,0.45980,-0.51411,-0.49246,0.53081,0.13252,0.08496,0.34810,
1641629239131385344,0.08562,-0.14359,0.18988,0.46878,-0.51332,-0.47749,0.53735,0.15900,0.09297,0.30585,
1641629239181385216,0.09207,-0.13819,0.20231,0.47539,-0.51713,-0.45952,0.54353,0.18117,0.09336,0.22012,
1641629239231385344,0.09972,-0.13279,0.20971,0.48105,-0.52341,-0.44226,0.54684,0.18914,0.08711,0.10567,
1641629239281386240,0.10862,-0.12788,0.21114,0.48676,-0.53190,-0.42866,0.54442,0.20340,0.07581,-0.01980,
1641629239331385088,0.11839,-0.12343,0.20680,-0.49080,0.54460,0.41634,-0.53776,0.21444,0.06726,-0.13054,
1641629239381385216,0.12977,-0.11943,0.19769,-0.49140,0.56103,0.40549,-0.52853,0.24103,0.06059,-0.21321,
1641629239431385344,0.14251,-0.11576,0.18503,-0.48685,0.57930,0.39761,-0.51893,0.27828,0.04879,-0.27275,
1641629239481385216,0.15725,-0.11303,0.17051,-0.48252,0.59519,0.38840,-0.51192,0.31249,0.04283,-0.28924,
1641629239531385088,0.17265,-0.11024,0.15574,-0.47584,0.61424,0.37819,-0.50325,0.32544,0.04241,-0.28464,
1641629239581385216,0.18836,-0.10811,0.14091,-0.47098,0.63625,0.36598,-0.48931,0.36856,0.02571,-0.27917,
1641629239631385344,0.20583,-0.10690,0.12698,-0.47033,0.65422,0.35714,-0.47248,0.41019,0.01463,-0.24463,
1641629239681385216,0.22351,-0.10634,0.11557,-0.47033,0.67180,0.34705,-0.45500,0.43481,0.00551,-0.16963,
1641629239731385344,0.24373,-0.10657,0.10865,-0.47087,0.68552,0.33620,-0.44193,0.46247,-0.00858,-0.08550,
1641629239781386240,0.26512,-0.10722,0.10565,-0.47233,0.69368,0.32914,-0.43287,0.47467,-0.02933,-0.00895,
1641629239831385088,0.28570,-0.10822,0.10604,-0.47539,0.70145,0.32339,-0.42118,0.44583,-0.03281,0.06786,
1641629239881385216,0.30476,-0.10996,0.10939,-0.48096,0.71033,0.31831,-0.40347,0.42510,-0.05941,0.13562,
1641629239931385344,0.32296,-0.11294,0.11585,-0.48882,0.71565,0.31792,-0.38447,0.39732,-0.07883,0.21523,
1641629239981385216,0.34043,-0.11703,0.12645,-0.49524,0.71908,0.31944,-0.36827,0.36097,-0.10381,0.29927,
1641629240031386112,0.35607,-0.12249,0.14040,0.50400,-0.71703,-0.32507,0.35522,0.31166,-0.13961,0.35922,
1641629240081385216,0.36926,-0.12984,0.15741,0.51586,-0.70973,-0.33474,0.34369,0.24228,-0.16037,0.39735,
1641629240131385344,0.37992,-0.13835,0.17824,0.52370,-0.70151,-0.35076,0.33256,0.16514,-0.16442,0.40910,
1641629240181385216,0.38660,-0.14649,0.19677,0.53014,-0.69137,-0.36716,0.32581,0.08790,-0.14744,0.38373,
1641629240231385344,0.38896,-0.15304,0.21295,0.53029,-0.68284,-0.38441,0.32364,0.00758,-0.11449,0.31184,
1641629240281385216,0.38662,-0.15775,0.22512,0.52340,-0.67793,-0.40198,0.32385,-0.06510,-0.08393,0.19894,
1641629240331385088,0.38126,-0.16131,0.23129,0.51699,-0.67179,-0.42342,0.31959,-0.11776,-0.07255,0.07419,
1641629240381385216,0.37226,-0.16437,0.23204,0.50999,-0.66507,-0.44512,0.31537,-0.16754,-0.06315,-0.03242,
1641629240431385344,0.36129,-0.16752,0.22769,-0.49910,0.65735,0.46855,-0.31505,-0.18691,-0.06579,-0.13733,
1641629240481385216,0.34911,-0.17037,0.21847,-0.48457,0.64885,0.49213,-0.31937,-0.20854,-0.04894,-0.21702,
1641629240531385088,0.33670,-0.17190,0.20666,-0.46939,0.64241,0.50691,-0.33169,-0.22452,-0.01999,-0.24879,
1641629240581385216,0.32414,-0.17236,0.19342,-0.45166,0.63851,0.51618,-0.34908,-0.22487,0.00172,-0.28127,
1641629240631385344,0.31166,-0.17196,0.17902,-0.43325,0.63379,0.52551,-0.36668,-0.21758,0.01089,-0.28942,
1641629240681385216,0.29979,-0.17168,0.16494,-0.41628,0.62883,0.53274,-0.38401,-0.21465,0.00561,-0.27410,
1641629240731385344,0.28869,-0.17176,0.15214,-0.40300,0.62161,0.53720,-0.40325,-0.20200,-0.00692,-0.24133,
1641629240781385216,0.27771,-0.17233,0.14076,-0.39047,0.61244,0.54105,-0.42393,-0.20097,-0.02381,-0.21031,
1641629240831385088,0.26676,-0.17370,0.13155,-0.37783,0.60331,0.54148,-0.44728,-0.20269,-0.03038,-0.16465,
1641629240881385216,0.25546,-0.17588,0.12513,-0.36245,0.59571,0.54248,-0.46849,-0.20547,-0.04626,-0.09871,
1641629240931385344,0.24405,-0.17897,0.12220,-0.34898,0.58744,0.54045,-0.49096,-0.19092,-0.06841,-0.03286,
1641629240981385216,0.23355,-0.18337,0.12260,-0.33682,0.57549,0.54439,-0.50892,-0.17233,-0.08677,0.04607,
1641629241031385088,0.22318,-0.18840,0.12687,-0.33157,0.56138,0.54900,-0.52298,-0.16360,-0.09394,0.13128,
1641629241081385216,0.21344,-0.19317,0.13583,-0.33028,0.54658,0.55304,-0.53508,-0.13849,-0.08459,0.22239,
1641629241131385344,0.20514,-0.19690,0.14919,-0.33090,0.53070,0.55460,-0.54888,-0.09786,-0.06719,0.30836,
1641629241181385216,0.19995,-0.19962,0.16573,0.33099,-0.51319,-0.55345,0.56638,-0.05143,-0.03902,0.36005,
1641629241231385344,0.19648,-0.20132,0.18406,0.33201,-0.49824,-0.55205,0.58032,-0.03088,-0.00929,0.39084,
1641629241281385216,0.19425,-0.20148,0.20276,0.33741,-0.48659,-0.54981,0.58915,0.00117,0.03539,0.37982,
1641629241331385088,0.19304,-0.19922,0.22085,0.34838,-0.47698,-0.54757,0.59269,0.01016,0.09524,0.36893,
1641629241381385216,0.19242,-0.19388,0.23855,0.36343,-0.47333,-0.54336,0.59045,0.02066,0.15643,0.36397,
1641629241431385344,0.19317,-0.18593,0.25669,0.38069,-0.47764,-0.53239,0.58608,0.06441,0.20136,0.37147,
1641629241481385216,0.19742,-0.17604,0.27509,0.39795,-0.48241,-0.51764,0.58393,0.14597,0.22754,0.36967,
1641629241531385088,0.20554,-0.16529,0.29256,0.41823,-0.48778,-0.49604,0.58403,0.21040,0.23463,0.31937,
1641629241581385216,0.21681,-0.15430,0.30663,0.44398,-0.49392,-0.47580,0.57665,0.26415,0.23060,0.24614,
1641629241631385344,0.23063,-0.14330,0.31664,0.47147,-0.50488,-0.44723,0.56815,0.30740,0.22634,0.14660,
1641629241681386240,0.24611,-0.13274,0.32131,0.49280,-0.51782,-0.42173,0.55781,0.33026,0.21686,0.03674,
1641629241731386112,0.26234,-0.12229,0.32006,0.50566,-0.53521,-0.39104,0.55221,0.32587,0.21848,-0.09957,
1641629241781385216,0.27732,-0.11154,0.31117,0.50841,-0.56043,-0.37123,0.53817,0.28128,0.21757,-0.26034,
1641629241831385088,0.29036,-0.10065,0.29482,0.51450,-0.59180,-0.34955,0.51272,0.23569,0.22717,-0.38527,
1641629241881385216,0.30110,-0.08914,0.27331,0.51466,-0.63316,-0.32785,0.47618,0.21129,0.23256,-0.47039,
1641629241931385344,0.31154,-0.07800,0.24863,0.51152,-0.67373,-0.30678,0.43626,0.22611,0.21851,-0.49782,
1641629241981385216,0.32342,-0.06796,0.22412,0.50857,-0.70837,-0.28172,0.40025,0.26209,0.19064,-0.47800,
1641629242031385088,0.33635,-0.05889,0.20130,0.50601,-0.73874,-0.25708,0.36350,0.28249,0.17937,-0.42497,
1641629242081385216,0.35020,-0.05131,0.18128,0.50759,-0.76277,-0.22941,0.32849,0.30814,0.14118,-0.36089,
1641629242131385344,0.36490,-0.04536,0.16520,0.51006,-0.78214,-0.20561,0.29294,0.32315,0.10973,-0.26720,
1641629242181385216,0.37985,-0.04143,0.15422,0.51754,-0.79481,-0.18096,0.26016,0.33566,0.08663,-0.14731,
1641629242231385344,0.39506,-0.03908,0.14939,0.52170,-0.80599,-0.15584,0.23220,0.33771,0.03548,-0.02836,
1641629242281385216,0.41003,-0.04013,0.15027,0.53142,-0.80980,-0.13729,0.20730,0.33290,-0.00831,0.09204,
1641629242331385088,0.42484,-0.04321,0.15677,0.54192,-0.81123,-0.12253,0.18228,0.31807,-0.05612,0.19167,
1641629242381385216,0.43976,-0.04763,0.16753,0.55502,-0.80942,-0.11606,0.15274,0.29185,-0.07346,0.26616,
1641629242431385344,0.45465,-0.05256,0.18191,0.56775,-0.80719,-0.11293,0.11558,0.27052,-0.09058,0.34053,
1641629242481385216,0.46745,-0.05827,0.19973,0.58249,-0.80135,-0.11028,0.07984,0.23041,-0.09494,0.40178,
1641629242531385088,0.47842,-0.06431,0.21961,0.59278,-0.79639,-0.10828,0.05142,0.17538,-0.08462,0.42887,
1641629242581385216,0.48720,-0.06976,0.23954,0.59614,-0.79511,-0.10670,0.03199,0.11650,-0.08332,0.41412,
1641629242631385344,0.49305,-0.07402,0.25801,0.60058,-0.79235,-0.10525,0.02029,0.04887,-0.07441,0.37278,
1641629242681386240,0.49386,-0.07820,0.27388,0.60259,-0.79140,-0.10236,0.01003,-0.02429,-0.05466,0.27979,
1641629242731385344,0.49058,-0.08144,0.28460,0.60204,-0.79135,-0.10633,-0.00190,-0.08834,-0.03399,0.16424,
1641629242781386240,0.48336,-0.08377,0.28931,0.60323,-0.78967,-0.11090,-0.01560,-0.14958,-0.00094,0.04018,
1641629242831386368,0.47410,-0.08281,0.28839,0.59958,-0.79146,-0.11560,-0.02727,-0.20369,0.03233,-0.07086,
1641629242881385216,0.46261,-0.08304,0.28153,0.59370,-0.79493,-0.12153,-0.02884,-0.25488,0.04448,-0.17805,
1641629242931385344,0.44926,-0.07979,0.26997,0.58333,-0.80113,-0.13201,-0.02202,-0.29873,0.05490,-0.28084,
1641629242981385216,0.43315,-0.07883,0.25290,0.57089,-0.80837,-0.14315,-0.01155,-0.34207,0.05463,-0.36796,
1641629243031385088,0.41415,-0.07757,0.23269,0.55764,-0.81472,-0.15896,-0.00291,-0.37940,0.02286,-0.40511,
1641629243081385216,0.39320,-0.07654,0.21166,0.54768,-0.81866,-0.17268,0.00523,-0.41466,-0.00068,-0.40552,
1641629243131385344,0.37057,-0.07665,0.19106,0.53654,-0.82347,-0.18367,0.01714,-0.44357,-0.05232,-0.37315,
1641629243181385216,0.34669,-0.07906,0.17261,0.52034,-0.82977,-0.19861,0.03585,-0.46681,-0.09522,-0.31746,
1641629243231385344,0.32327,-0.08483,0.15713,0.50801,-0.83222,-0.21513,0.05528,-0.46765,-0.13686,-0.24054,
1641629243281385216,0.30050,-0.09300,0.14679,0.50383,-0.83003,-0.22857,0.07047,-0.46627,-0.14834,-0.12315,
1641629243331385088,0.27836,-0.10137,0.14336,0.50700,-0.82491,-0.23460,0.08631,-0.45314,-0.15097,0.00470,
1641629243381385216,0.25679,-0.10945,0.14676,0.50977,-0.81912,-0.24104,0.10525,-0.42667,-0.14683,0.13591,
1641629243431385344,0.23638,-0.11680,0.15659,0.51804,-0.81007,-0.24481,0.12447,-0.39758,-0.12460,0.25911,
1641629243481385216,0.21792,-0.12299,0.17248,0.53064,-0.79967,-0.24396,0.13936,-0.34644,-0.10254,0.37733,
1641629243531385088,0.20244,-0.12795,0.19378,0.54958,-0.78652,-0.23788,0.15088,-0.27896,-0.08646,0.47318,
1641629243581385216,0.19090,-0.13196,0.21910,0.57030,-0.77184,-0.23020,0.16135,-0.20389,-0.06809,0.53685,
1641629243631385344,0.18276,-0.13485,0.24676,0.58875,-0.75943,-0.21802,0.17061,-0.13120,-0.04893,0.56699,
1641629243681385216,0.17863,-0.13648,0.27518,0.60402,-0.74916,-0.20333,0.18047,-0.05629,-0.02814,0.55893,
1641629243731385344,0.17868,-0.13652,0.30245,0.61700,-0.74137,-0.18547,0.18786,0.02295,-0.01002,0.52296,
1641629243781385216,0.18256,-0.13633,0.32705,0.63123,-0.73387,-0.16301,0.19080,0.09210,0.00195,0.44936,
1641629243831385088,0.18982,-0.13516,0.34684,0.64307,-0.72901,-0.14397,0.18511,0.15289,0.00252,0.34446,
1641629243881385216,0.20017,-0.13398,0.36105,0.65348,-0.72553,-0.12585,0.17532,0.20766,-0.01044,0.22337,
1641629243931385344,0.21282,-0.13271,0.36914,0.66035,-0.72454,-0.11093,0.16333,0.24128,-0.01220,0.11215,
1641629243981385216,0.22782,-0.13052,0.37218,0.66503,-0.72511,-0.09586,0.15088,0.27633,-0.00217,0.02725,
1641629244031385088,0.24391,-0.12802,0.37108,0.66707,-0.72813,-0.07691,0.13758,0.30194,0.01430,-0.05308,
1641629244081385216,0.26064,-0.12470,0.36593,0.66537,-0.73368,-0.05883,0.12466,0.31570,0.03685,-0.12583,
1641629244131385344,0.27790,-0.12111,0.35725,0.65973,-0.74229,-0.04251,0.10933,0.32982,0.06121,-0.19052,
1641629244181385216,0.29577,-0.11739,0.34611,0.65262,-0.75169,-0.02735,0.09117,0.34677,0.07498,-0.22919,
1641629244231385344,0.31385,-0.11284,0.33334,0.64267,-0.76277,-0.01173,0.07087,0.35034,0.06874,-0.25162,
1641629244281385216,0.33180,-0.10889,0.32004,0.63302,-0.77259,0.00035,0.04885,0.34732,0.04401,-0.23637,
1641629244331385088,0.34852,-0.10600,0.30784,0.62394,-0.78093,0.01231,0.02641,0.32564,0.01120,-0.19578,
1641629244381385216,0.36371,-0.10552,0.29888,0.61623,-0.78722,0.02285,0.00527,0.28540,-0.01963,-0.13094,
1641629244431385344,0.37700,-0.10728,0.29429,0.61162,-0.79050,0.02872,-0.01428,0.23432,-0.03830,-0.03992,
1641629244481385216,0.38751,-0.10992,0.29512,0.60864,-0.79217,0.03374,-0.02984,0.17007,-0.04090,0.07635,
1641629244531385088,0.39469,-0.11234,0.30196,0.61013,-0.79047,0.03497,-0.04098,0.09044,-0.04235,0.19633,
1641629244581385216,0.39793,-0.11486,0.31370,0.61451,-0.78672,0.03023,-0.05031,-0.00692,-0.04164,0.28062,
1641629244631385344,0.39663,-0.11837,0.32886,0.61924,-0.78291,0.01639,-0.05772,-0.10600,-0.06269,0.33439,
1641629244681385216,0.39044,-0.12275,0.34551,0.62830,-0.77543,-0.00142,-0.06280,-0.20149,-0.07718,0.34075,
1641629244731385344,0.38059,-0.12860,0.36125,0.63711,-0.76778,-0.02281,-0.06392,-0.27991,-0.08185,0.30663,
1641629244781385216,0.36732,-0.13393,0.37397,0.64321,-0.76206,-0.04532,-0.05918,-0.33551,-0.06240,0.22978,
1641629244831386368,0.35300,-0.13783,0.38217,0.64709,-0.75756,-0.06802,-0.05248,-0.35962,-0.01961,0.13977,
1641629244881385216,0.33895,-0.13991,0.38600,0.65046,-0.75288,-0.08834,-0.04762,-0.36112,0.02226,0.06665,
1641629244931385344,0.32536,-0.14064,0.38716,0.65320,-0.74923,-0.10255,-0.03824,-0.35302,0.04900,0.00682,
1641629244981385216,0.30968,-0.13930,0.38540,0.65158,-0.74962,-0.11372,-0.02401,-0.34435,0.06843,-0.07238,
1641629245031386112,0.29303,-0.13607,0.37976,0.64720,-0.75232,-0.12278,-0.00870,-0.33836,0.08465,-0.15357,
1641629245081385216,0.27651,-0.13263,0.37023,0.64019,-0.75723,-0.12940,0.00360,-0.32963,0.07412,-0.22652,
1641629245131385344,0.26057,-0.13028,0.35811,0.63056,-0.76360,-0.13826,0.01383,-0.31955,0.04249,-0.24791,
1641629245181385216,0.24509,-0.12951,0.34629,0.62167,-0.76916,-0.14543,0.02768,-0.31321,-0.00184,-0.22041,
1641629245231385344,0.23016,-0.13050,0.33593,0.61232,-0.77448,-0.15226,0.04538,-0.30842,-0.02968,-0.16988,
1641629245281385216,0.21571,-0.13242,0.32808,0.60437,-0.77798,-0.15868,0.06552,-0.30671,-0.03819,-0.11770,
1641629245331385088,0.20167,-0.13460,0.32322,0.59690,-0.78057,-0.16599,0.08288,-0.29963,-0.03992,-0.04163,
1641629245381385216,0.18827,-0.13635,0.32297,0.59317,-0.77983,-0.17434,0.09808,-0.28061,-0.04617,0.06132,
1641629245431385344,0.17627,-0.13849,0.32799,0.59576,-0.77435,-0.18095,0.11274,-0.24986,-0.05942,0.16320,
1641629245481386240,0.16571,-0.14121,0.33795,0.60308,-0.76531,-0.18621,0.12614,-0.21454,-0.06383,0.24866,
1641629245531385088,0.15682,-0.14410,0.35168,0.61168,-0.75527,-0.19046,0.13834,-0.17475,-0.06013,0.31150,
1641629245581385216,0.14972,-0.14655,0.36769,0.62070,-0.74474,-0.19333,0.15069,-0.13239,-0.04472,0.33784,
1641629245631385344,0.14474,-0.14817,0.38425,0.62989,-0.73501,-0.19492,0.15811,-0.08368,-0.01575,0.32732,
1641629245681385216,0.14226,-0.14839,0.39971,0.64315,-0.72448,-0.19097,0.15816,-0.03790,0.02063,0.28422,
1641629245731385344,0.14174,-0.14683,0.41257,0.65477,-0.71686,-0.18654,0.15030,-0.00113,0.06465,0.22982,
1641629245781385216,0.14362,-0.14364,0.42326,0.66149,-0.71466,-0.17779,0.14172,0.05175,0.08237,0.18539,
1641629245831385088,0.14795,-0.14038,0.43138,0.66594,-0.71416,-0.16651,0.13703,0.09338,0.09445,0.13171,
1641629245881385216,0.15399,-0.13685,0.43696,0.66815,-0.71602,-0.15404,0.13099,0.12390,0.10971,0.08803,
1641629245931386112,0.16175,-0.13286,0.44037,0.67012,-0.71913,-0.13872,0.12062,0.15722,0.11800,0.03936,
1641629245981385216,0.17163,-0.12848,0.44100,0.67405,-0.72142,-0.12258,0.10089,0.19982,0.12684,-0.01954,
1641629246031385088,0.18353,-0.12448,0.43867,0.67895,-0.72334,-0.10196,0.07360,0.23991,0.12021,-0.07434,
1641629246081385216,0.19715,-0.12092,0.43411,0.68283,-0.72462,-0.08164,0.04467,0.26757,0.11021,-0.10548,
1641629246131389184,0.21198,-0.11777,0.42839,0.68324,-0.72774,-0.05645,0.01954,0.28638,0.09464,-0.12434,
1641629246181385216,0.22756,-0.11594,0.42096,0.67875,-0.73358,-0.03401,0.00052,0.30565,0.04754,-0.15680,
1641629246231385344,0.24380,-0.11598,0.41273,0.67402,-0.73849,-0.01455,-0.01082,0.31817,0.02425,-0.16239,
1641629246281385216,0.26041,-0.11582,0.40384,0.66930,-0.74265,0.00493,-0.02217,0.33214,0.02981,-0.18286,
1641629246331385088,0.27741,-0.11460,0.39414,0.66351,-0.74684,0.02726,-0.03527,0.33987,0.04794,-0.20262,
1641629246381385216,0.29485,-0.11272,0.38340,0.65405,-0.75351,0.04612,-0.04809,0.35154,0.04860,-0.21960,
1641629246431385344,0.31276,-0.11121,0.37257,0.64332,-0.76062,0.06603,-0.05686,0.35787,0.02723,-0.21636,
1641629246481385216,0.33104,-0.11096,0.36250,0.63280,-0.76690,0.08554,-0.06413,0.36512,-0.00229,-0.18141,
1641629246531385088,0.34928,-0.11206,0.35505,0.62408,-0.77063,0.11143,-0.06505,0.35864,-0.02922,-0.12646,
1641629246581385216,0.36719,-0.11431,0.35022,0.61811,-0.77235,0.13064,-0.06599,0.35867,-0.04854,-0.06566,
1641629246631385344,0.38516,-0.11644,0.34900,0.61412,-0.77068,0.15199,-0.07620,0.36027,-0.03659,0.01314,
1641629246681385216,0.40293,-0.11856,0.35097,0.61285,-0.76634,0.16653,-0.09697,0.34886,-0.04136,0.06733,
1641629246731385344,0.41978,-0.12059,0.35617,0.61317,-0.76031,0.18184,-0.11345,0.32708,-0.04288,0.14493,
1641629246781385216,0.43509,-0.12296,0.36456,0.61630,-0.75253,0.19531,-0.12539,0.28209,-0.04134,0.19032,
1641629246831385088,0.44819,-0.12458,0.37470,0.61870,-0.74730,0.20047,-0.13627,0.23464,-0.01131,0.22593,
1641629246881385216,0.45907,-0.12517,0.38660,0.61779,-0.74573,0.19967,-0.14954,0.19463,0.00792,0.25863,
1641629246931385344,0.46830,-0.12542,0.40009,0.61625,-0.74447,0.19623,-0.16580,0.16374,0.00499,0.29188,
1641629246981385216,0.47641,-0.12638,0.41512,0.61948,-0.73841,0.19486,-0.18173,0.14327,-0.01332,0.31593,
1641629247031385088,0.48344,-0.12785,0.43042,0.62578,-0.72875,0.19649,-0.19675,0.12033,-0.02051,0.30177,
1641629247081386240,0.48897,-0.12909,0.44445,0.62962,-0.72204,0.19757,-0.20786,0.09056,-0.02613,0.26164,
1641629247131385344,0.49288,-0.13099,0.45569,0.63381,-0.71709,0.19650,-0.21323,0.06404,-0.02921,0.18319,
1641629247181385216,0.49536,-0.13244,0.46211,0.63564,-0.71456,0.19529,-0.21732,0.03829,-0.02221,0.07674,
1641629247231385344,0.49640,-0.13366,0.46334,0.63619,-0.71463,0.19396,-0.21667,0.02411,-0.01125,-0.02296,
1641629247281386240,0.49724,-0.13359,0.45972,0.63603,-0.71637,0.19611,-0.20934,0.00748,0.00887,-0.11975,
1641629247331385088,0.49726,-0.13217,0.45151,0.63279,-0.72176,0.20132,-0.19523,-0.01665,0.04109,-0.20939,
1641629247381385216,0.49487,-0.12844,0.43861,0.62889,-0.72830,0.20698,-0.17676,-0.07642,0.08534,-0.30580,
1641629247431385344,0.48818,-0.12315,0.42168,0.62307,-0.73805,0.20651,-0.15627,-0.14321,0.13233,-0.35557,
1641629247481385216,0.47837,-0.11596,0.40341,0.61643,-0.75005,0.19919,-0.13329,-0.21139,0.15219,-0.36830,
1641629247531385088,0.46563,-0.10809,0.38538,0.60979,-0.76157,0.18765,-0.11384,-0.26832,0.15999,-0.35146,
1641629247581385216,0.45078,-0.10008,0.36888,0.60317,-0.77295,0.16917,-0.10060,-0.29521,0.15955,-0.30454,
1641629247631385344,0.43548,-0.09194,0.35554,0.59712,-0.78275,0.15220,-0.08712,-0.29512,0.16469,-0.23407,
1641629247681385216,0.42034,-0.08411,0.34633,0.59128,-0.79179,0.13533,-0.07167,-0.28839,0.14600,-0.12978,
1641629247731385344,0.40610,-0.07680,0.34243,0.58760,-0.79872,0.11866,-0.05195,-0.27617,0.13389,-0.02539,
1641629247781385216,0.39265,-0.07086,0.34420,0.58983,-0.80028,0.10252,-0.03389,-0.25056,0.09470,0.09575,
1641629247831385088,0.38117,-0.06705,0.35194,0.59805,-0.79636,0.08855,-0.01752,-0.20452,0.05758,0.21116,
1641629247881385216,0.37241,-0.06489,0.36518,0.61072,-0.78799,0.07793,-0.00418,-0.14417,0.02669,0.31577,
1641629247931385344,0.36684,-0.06434,0.38287,0.62481,-0.77756,0.07044,0.00763,-0.07101,-0.00315,0.38995,
1641629247981385216,0.36483,-0.06527,0.40347,0.63861,-0.76655,0.06539,0.01746,-0.00183,-0.03269,0.43021,
1641629248031385088,0.36604,-0.06737,0.42531,0.65046,-0.75653,0.06272,0.02509,0.06711,-0.04531,0.44386,
1641629248081385216,0.37040,-0.07034,0.44726,0.66132,-0.74658,0.06509,0.03232,0.12384,-0.07544,0.42991,
1641629248131385344,0.37712,-0.07467,0.46792,0.67300,-0.73526,0.07009,0.03954,0.17183,-0.09518,0.39374,
1641629248181385216,0.38586,-0.07953,0.48590,0.68422,-0.72361,0.07953,0.04374,0.20752,-0.10044,0.32047,
1641629248231386112,0.39611,-0.08473,0.49956,0.69276,-0.71418,0.09039,0.04321,0.23619,-0.10640,0.22570,
1641629248281385216,0.40766,-0.09014,0.50836,0.69882,-0.70674,0.10272,0.04021,0.25326,-0.11493,0.11836,
1641629248331385088,0.41973,-0.09613,0.51147,0.70299,-0.70102,0.11520,0.03326,0.25995,-0.12963,0.00139,
1641629248381385216,0.43236,-0.10255,0.50920,0.70273,-0.69964,0.12611,0.02764,0.25970,-0.13167,-0.09983,
1641629248431386112,0.44513,-0.10905,0.50224,0.69949,-0.70107,0.13714,0.02006,0.25971,-0.12845,-0.18135,
1641629248481385216,0.45786,-0.11552,0.49198,0.69366,-0.70467,0.14884,0.01122,0.25649,-0.13266,-0.23656,
1641629248531385088,0.47032,-0.12195,0.47956,0.68692,-0.70871,0.16084,0.00136,0.25022,-0.13306,-0.27491,
1641629248581385216,0.48232,-0.12804,0.46538,0.67812,-0.71482,0.17067,-0.00726,0.23956,-0.12811,-0.30498,
1641629248631385344,0.49376,-0.13440,0.44959,0.66676,-0.72311,0.17977,-0.01525,0.22557,-0.12185,-0.33221,
1641629248681385216,0.50454,-0.14011,0.43257,0.65412,-0.73228,0.18814,-0.02224,0.21077,-0.10911,-0.34986,
1641629248731385344,0.51451,-0.14531,0.41462,0.64082,-0.74203,0.19482,-0.02804,0.19300,-0.10839,-0.36601,
1641629248781386240,0.52364,-0.15048,0.39637,0.62835,-0.75148,0.19869,-0.03128,0.18173,-0.11294,-0.35498,
1641629248831386368,0.53239,-0.15602,0.37960,0.61783,-0.75917,0.20247,-0.03086,0.17517,-0.11271,-0.31146,
1641629248881385216,0.54087,-0.16128,0.36564,0.60933,-0.76495,0.20592,-0.03415,0.17050,-0.10892,-0.24245,
1641629248931385344,0.54887,-0.16618,0.35582,0.60022,-0.77081,0.20923,-0.04257,0.16295,-0.10069,-0.14514,
1641629248981385216,0.55615,-0.17130,0.35189,0.59212,-0.77558,0.21180,-0.05490,0.14130,-0.12165,-0.00739,
1641629249031385088,0.56183,-0.17795,0.35509,0.59223,-0.77380,0.21290,-0.07189,0.10122,-0.15273,0.13112,
1641629249081385216,0.56547,-0.18538,0.36451,0.59853,-0.76771,0.21085,-0.08904,0.06713,-0.15786,0.23470,
1641629249131385344,0.56742,-0.19242,0.37818,0.60648,-0.76047,0.20717,-0.10466,0.03511,-0.14429,0.30026,
1641629249181385216,0.56751,-0.19857,0.39435,0.61488,-0.75338,0.20106,-0.11794,-0.00289,-0.13078,0.33507,
1641629249231385344,0.56578,-0.20368,0.41186,0.62432,-0.74575,0.19299,-0.12979,-0.03605,-0.11628,0.35193,
1641629249281385216,0.56238,-0.20704,0.42995,0.63485,-0.73665,0.18525,-0.14138,-0.06824,-0.10124,0.34823,
1641629249331385088,0.55754,-0.20999,0.44724,0.64533,-0.72797,0.17717,-0.14907,-0.09981,-0.08766,0.31603,
1641629249381385216,0.55135,-0.21196,0.46162,0.65501,-0.72078,0.16929,-0.15094,-0.12161,-0.05787,0.23455,
1641629249431385344,0.54450,-0.21229,0.47087,0.66049,-0.71775,0.16238,-0.14906,-0.13905,-0.01280,0.12086,
1641629249481385216,0.53659,-0.21082,0.47379,0.66263,-0.71768,0.15394,-0.14883,-0.16837,0.01944,-0.01067,
1641629249531385088,0.52767,-0.20797,0.47021,0.66093,-0.72179,0.14227,-0.14814,-0.18396,0.04383,-0.13313,
1641629249581385216,0.51863,-0.20440,0.46119,0.65626,-0.72904,0.13069,-0.14402,-0.17598,0.05778,-0.22214,
1641629249631385344,0.51015,-0.19999,0.44875,0.64880,-0.73888,0.12321,-0.13394,-0.16656,0.07700,-0.27941,
1641629249681385216,0.50163,-0.19477,0.43378,0.63954,-0.74995,0.11818,-0.12079,-0.17741,0.08770,-0.32388,
1641629249731385344,0.49177,-0.18987,0.41723,0.62810,-0.76305,0.11123,-0.10429,-0.22114,0.06984,-0.34415,
1641629249781385216,0.47922,-0.18659,0.39994,0.61893,-0.77457,0.09930,-0.08429,-0.27540,0.03915,-0.35128,
1641629249831385088,0.46407,-0.18444,0.38262,0.61061,-0.78470,0.08379,-0.06623,-0.32548,0.02015,-0.34322,
1641629249881385216,0.44647,-0.18376,0.36654,0.60566,-0.79145,0.06734,-0.04750,-0.37394,-0.01707,-0.30928,
1641629249931385344,0.42652,-0.18500,0.35191,0.60140,-0.79710,0.04698,-0.02718,-0.41346,-0.05186,-0.28272,
1641629249981385216,0.40485,-0.18802,0.33836,0.59882,-0.80050,0.02426,-0.00520,-0.44288,-0.08149,-0.27272,
1641629250031385088,0.38204,-0.19222,0.32481,0.59224,-0.80565,-0.00167,0.01312,-0.46167,-0.10387,-0.27001,
1641629250081385216,0.35883,-0.19803,0.31149,0.58348,-0.81094,-0.03051,0.03159,-0.46252,-0.13710,-0.26129,
1641629250131385344,0.33603,-0.20546,0.29932,0.57412,-0.81503,-0.05776,0.05268,-0.44801,-0.16315,-0.22429,
1641629250181385216,0.31408,-0.21423,0.28875,0.56696,-0.81638,-0.08042,0.07484,-0.43067,-0.18421,-0.19936,
1641629250231386112,0.29273,-0.22362,0.27949,0.55825,-0.81771,-0.10072,0.09781,-0.42465,-0.19013,-0.17418,
1641629250281385216,0.27134,-0.23344,0.27144,0.54969,-0.81804,-0.11863,0.12074,-0.42819,-0.20735,-0.15286,
1641629250331385088,0.24965,-0.24440,0.26465,0.53934,-0.81797,-0.13970,0.14322,-0.43462,-0.23185,-0.12183,
1641629250381385216,0.22785,-0.25656,0.25959,0.52715,-0.81744,-0.16337,0.16497,-0.43312,-0.25739,-0.08284,
1641629250431385344,0.20661,-0.27009,0.25665,0.51692,-0.81406,-0.18874,0.18567,-0.41684,-0.28208,-0.03263,
1641629250481385216,0.18645,-0.28429,0.25653,0.50904,-0.80805,-0.21342,0.20585,-0.38985,-0.28410,0.02985,
1641629250531385088,0.16772,-0.29833,0.25957,0.50549,-0.79978,-0.23565,0.22202,-0.35996,-0.27056,0.09417,
1641629250581385216,0.15065,-0.31138,0.26647,0.50471,-0.79117,-0.25377,0.23434,-0.32242,-0.25339,0.18406,
1641629250631385344,0.13589,-0.32378,0.27777,0.50653,-0.78071,-0.26932,0.24778,-0.26809,-0.24560,0.27154,
1641629250681385216,0.12392,-0.33568,0.29339,0.51127,-0.76727,-0.28307,0.26414,-0.21438,-0.23869,0.34760,
1641629250731385344,0.11440,-0.34727,0.31221,0.51860,-0.75181,-0.29543,0.28029,-0.16403,-0.23297,0.39911,
1641629250781385216,0.10746,-0.35852,0.33274,0.52934,-0.73476,-0.30619,0.29355,-0.11335,-0.22018,0.42428,
1641629250831385088,0.10314,-0.36869,0.35434,0.54077,-0.71874,-0.31316,0.30481,-0.05728,-0.20061,0.43545,
1641629250881385216,0.10163,-0.37780,0.37577,0.55235,-0.70374,-0.31722,0.31469,-0.00343,-0.17959,0.42260,
1641629250931386112,0.10293,-0.38547,0.39634,0.56194,-0.69104,-0.31884,0.32407,0.05143,-0.14088,0.40261,
1641629250981386240,0.10673,-0.39125,0.41519,0.57066,-0.68174,-0.31636,0.33089,0.09835,-0.10665,0.35494,
1641629251031385088,0.11258,-0.39505,0.43154,0.57972,-0.67466,-0.31092,0.33479,0.14197,-0.06722,0.30276,
1641629251081385216,0.12054,-0.39679,0.44491,0.58946,-0.67031,-0.30067,0.33589,0.17721,-0.03374,0.23305,
1641629251131386368,0.13066,-0.39708,0.45454,0.59758,-0.66818,-0.28859,0.33637,0.21541,-0.01134,0.15191,
1641629251181385216,0.14270,-0.39589,0.45971,0.60235,-0.66859,-0.27672,0.33702,0.23975,0.00998,0.05948,
1641629251231385344,0.15577,-0.39374,0.46033,0.60373,-0.67218,-0.26393,0.33767,0.25764,0.02866,-0.02995,
1641629251281385216,0.16929,-0.39044,0.45638,0.60397,-0.67766,-0.25016,0.33677,0.26292,0.04561,-0.11247,
1641629251331385088,0.18280,-0.38599,0.44859,0.60085,-0.68507,-0.23763,0.33644,0.26226,0.05762,-0.19101,
1641629251381385216,0.19600,-0.38078,0.43668,0.59560,-0.69478,-0.22763,0.33277,0.27029,0.07183,-0.26739,
1641629251431385344,0.20968,-0.37439,0.42172,0.58732,-0.70787,-0.21626,0.32742,0.29252,0.08439,-0.30344,
1641629251481385216,0.22504,-0.36854,0.40557,0.58042,-0.72038,-0.19897,0.32338,0.33321,0.06064,-0.32945,
1641629251531385088,0.24238,-0.36471,0.38921,0.57563,-0.73083,-0.18055,0.31929,0.36150,0.04126,-0.31718,
1641629251581385216,0.26089,-0.36222,0.37400,0.56672,-0.74201,-0.16245,0.31916,0.37005,0.01312,-0.30895,
1641629251631385344,0.27919,-0.36138,0.35932,0.55505,-0.75434,-0.15269,0.31555,0.34975,-0.03162,-0.29702,
1641629251681385216,0.29629,-0.36286,0.34553,0.54717,-0.76351,-0.15115,0.30790,0.31693,-0.07809,-0.28505,
1641629251731385344,0.31203,-0.36641,0.33270,0.54391,-0.77187,-0.16136,0.28696,0.29603,-0.12640,-0.22835,
1641629251781385216,0.32733,-0.37253,0.32455,0.54730,-0.77463,-0.16878,0.26820,0.29998,-0.17517,-0.11261,
1641629251831386368,0.34281,-0.38000,0.32189,0.54374,-0.77949,-0.17653,0.25611,0.30883,-0.19199,-0.01119,
1641629251881389056,0.35839,-0.38846,0.32357,0.54339,-0.77997,-0.18599,0.24856,0.30068,-0.18651,0.06603,
1641629251931387136,0.37313,-0.39658,0.32806,0.54491,-0.77916,-0.19492,0.24078,0.27117,-0.17662,0.10914,
1641629251981385216,0.38553,-0.40563,0.33372,0.54624,-0.77741,-0.20592,0.23420,0.21857,-0.19094,0.11809,
1641629252031385088,0.39517,-0.41363,0.33900,0.54660,-0.77249,-0.22484,0.23223,0.12932,-0.18492,0.10608,
1641629252081385216,0.39899,-0.42284,0.34372,0.54198,-0.76902,-0.24570,0.23343,0.01659,-0.18011,0.08158,
1641629252131385344,0.39828,-0.42974,0.34606,0.53854,-0.76279,-0.26520,0.24042,-0.09177,-0.17324,0.03119,
1641629252181385216,0.39223,-0.43616,0.34525,0.53160,-0.75607,-0.28628,0.25260,-0.19774,-0.16333,-0.03637,
1641629252231385344,0.38137,-0.44175,0.34092,0.52285,-0.74917,-0.30645,0.26734,-0.28280,-0.15219,-0.09605,
1641629252281385216,0.36693,-0.44663,0.33396,0.51156,-0.74247,-0.32656,0.28356,-0.34476,-0.13610,-0.13967,
1641629252331385088,0.35012,-0.45173,0.32557,-0.49680,0.73769,0.34612,-0.29867,-0.38137,-0.14605,-0.15323,
1641629252381385216,0.33209,-0.45792,0.31722,-0.48289,0.72956,0.36704,-0.31598,-0.39642,-0.16629,-0.15071,
1641629252431385344,0.31407,-0.46528,0.30921,-0.46910,0.71723,0.39103,-0.33561,-0.39638,-0.18222,-0.13525,
1641629252481385216,0.29421,-0.47378,0.30265,-0.45367,0.70305,0.41604,-0.35611,-0.39569,-0.20253,-0.11092,
1641629252531385088,0.27405,-0.48334,0.29753,-0.43585,0.68759,0.44227,-0.37638,-0.38281,-0.22235,-0.07908,
1641629252581385216,0.25488,-0.49354,0.29404,-0.42034,0.66866,0.46810,-0.39634,-0.35743,-0.23236,-0.04187,
1641629252631385344,0.23710,-0.50414,0.29312,-0.40532,0.64939,0.49311,-0.41333,-0.31836,-0.24001,0.00916,
1641629252681385216,0.22190,-0.51521,0.29524,-0.39242,0.62733,0.51767,-0.42952,-0.26489,-0.24078,0.08384,
1641629252731385344,0.20964,-0.52645,0.30137,-0.38165,0.60341,0.53820,-0.44786,-0.21000,-0.23358,0.16330,
1641629252781386240,0.20037,-0.53719,0.31122,-0.37081,0.58036,0.55855,-0.46228,-0.14518,-0.21919,0.23175,
1641629252831385088,0.19447,-0.54643,0.32420,-0.36689,0.55540,0.57745,-0.47274,-0.07647,-0.18827,0.29025,
1641629252881385216,0.19169,-0.55377,0.34014,-0.37022,0.52932,0.59279,-0.48099,-0.01623,-0.14755,0.34530,
1641629252931385344,0.19153,-0.55874,0.35865,-0.37611,0.50552,0.60317,-0.48906,0.03426,-0.10473,0.39403,
1641629252981385216,0.19362,-0.56150,0.37935,-0.38007,0.48502,0.60702,-0.50183,0.07232,-0.06170,0.43391,
1641629253031385088,0.19772,-0.56249,0.40139,-0.37793,0.46766,0.60877,-0.51755,0.10091,-0.01145,0.44873,
1641629253081385216,0.20284,-0.56023,0.42358,-0.37296,0.45286,0.60930,-0.53346,0.11644,0.04156,0.43974,
1641629253131385344,0.20895,-0.55551,0.44472,-0.37009,0.43908,0.60768,-0.54860,0.13067,0.08980,0.40959,
1641629253181385216,0.21563,-0.54906,0.46413,-0.37232,0.43005,0.60308,-0.55922,0.14286,0.13374,0.37080,
1641629253231385344,0.22329,-0.54077,0.48166,-0.37982,0.42642,0.59451,-0.56609,0.16211,0.17194,0.33323,
1641629253281385216,0.23200,-0.53093,0.49744,-0.38855,0.43002,0.58125,-0.57120,0.18983,0.20247,0.29933,
1641629253331385088,0.24253,-0.51973,0.51087,0.39863,-0.43782,-0.56502,0.57459,0.22656,0.21518,0.23946,
1641629253381385216,0.25463,-0.50866,0.52154,0.41426,-0.44658,-0.54430,0.57679,0.26918,0.20851,0.19047,
1641629253431386112,0.26865,-0.49804,0.52947,0.42744,-0.45585,-0.52337,0.57929,0.29067,0.19636,0.12670,
1641629253481385216,0.28330,-0.48854,0.53442,0.44098,-0.46660,-0.50570,0.57627,0.30043,0.17275,0.07207,
1641629253531385088,0.29850,-0.48047,0.53636,0.45616,-0.47802,-0.48730,0.57093,0.30321,0.14742,-0.00223,
1641629253581385216,0.31365,-0.47378,0.53457,0.47064,-0.49028,-0.47268,0.56099,0.29837,0.12672,-0.07523,
1641629253631386368,0.32820,-0.46786,0.52910,0.48004,-0.50475,-0.45689,0.55321,0.27483,0.11428,-0.14893,
1641629253681385216,0.34157,-0.46258,0.52023,0.48005,-0.52462,-0.44386,0.54527,0.25217,0.10253,-0.21640,
1641629253731385344,0.35442,-0.45820,0.50821,-0.47739,0.54445,0.43226,-0.53743,0.23893,0.08612,-0.27533,
1641629253781385216,0.36651,-0.45447,0.49422,-0.47523,0.56371,0.41903,-0.52991,0.22787,0.07182,-0.30173,
1641629253831385088,0.37832,-0.45141,0.47906,-0.47139,0.58291,0.40559,-0.52297,0.23509,0.05147,-0.32214,
1641629253881385216,0.39082,-0.44923,0.46297,-0.46691,0.59915,0.39390,-0.51755,0.24425,0.03883,-0.33363,
1641629253931386112,0.40319,-0.44704,0.44720,-0.46260,0.61355,0.38384,-0.51208,0.23234,0.04190,-0.31097,
1641629253981385216,0.41496,-0.44486,0.43264,-0.45780,0.63078,0.37172,-0.50435,0.22420,0.04083,-0.28171,
1641629254031385088,0.42661,-0.44322,0.41911,-0.45201,0.64929,0.36286,-0.49238,0.23261,0.03033,-0.26144,
1641629254081385216,0.43883,-0.44188,0.40718,-0.45079,0.66667,0.35614,-0.47487,0.24543,0.02655,-0.21385,
1641629254131385344,0.45183,-0.44072,0.39827,-0.45467,0.68340,0.34724,-0.45350,0.26498,0.01910,-0.13713,
1641629254181385216,0.46613,-0.44042,0.39394,-0.45892,0.69747,0.33588,-0.43603,0.30159,-0.00546,-0.03689,
1641629254231385344,0.48124,-0.44172,0.39406,-0.46357,0.70532,0.32708,-0.42502,0.31838,-0.04178,0.04522,
1641629254281385216,0.49671,-0.44508,0.39800,-0.46986,0.70998,0.32291,-0.41339,0.30591,-0.06918,0.12339,
1641629254331385088,0.51112,-0.44968,0.40584,-0.47974,0.71341,0.31934,-0.39865,0.28085,-0.08723,0.19997,
1641629254381385216,0.52400,-0.45512,0.41705,-0.49252,0.71296,0.31977,-0.38322,0.24557,-0.10116,0.26672,
1641629254431386112,0.53468,-0.46086,0.43118,0.50707,-0.70914,-0.32201,0.36920,0.19548,-0.10687,0.31569,
1641629254481385216,0.54254,-0.46640,0.44698,0.52049,-0.70271,-0.32697,0.35829,0.13173,-0.09803,0.33562,
1641629254531385088,0.54725,-0.47094,0.46256,0.53091,-0.69630,-0.33386,0.34905,0.05631,-0.07732,0.30697,
1641629254581385216,0.54816,-0.47430,0.47646,0.53851,-0.69102,-0.34167,0.34023,-0.01884,-0.05865,0.24834,
1641629254631385344,0.54524,-0.47720,0.48721,0.54236,-0.68820,-0.34828,0.33306,-0.09184,-0.05044,0.17217,
1641629254681386240,0.53914,-0.48003,0.49351,0.54622,-0.68509,-0.35150,0.32976,-0.15301,-0.05545,0.06825,
1641629254731385344,0.52972,-0.48288,0.49385,0.54456,-0.68280,-0.35723,0.33109,-0.21059,-0.06163,-0.05627,
1641629254781385216,0.51790,-0.48601,0.48810,0.53687,-0.68294,-0.36725,0.33240,-0.26001,-0.06802,-0.17270,
1641629254831385088,0.50341,-0.48911,0.47738,0.53112,-0.68219,-0.37499,0.33452,-0.30379,-0.06329,-0.26009,
1641629254881385216,0.48669,-0.49165,0.46295,0.51960,-0.68601,-0.38123,0.33774,-0.33311,-0.05866,-0.32532,
1641629254931385344,0.46974,-0.49428,0.44595,0.50612,-0.68974,-0.38639,0.34469,-0.33255,-0.06439,-0.36405,
1641629254981385216,0.45275,-0.49727,0.42742,-0.49048,0.69269,0.39215,-0.35472,-0.32348,-0.08011,-0.37803,
1641629255031386112,0.43581,-0.50111,0.40849,-0.47459,0.69461,0.39597,-0.36809,-0.32274,-0.10075,-0.38054,
1641629255081385216,0.41892,-0.50654,0.38942,-0.45857,0.69568,0.40465,-0.37684,-0.30845,-0.14138,-0.36504,
1641629255131385344,0.40300,-0.51388,0.37132,-0.44531,0.69387,0.41554,-0.38414,-0.30117,-0.17751,-0.33805,
1641629255181385216,0.38736,-0.52284,0.35574,-0.43294,0.69166,0.42694,-0.38973,-0.29396,-0.20880,-0.28311,
1641629255231385344,0.37202,-0.53396,0.34306,-0.41899,0.68910,0.44227,-0.39242,-0.27492,-0.24083,-0.23080,
1641629255281385216,0.35761,-0.54587,0.33384,-0.40988,0.68226,0.45808,-0.39582,-0.26618,-0.25666,-0.14127,
1641629255331385088,0.34412,-0.55856,0.32892,-0.39876,0.67432,0.47473,-0.40115,-0.23702,-0.26563,-0.05625,
1641629255381385216,0.33267,-0.57117,0.32871,-0.38659,0.66372,0.49089,-0.41117,-0.20151,-0.26184,0.04617,
1641629255431385344,0.32264,-0.58307,0.33372,-0.37499,0.64894,0.50663,-0.42613,-0.16221,-0.23842,0.15333,
1641629255481385216,0.31495,-0.59368,0.34419,-0.36720,0.63428,0.51682,-0.44244,-0.10802,-0.20667,0.25764,
1641629255531385088,0.31063,-0.60282,0.35940,-0.36852,0.61687,0.52227,-0.45923,-0.04319,-0.16319,0.34723,
1641629255581385216,0.30902,-0.60893,0.37870,-0.37773,0.59938,0.52230,-0.47462,0.01470,-0.10507,0.41487,
1641629255631385344,0.30954,-0.61177,0.40066,-0.39495,0.58512,0.51379,-0.48751,0.04993,-0.03794,0.44727,
1641629255681385216,0.31197,-0.61127,0.42278,-0.41666,0.57970,0.49798,-0.49230,0.07910,0.02548,0.41460,
1641629255731385344,0.31610,-0.60816,0.44196,-0.44305,0.58149,0.47748,-0.48743,0.09884,0.09057,0.34484,
1641629255781385216,0.32103,-0.60207,0.45634,-0.47027,0.59352,0.45159,-0.47185,0.11430,0.14001,0.22720,
1641629255831385088,0.32689,-0.59394,0.46457,-0.49702,0.61038,0.42396,-0.44795,0.14052,0.16788,0.09838,
1641629255891385344,0.33661,-0.58382,0.46540,0.52434,-0.63000,-0.39483,0.41507,0.18807,0.17554,-0.06483,
1641629255931385344,0.34398,-0.57670,0.46100,0.54277,-0.64169,-0.37389,0.39223,0.19228,0.18949,-0.15562,
1641629255981385216,0.35351,-0.56691,0.45130,0.55731,-0.66209,-0.34558,0.36279,0.20771,0.20644,-0.22151,
1641629256031385088,0.36422,-0.55667,0.43872,0.55800,-0.68668,-0.31648,0.34199,0.23719,0.20150,-0.28575,
1641629256081385216,0.37660,-0.54685,0.42350,0.55507,-0.70715,-0.29084,0.32748,0.26830,0.20083,-0.31659,
1641629256131385344,0.38988,-0.53662,0.40642,0.55080,-0.72676,-0.26240,0.31557,0.27226,0.21375,-0.37376,
1641629256181385216,0.40318,-0.52555,0.38647,0.54598,-0.74813,-0.23643,0.29380,0.28167,0.22632,-0.41815,
1641629256231385344,0.41712,-0.51438,0.36471,0.54391,-0.76838,-0.20956,0.26426,0.29578,0.21954,-0.43618,
1641629256281385216,0.43160,-0.50395,0.34345,0.54444,-0.78401,-0.18010,0.23767,0.30958,0.19339,-0.41374,
1641629256331385088,0.44656,-0.49572,0.32282,0.54186,-0.79618,-0.16168,0.21529,0.32744,0.13963,-0.38764,
1641629256381385216,0.46209,-0.48974,0.30417,0.54081,-0.80508,-0.14308,0.19725,0.33487,0.10378,-0.34750,
1641629256431385344,0.47802,-0.48595,0.28792,0.54705,-0.80983,-0.12682,0.16977,0.33903,0.06205,-0.28654,
1641629256481385216,0.49376,-0.48354,0.27509,0.55609,-0.81293,-0.11424,0.12982,0.32992,0.04317,-0.20737,
1641629256531385088,0.50938,-0.48206,0.26751,0.56228,-0.81541,-0.10065,0.09388,0.32784,0.02461,-0.08142,
1641629256581385216,0.52468,-0.48226,0.26626,0.56169,-0.81905,-0.09349,0.07012,0.33756,-0.02314,0.05011,
1641629256631385344,0.54041,-0.48411,0.27200,0.56596,-0.81808,-0.08539,0.05609,0.33813,-0.04361,0.18771,
1641629256681385216,0.55605,-0.48687,0.28393,0.57685,-0.81249,-0.07373,0.04069,0.32058,-0.05284,0.29631,
1641629256731385344,0.57018,-0.49024,0.30100,0.59077,-0.80429,-0.05968,0.02325,0.28018,-0.07983,0.39067,
1641629256781385216,0.58177,-0.49470,0.32224,0.60650,-0.79344,-0.05046,0.00812,0.22029,-0.10153,0.45843,
1641629256831385088,0.58979,-0.50039,0.34599,0.62294,-0.78102,-0.04410,-0.00261,0.14654,-0.11597,0.48001,
1641629256881385216,0.59421,-0.50607,0.36937,0.63951,-0.76754,-0.04093,-0.01484,0.07437,-0.11646,0.45332,
1641629256931385344,0.59469,-0.51128,0.39119,0.65451,-0.75459,-0.03801,-0.02759,0.00279,-0.10214,0.39806,
1641629256981385216,0.59117,-0.51547,0.40950,0.66757,-0.74263,-0.03716,-0.03830,-0.05358,-0.07892,0.31431,
1641629257031385088,0.58493,-0.51765,0.42294,0.67477,-0.73587,-0.03737,-0.04237,-0.09822,-0.03499,0.19978,
1641629257081386240,0.57747,-0.51781,0.42951,0.67678,-0.73396,-0.03701,-0.04375,-0.13818,0.00485,0.06368,
1641629257131385344,0.56909,-0.51667,0.42865,0.67296,-0.73755,-0.03998,-0.03942,-0.17625,0.02206,-0.09288,
1641629257181385216,0.55967,-0.51512,0.42013,0.66514,-0.74442,-0.04988,-0.03076,-0.20735,0.03448,-0.23859,
1641629257231385344,0.54754,-0.51180,0.40437,0.65307,-0.75447,-0.06245,-0.01918,-0.22959,0.06140,-0.35057,
1641629257281385216,0.53423,-0.50777,0.38441,0.63701,-0.76756,-0.07059,-0.00938,-0.26083,0.07195,-0.41923,
1641629257331385088,0.51916,-0.50495,0.36224,0.61945,-0.78076,-0.08147,0.00736,-0.28998,0.01643,-0.43613,
1641629257381385216,0.50276,-0.50535,0.34057,0.60047,-0.79275,-0.09903,0.03420,-0.31915,-0.04429,-0.39303,
1641629257431385344,0.48511,-0.50885,0.32144,0.58656,-0.79901,-0.11799,0.06003,-0.34489,-0.10123,-0.32755,
1641629257481385216,0.46687,-0.51401,0.30663,0.57950,-0.80002,-0.13508,0.07676,-0.35938,-0.12294,-0.22792,
1641629257531385088,0.44852,-0.52028,0.29750,0.57537,-0.79817,-0.15296,0.09205,-0.35523,-0.15846,-0.11885,
1641629257581385216,0.43107,-0.52780,0.29395,0.57113,-0.79447,-0.17598,0.10795,-0.32578,-0.17121,-0.01498,
1641629257631385344,0.41499,-0.53550,0.29616,0.56751,-0.79081,-0.19655,0.11800,-0.28558,-0.16011,0.09725,
1641629257681385216,0.40202,-0.54389,0.30417,0.56955,-0.78444,-0.21292,0.12219,-0.21123,-0.19458,0.22311,
1641629257731385344,0.39301,-0.55405,0.31816,0.57851,-0.77306,-0.22679,0.12750,-0.13169,-0.22598,0.33059,
1641629257781385216,0.38804,-0.56563,0.33646,0.59036,-0.76041,-0.23656,0.13154,-0.05171,-0.24679,0.39299,
1641629257831385088,0.38713,-0.57837,0.35659,0.60183,-0.74997,-0.24026,0.13271,0.03029,-0.26628,0.40180,
1641629257881385216,0.39021,-0.59205,0.37634,0.61111,-0.74256,-0.23802,0.13596,0.09889,-0.27672,0.38493,
1641629257931385344,0.39601,-0.60653,0.39422,0.61796,-0.73752,-0.23241,0.14205,0.14611,-0.29406,0.32584,
1641629257981385216,0.40358,-0.62190,0.40825,0.62521,-0.73317,-0.22678,0.14194,0.17231,-0.29795,0.25185,
1641629258031385088,0.41215,-0.63820,0.41881,0.62918,-0.73288,-0.21943,0.13734,0.19580,-0.31780,0.18366,
1641629258081385216,0.42220,-0.65635,0.42630,0.63264,-0.73219,-0.21544,0.13130,0.22104,-0.34264,0.12329,
1641629258131385344,0.43343,-0.67459,0.43118,0.63558,-0.73129,-0.21342,0.12528,0.23589,-0.32279,0.08225,
1641629258181386240,0.44580,-0.69001,0.43466,0.63863,-0.73192,-0.20528,0.11960,0.25381,-0.29977,0.05335,
1641629258231385344,0.45890,-0.70597,0.43643,0.64188,-0.73249,-0.19562,0.11481,0.26479,-0.27766,0.03274,
1641629258281386240,0.47225,-0.72084,0.43807,0.64433,-0.73342,-0.18330,0.11548,0.26904,-0.27410,0.02251,
1641629258331387392,0.48501,-0.73432,0.43848,0.64527,-0.73437,-0.17481,0.11731,0.24626,-0.23623,0.00496,
1641629258381385216,0.49638,-0.74633,0.43842,0.64655,-0.73594,-0.16322,0.11716,0.21587,-0.22378,-0.02341,
1641629258431385344,0.50643,-0.75638,0.43675,0.64983,-0.73579,-0.15318,0.11346,0.17985,-0.18567,-0.03172,
1641629258481385216,0.51418,-0.76468,0.43485,0.65257,-0.73663,-0.13997,0.10925,0.12891,-0.12983,-0.05640,
1641629258531385088,0.51957,-0.77056,0.43179,0.65143,-0.74015,-0.13138,0.10273,0.07807,-0.09281,-0.07189,
1641629258581385216,0.52254,-0.77364,0.42809,0.65078,-0.74133,-0.12785,0.10286,0.01828,-0.03147,-0.08540,
1641629258631386368,0.52286,-0.77249,0.42381,0.64850,-0.74325,-0.12806,0.10307,-0.03739,0.04067,-0.08247,
1641629258681387264,0.51998,-0.76866,0.41996,0.64786,-0.74363,-0.12932,0.10280,-0.08974,0.11706,-0.08026,
1641629258731387136,0.51465,-0.76150,0.41592,0.64694,-0.74372,-0.13360,0.10252,-0.13238,0.17212,-0.08156,
1641629258781386240,0.50707,-0.75154,0.41186,0.64705,-0.74185,-0.13968,0.10716,-0.17014,0.22867,-0.08046,
1641629258831385088,0.49758,-0.73846,0.40733,0.64526,-0.74054,-0.14832,0.11503,-0.20615,0.29392,-0.09155,
1641629258881386240,0.48924,-0.72125,0.40315,0.64224,-0.74019,-0.15707,0.12234,-0.22961,0.34869,-0.09902,
1641629258931385344,0.48132,-0.70173,0.39913,0.63713,-0.74058,-0.16737,0.13266,-0.24108,0.39392,-0.09953,
1641629258981385216,0.47426,-0.68104,0.39551,0.62951,-0.74352,-0.17637,0.14063,-0.24174,0.41918,-0.10595,
1641629259031385088,0.46782,-0.65972,0.39172,0.62410,-0.74483,-0.18414,0.14770,-0.24075,0.43327,-0.10975,
1641629259081385216,0.45828,-0.63521,0.38617,0.61469,-0.74944,-0.19330,0.15206,-0.24650,0.46370,-0.14389,
1641629259131385344,0.44727,-0.60855,0.37912,0.60587,-0.75571,-0.19844,0.14981,-0.23715,0.47018,-0.15378,
1641629259181385216,0.43613,-0.58171,0.37121,0.59664,-0.76308,-0.20207,0.14455,-0.22438,0.46223,-0.18317,
1641629259231385344,0.42637,-0.55614,0.36263,0.58891,-0.76960,-0.20343,0.13970,-0.19574,0.43852,-0.19296,
1641629259281386240,0.41676,-0.53381,0.35214,0.58323,-0.77578,-0.20258,0.13024,-0.19281,0.42468,-0.22556,
1641629259331385088,0.40715,-0.51315,0.34034,0.57395,-0.78510,-0.19852,0.12160,-0.19554,0.39398,-0.26546,
1641629259381385216,0.39724,-0.49525,0.32676,0.56395,-0.79439,-0.19501,0.11344,-0.20126,0.31341,-0.26908,
1641629259431385344,0.38695,-0.48235,0.31357,0.55434,-0.80099,-0.19455,0.11523,-0.21653,0.20446,-0.25805,
1641629259481385216,0.37600,-0.47497,0.30181,0.54821,-0.80292,-0.19738,0.12581,-0.22589,0.09622,-0.20537,
1641629259531385088,0.36431,-0.47234,0.29301,0.54104,-0.80395,-0.20160,0.14242,-0.24599,0.01127,-0.14433,
1641629259581385216,0.35161,-0.47328,0.28775,0.53256,-0.80676,-0.20616,0.15169,-0.26197,-0.06215,-0.05749,
1641629259631385344,0.33916,-0.47891,0.28735,0.52924,-0.80449,-0.21565,0.16182,-0.23926,-0.16526,0.05125,
1641629259681385216,0.32882,-0.48891,0.29246,0.52756,-0.79776,-0.23124,0.17828,-0.17678,-0.23247,0.14893,
1641629259731385344,0.32228,-0.50056,0.30121,0.52473,-0.79226,-0.24597,0.19099,-0.08628,-0.24432,0.20672,
1641629259781385216,0.32124,-0.51274,0.31224,0.52764,-0.78589,-0.25345,0.19933,0.03835,-0.27229,0.23969,
1641629259831385088,0.32604,-0.52639,0.32473,0.53440,-0.77617,-0.26051,0.21002,0.15275,-0.29386,0.26645,
1641629259881385216,0.33556,-0.54030,0.33769,0.53843,-0.76715,-0.26726,0.22393,0.23276,-0.27246,0.26270,
1641629259931385344,0.34861,-0.55278,0.35043,0.54151,-0.76104,-0.27162,0.23194,0.30674,-0.23181,0.27356,
1641629259981387264,0.36527,-0.56319,0.36410,0.54687,-0.75622,-0.27052,0.23638,0.38221,-0.17961,0.29644,
1641629260031385088,0.38535,-0.57105,0.37861,0.55734,-0.75214,-0.25958,0.23724,0.44484,-0.12938,0.29330,
1641629260081385216,0.40810,-0.57697,0.39150,0.56838,-0.74961,-0.24220,0.23742,0.48654,-0.09531,0.22479,
1641629260131385344,0.43263,-0.58106,0.39974,0.57658,-0.74866,-0.22288,0.23955,0.50773,-0.05724,0.09573,
1641629260181385216,0.45758,-0.58226,0.40024,0.58129,-0.75254,-0.20196,0.23451,0.49665,0.00196,-0.07604,
1641629260231385344,0.48239,-0.58085,0.39240,0.58278,-0.76267,-0.17643,0.21813,0.49887,0.04930,-0.22923,
1641629260281386240,0.50762,-0.57765,0.37830,0.57546,-0.77869,-0.14858,0.20104,0.51869,0.06700,-0.32403,
1641629260331385088,0.53381,-0.57404,0.36031,0.56268,-0.79567,-0.11871,0.19028,0.53212,0.06117,-0.38648,
1641629260381385216,0.56049,-0.57121,0.34027,0.54649,-0.81210,-0.08671,0.18524,0.53507,0.03717,-0.40620,
1641629260431385344,0.58663,-0.56934,0.32022,0.52993,-0.82744,-0.05728,0.17674,0.51357,0.02221,-0.36905,
1641629260481385216,0.61140,-0.56893,0.30461,0.52117,-0.83826,-0.02768,0.15790,0.47908,-0.02406,-0.23946,
1641629260531385088,0.63391,-0.57181,0.29764,0.52294,-0.84250,-0.00313,0.12931,0.42440,-0.09605,-0.02991,
1641629260581385216,0.65354,-0.57757,0.30144,0.53151,-0.84040,0.01053,0.10544,0.36089,-0.12556,0.18220,
1641629260631385344,0.67009,-0.58364,0.31561,0.54310,-0.83511,0.02054,0.08485,0.30078,-0.11338,0.37699,
1641629260681385216,0.68343,-0.58897,0.33808,0.55678,-0.82759,0.02744,0.06584,0.22597,-0.09778,0.51623,
1641629260731385344,0.69265,-0.59377,0.36650,0.57411,-0.81678,0.03153,0.04769,0.13203,-0.09398,0.61851,
1641629260781385216,0.69659,-0.59880,0.39881,0.59390,-0.80325,0.03084,0.03340,0.01852,-0.10276,0.66518,
1641629260831385088,0.69467,-0.60373,0.43186,0.61353,-0.78896,0.02532,0.02205,-0.09798,-0.08998,0.64918,
1641629260881385216,0.68677,-0.60789,0.46275,0.63029,-0.77615,0.01457,0.01092,-0.20726,-0.07131,0.57838,
1641629260931386112,0.67443,-0.61073,0.48911,0.64250,-0.76628,-0.00032,0.00136,-0.29035,-0.03752,0.47006,
1641629260981385216,0.65817,-0.61168,0.50884,0.65083,-0.75902,-0.01665,-0.00599,-0.35347,-0.01657,0.31719,
1641629261031385088,0.63927,-0.61189,0.52014,0.65402,-0.75565,-0.03508,-0.00426,-0.39563,-0.00969,0.13760,
1641629261081385216,0.61843,-0.61173,0.52207,0.65112,-0.75686,-0.05656,0.00390,-0.43241,-0.01437,-0.04834,
1641629261131385344,0.59593,-0.61184,0.51506,0.64440,-0.76020,-0.08168,0.01324,-0.44808,-0.02265,-0.21257,
1641629261181385216,0.57318,-0.61249,0.50107,0.63434,-0.76541,-0.10635,0.02117,-0.44280,-0.02932,-0.32113,
1641629261231385344,0.55063,-0.61351,0.48282,0.62256,-0.77149,-0.12653,0.03487,-0.42863,-0.04302,-0.39680,
1641629261281385216,0.52842,-0.61571,0.46138,0.60643,-0.77963,-0.14579,0.05626,-0.42546,-0.06968,-0.45728,
1641629261331385088,0.50601,-0.61873,0.43624,0.58492,-0.78988,-0.16872,0.07410,-0.43053,-0.08060,-0.52634,
1641629261381385216,0.48370,-0.62313,0.40856,0.56363,-0.79873,-0.19247,0.08549,-0.41931,-0.13365,-0.54758,
1641629261431385344,0.46275,-0.63078,0.38051,0.54583,-0.80404,-0.21686,0.09255,-0.39686,-0.19099,-0.53381,
1641629261481385216,0.44361,-0.64172,0.35464,0.52760,-0.80811,-0.24001,0.10483,-0.36010,-0.24318,-0.48825,
1641629261531385088,0.42587,-0.65413,0.33195,0.50616,-0.81325,-0.26113,0.11928,-0.32847,-0.26382,-0.41754,
1641629261581385216,0.40988,-0.66702,0.31284,-0.49149,0.81496,0.27609,-0.13438,-0.29758,-0.25911,-0.34465,
1641629261631385344,0.39488,-0.67941,0.29831,-0.47581,0.81774,0.28623,-0.15161,-0.28551,-0.25497,-0.24213,
1641629261681385216,0.38100,-0.69160,0.28915,-0.46278,0.81731,0.29898,-0.16864,-0.25916,-0.24073,-0.11179,
1641629261731385344,0.36912,-0.70247,0.28776,-0.45435,0.81332,0.31206,-0.18626,-0.20490,-0.19826,0.06571,
1641629261781385216,0.36102,-0.71074,0.29661,-0.45594,0.80604,0.32080,-0.19878,-0.11182,-0.13265,0.29569,
1641629261831385088,0.35845,-0.71629,0.31684,-0.47011,0.79594,0.31930,-0.20861,0.01228,-0.09034,0.50668,
1641629261881385216,0.36253,-0.71999,0.34623,-0.49107,0.78223,0.31444,-0.21932,0.14579,-0.06470,0.65616,
1641629261931385344,0.37292,-0.72223,0.38131,0.51474,-0.76835,-0.30443,0.22804,0.26429,-0.02614,0.73600,
1641629261981385216,0.38902,-0.72176,0.41810,0.54300,-0.75499,-0.28684,0.22993,0.36288,-0.00973,0.73010,
1641629262031385088,0.40925,-0.72123,0.45356,0.57082,-0.74259,-0.26741,0.22629,0.43616,-0.00293,0.68401,
1641629262081385216,0.43249,-0.72112,0.48541,0.59577,-0.73163,-0.24936,0.21817,0.49099,0.00204,0.59306,
1641629262131385344,0.45803,-0.72129,0.51231,0.61730,-0.72229,-0.23183,0.20853,0.53551,0.02102,0.48349,
1641629262181385216,0.48507,-0.71955,0.53298,0.63374,-0.71782,-0.21191,0.19545,0.56675,0.06629,0.34727,
1641629262231385344,0.51357,-0.71539,0.54693,0.64404,-0.71967,-0.18703,0.17973,0.59838,0.09756,0.21007,
1641629262281385216,0.54359,-0.70999,0.55374,0.64819,-0.72625,-0.16034,0.16342,0.63094,0.10441,0.06642,
1641629262331385088,0.57511,-0.70437,0.55342,0.64734,-0.73605,-0.13264,0.14696,0.65431,0.09709,-0.07249,
1641629262381385216,0.60770,-0.69896,0.54620,0.64542,-0.74587,-0.10438,0.12734,0.67362,0.07937,-0.20026,
1641629262431385344,0.64113,-0.69473,0.53376,0.63944,-0.75747,-0.07516,0.10818,0.69380,0.05562,-0.28235,
1641629262481385216,0.67541,-0.69205,0.51768,0.63241,-0.76853,-0.04061,0.08813,0.70296,0.02931,-0.35166,
1641629262531385088,0.71012,-0.69165,0.49898,0.62304,-0.77935,-0.00286,0.06651,0.70091,-0.04121,-0.37793,
1641629262581385216,0.74374,-0.69437,0.47949,0.61446,-0.78672,0.03462,0.04821,0.66151,-0.10111,-0.37843,
1641629262631387136,0.77515,-0.70025,0.46089,0.60730,-0.79081,0.06788,0.03464,0.61892,-0.16288,-0.33048,
1641629262681385216,0.80396,-0.70811,0.44525,0.59972,-0.79395,0.09846,0.01721,0.56561,-0.18188,-0.26375,
1641629262731385344,0.83011,-0.71685,0.43385,0.59150,-0.79629,0.12652,-0.00541,0.52090,-0.19436,-0.15435,
1641629262781385216,0.85310,-0.72619,0.42838,0.58462,-0.79746,0.14719,-0.02478,0.46690,-0.19222,-0.01483,
1641629262831385088,0.87358,-0.73541,0.43044,0.58181,-0.79610,0.16161,-0.03993,0.41997,-0.17716,0.13428,
1641629262881385216,0.89202,-0.74384,0.43959,0.58277,-0.79211,0.17232,-0.05701,0.37066,-0.15258,0.26627,
1641629262931385344,0.90826,-0.75135,0.45541,0.58747,-0.78544,0.18075,-0.07280,0.30750,-0.14091,0.38491,
1641629262981385216,0.92080,-0.75792,0.47627,0.59573,-0.77689,0.18462,-0.08638,0.22476,-0.13237,0.46451,
1641629263031385088,0.92970,-0.76437,0.50062,0.60646,-0.76732,0.18385,-0.09806,0.14696,-0.11761,0.51912,
1641629263081385216,0.93461,-0.76979,0.52691,0.61893,-0.75611,0.18200,-0.10999,0.07735,-0.09416,0.54050,
1641629263131385344,0.93538,-0.77295,0.55386,0.63109,-0.74466,0.18030,-0.12122,0.01687,-0.07051,0.53984,
1641629263181385216,0.93378,-0.77471,0.57956,0.64044,-0.73659,0.17640,-0.12710,-0.03474,-0.03495,0.50127,
1641629263231385344,0.93016,-0.77515,0.60259,0.64830,-0.73073,0.16930,-0.13069,-0.07997,-0.00986,0.43624,
1641629263281385216,0.92439,-0.77403,0.62214,0.65671,-0.72345,0.16111,-0.13927,-0.12121,0.00043,0.36219,
1641629263331385088,0.91599,-0.77175,0.63787,0.66293,-0.71815,0.15291,-0.14632,-0.16029,0.00181,0.28249,
1641629263381385216,0.90586,-0.77027,0.64911,0.66803,-0.71493,0.14329,-0.14857,-0.19949,-0.00921,0.18287,
1641629263431385344,0.89376,-0.76954,0.65456,0.67291,-0.71282,0.13031,-0.14867,-0.22719,-0.01895,0.05874,
1641629263481385216,0.88124,-0.76870,0.65399,0.67629,-0.71243,0.11688,-0.14633,-0.21470,0.00808,-0.04844,
1641629263531387392,0.86896,-0.76530,0.64763,0.67439,-0.71536,0.10894,-0.14695,-0.19971,0.04027,-0.15053,
1641629263581385216,0.85812,-0.76102,0.63757,0.67069,-0.72034,0.10303,-0.14376,-0.19071,0.05996,-0.21411,
1641629263631385344,0.84766,-0.75722,0.62473,0.66531,-0.72839,0.09730,-0.13170,-0.19448,0.07140,-0.28374,
1641629263681385216,0.83730,-0.75276,0.60881,0.65712,-0.73901,0.09203,-0.11655,-0.19869,0.09310,-0.33617,
1641629263731385344,0.82670,-0.74786,0.59011,0.64748,-0.75025,0.08729,-0.10137,-0.20410,0.09157,-0.39165,
1641629263781385216,0.81680,-0.74385,0.56919,0.63722,-0.76122,0.08247,-0.08772,-0.17096,0.06946,-0.42024,
1641629263831385088,0.80967,-0.73994,0.54796,0.62709,-0.77082,0.08367,-0.07477,-0.10491,0.06491,-0.42086,
1641629263891385344,0.80579,-0.73635,0.52307,0.61359,-0.78194,0.09235,-0.05950,-0.01366,0.04140,-0.41357,
1641629263931386112,0.80622,-0.73457,0.50670,0.60277,-0.79003,0.09942,-0.05142,0.04283,0.02235,-0.40428,
1641629263981385216,0.80991,-0.73394,0.48761,0.59061,-0.79794,0.11020,-0.04838,0.11761,-0.01173,-0.35857,
1641629264031385088,0.81718,-0.73490,0.47145,0.58060,-0.80284,0.12447,-0.05346,0.18362,-0.03395,-0.28553,
1641629264081385216,0.82772,-0.73740,0.45993,0.57171,-0.80630,0.13841,-0.06221,0.24412,-0.07094,-0.17171,
1641629264131385344,0.84121,-0.74163,0.45451,0.56585,-0.80748,0.15185,-0.06879,0.29548,-0.10361,-0.04359,
1641629264181385216,0.85703,-0.74704,0.45593,0.56495,-0.80389,0.16969,-0.07611,0.32473,-0.11267,0.09801,
1641629264231385344,0.87280,-0.75266,0.46421,0.56810,-0.79682,0.18702,-0.08581,0.29118,-0.11286,0.23533,
1641629264281385216,0.88612,-0.75811,0.47946,0.57492,-0.78894,0.19591,-0.09310,0.23143,-0.10581,0.37164,
1641629264331385088,0.89610,-0.76315,0.50073,0.58766,-0.77744,0.19987,-0.10150,0.15794,-0.09937,0.47505,
1641629264381385216,0.90219,-0.76799,0.52587,0.60329,-0.76457,0.19739,-0.11184,0.07782,-0.08435,0.52842,
1641629264431385344,0.90485,-0.77170,0.55243,0.61867,-0.75309,0.18773,-0.12191,0.02961,-0.05516,0.53495,
1641629264481385216,0.90621,-0.77379,0.57820,0.63051,-0.74360,0.17991,-0.13093,0.01322,-0.00684,0.49773,
1641629264531385088,0.90659,-0.77385,0.60051,0.63914,-0.73510,0.17675,-0.14104,-0.01738,0.03723,0.39783,
1641629264581385216,0.90483,-0.77224,0.61730,0.64304,-0.73139,0.17165,-0.14867,-0.07814,0.06483,0.28039,
1641629264631385344,0.89954,-0.76937,0.62767,0.64667,-0.73009,0.16224,-0.14987,-0.15295,0.06511,0.13748,
1641629264681385216,0.89090,-0.76549,0.63029,0.65046,-0.73048,0.14950,-0.14477,-0.21012,0.09964,-0.03056,
1641629264731385344,0.87956,-0.75893,0.62444,0.64792,-0.73574,0.13730,-0.14155,-0.25411,0.14963,-0.18725,
1641629264781385216,0.86595,-0.75103,0.61227,0.64371,-0.74271,0.12513,-0.13550,-0.30772,0.15821,-0.28362,
1641629264831385088,0.84917,-0.74350,0.59650,0.63978,-0.75139,0.10761,-0.12045,-0.36267,0.14370,-0.33654,
1641629264881385216,0.82972,-0.73646,0.57895,0.63304,-0.76263,0.08830,-0.09926,-0.40842,0.13722,-0.36189,
1641629264931385344,0.80768,-0.73055,0.56037,0.62660,-0.77271,0.06368,-0.07889,-0.46188,0.09782,-0.37105,
1641629264981385216,0.78339,-0.72643,0.54199,0.62174,-0.78034,0.03380,-0.05800,-0.49622,0.07166,-0.34912,
1641629265031385088,0.75757,-0.72369,0.52500,0.61951,-0.78425,0.00687,-0.03335,-0.53566,0.03982,-0.32261,
1641629265081385216,0.73011,-0.72159,0.50895,0.61426,-0.78873,-0.02292,-0.00782,-0.56506,0.04491,-0.30251,
1641629265141385216,0.69515,-0.71860,0.49145,0.60551,-0.79371,-0.05566,0.01691,-0.59688,0.04963,-0.28783,
1641629265181385216,0.67075,-0.71719,0.48048,0.59623,-0.79829,-0.07908,0.03161,-0.60870,0.01533,-0.26833,
1641629265231385344,0.63994,-0.71801,0.46746,0.58406,-0.80188,-0.11286,0.05592,-0.61388,-0.04151,-0.26394,
1641629265281385216,0.60924,-0.72144,0.45478,0.57279,-0.80243,-0.14799,0.07820,-0.60413,-0.09571,-0.24465,
1641629265331388160,0.57946,-0.72786,0.44290,0.56285,-0.79914,-0.18408,0.10340,-0.57956,-0.15114,-0.23391,
1641629265391385344,0.54616,-0.73824,0.43069,0.54847,-0.79333,-0.22460,0.13912,-0.52333,-0.19222,-0.17540,
1641629265431385344,0.52577,-0.74649,0.42416,0.53890,-0.78750,-0.24864,0.16615,-0.49118,-0.21146,-0.15746,
1641629265481385216,0.50217,-0.75742,0.41744,0.52389,-0.78128,-0.27546,0.19815,-0.45079,-0.21993,-0.11093,
1641629265531385088,0.48029,-0.76890,0.41264,0.50947,-0.77420,-0.29703,0.22984,-0.42142,-0.23907,-0.08827,
1641629265581385216,0.46007,-0.78158,0.40941,-0.49355,0.76624,0.31918,-0.25964,-0.38337,-0.27074,-0.04139,
1641629265631385344,0.44202,-0.79643,0.40811,-0.47879,0.75293,0.34476,-0.29155,-0.33880,-0.31354,-0.01168,
1641629265681385216,0.42638,-0.81288,0.40839,-0.46279,0.73649,0.37331,-0.32257,-0.28664,-0.33260,0.03058,
1641629265731385344,0.41351,-0.83009,0.41066,-0.44727,0.71871,0.39891,-0.35252,-0.23035,-0.34144,0.07015,
1641629265781385216,0.40350,-0.84723,0.41517,-0.43273,0.70067,0.42007,-0.38124,-0.17340,-0.32903,0.11911,
1641629265831385088,0.39611,-0.86365,0.42214,-0.41828,0.68338,0.43858,-0.40705,-0.11890,-0.30850,0.17377,
1641629265881385216,0.39183,-0.87916,0.43206,-0.40757,0.66517,0.45552,-0.42889,-0.05148,-0.28335,0.24326,
1641629265931385344,0.39139,-0.89344,0.44576,-0.40630,0.64456,0.46805,-0.44765,0.03070,-0.24962,0.31699,
1641629265981385216,0.39447,-0.90581,0.46309,-0.41252,0.62216,0.47787,-0.46302,0.08268,-0.18682,0.39490,
1641629266031385088,0.39948,-0.91496,0.48385,-0.42259,0.60264,0.48446,-0.47280,0.11468,-0.12831,0.44354,
1641629266081386240,0.40563,-0.92209,0.50619,-0.43600,0.58606,0.48957,-0.47619,0.12946,-0.06968,0.46511,
1641629266131385344,0.41225,-0.92618,0.52902,-0.45181,0.57412,0.49249,-0.47297,0.13033,-0.00715,0.46635,
1641629266181385216,0.41849,-0.92695,0.55170,-0.46894,0.56759,0.49137,-0.46529,0.12822,0.06222,0.44863,
1641629266231385344,0.42500,-0.92283,0.57305,-0.48450,0.56445,0.48627,-0.45847,0.13958,0.13562,0.41081,
1641629266281385216,0.43199,-0.91519,0.59142,0.50197,-0.56346,-0.47582,0.45181,0.15157,0.19429,0.32804,
1641629266331385088,0.43956,-0.90461,0.60583,0.51598,-0.56700,-0.46268,0.44520,0.16419,0.25010,0.24255,
1641629266381385216,0.44735,-0.89097,0.61500,0.52683,-0.57585,-0.44678,0.43730,0.14990,0.30420,0.12189,
1641629266431385344,0.45503,-0.87498,0.61857,0.53351,-0.59077,-0.42684,0.42915,0.17025,0.33992,0.01177,
1641629266481385216,0.46353,-0.85775,0.61584,0.53464,-0.60671,-0.40577,0.42593,0.16863,0.35225,-0.12950,
1641629266531385088,0.47191,-0.84057,0.60605,0.52819,-0.62661,-0.38493,0.42451,0.15683,0.33431,-0.27158,
1641629266581386240,0.47925,-0.82456,0.58929,0.51639,-0.64767,-0.36884,0.42168,0.13427,0.30777,-0.39791,
1641629266631385344,0.48666,-0.81042,0.56784,0.50441,-0.66658,-0.35204,0.42107,0.13497,0.26373,-0.47987,
1641629266681385216,0.49398,-0.79863,0.54282,-0.49455,0.68399,0.33455,-0.41912,0.13583,0.21090,-0.53081,
1641629266731385344,0.50209,-0.78958,0.51629,-0.48151,0.70102,0.32021,-0.41734,0.15196,0.16227,-0.54424,
1641629266781385216,0.51156,-0.78191,0.49017,-0.46753,0.71807,0.30539,-0.41536,0.19385,0.14201,-0.51652,
1641629266831385088,0.52372,-0.77483,0.46568,-0.45926,0.73430,0.28770,-0.40879,0.24186,0.13253,-0.46867,
1641629266881385216,0.53810,-0.76832,0.44483,-0.45950,0.75062,0.26667,-0.39282,0.30227,0.12536,-0.37365,
1641629266931385344,0.55519,-0.76174,0.42928,-0.46302,0.76921,0.24544,-0.36564,0.36130,0.12943,-0.24255,
1641629266981385216,0.57633,-0.75595,0.42136,-0.47194,0.78442,0.22023,-0.33683,0.45610,0.09387,-0.08220,
1641629267031385088,0.60099,-0.75187,0.42103,-0.48515,0.79226,0.19857,-0.31230,0.51378,0.06953,0.06588,
1641629267081385216,0.62744,-0.74854,0.42723,0.50285,-0.79614,-0.17606,0.28688,0.53439,0.07689,0.18087,
1641629267131385344,0.65427,-0.74487,0.43871,0.51903,-0.80066,-0.15228,0.25762,0.54573,0.06788,0.27461,
1641629267181385216,0.68203,-0.74273,0.45402,0.53370,-0.80264,-0.13170,0.23151,0.56489,0.02103,0.34065,
1641629267241385216,0.71560,-0.74269,0.47560,0.55447,-0.79824,-0.11040,0.20782,0.54295,-0.00239,0.36867,
1641629267281385216,0.73678,-0.74302,0.49042,0.56630,-0.79782,-0.09494,0.18379,0.52047,-0.00336,0.38352,
1641629267331385088,0.76234,-0.74422,0.51014,0.58087,-0.79802,-0.06908,0.14484,0.50712,-0.04908,0.41132,
1641629267381385216,0.78789,-0.74842,0.53110,0.59497,-0.79606,-0.04121,0.10291,0.48789,-0.10807,0.43928,
1641629267431385344,0.81194,-0.75486,0.55299,0.60514,-0.79338,-0.01515,0.06415,0.44958,-0.13451,0.44519,
1641629267481385216,0.83394,-0.76197,0.57494,0.61425,-0.78856,0.01217,0.02668,0.40180,-0.14147,0.43583,
1641629267531385088,0.85255,-0.76906,0.59593,0.62097,-0.78280,0.03883,-0.01084,0.33375,-0.13601,0.40280,
1641629267581385216,0.86721,-0.77626,0.61523,0.62839,-0.77411,0.06147,-0.04579,0.24871,-0.14047,0.36448,
1641629267631385344,0.87746,-0.78263,0.63216,0.63400,-0.76605,0.07516,-0.07461,0.17221,-0.10168,0.31217,
1641629267681385216,0.88392,-0.78690,0.64662,0.63664,-0.75987,0.08440,-0.10085,0.11095,-0.06295,0.26278,
1641629267731385344,0.88680,-0.78952,0.65802,0.63674,-0.75554,0.09077,-0.12443,0.05930,-0.04887,0.19772,
1641629267781385216,0.88799,-0.79228,0.66629,0.63934,-0.74949,0.09553,-0.14278,0.02616,-0.05176,0.13578,
1641629267831385088,0.88709,-0.79533,0.67050,0.64482,-0.74161,0.10162,-0.15458,-0.00109,-0.05884,0.03803,
1641629267881388288,0.88582,-0.79884,0.66877,0.64826,-0.73755,0.10478,-0.15746,0.00177,-0.04813,-0.08775,
1641629267931385344,0.88495,-0.80107,0.66052,0.64761,-0.73715,0.11130,-0.15758,0.02721,-0.01854,-0.20355,
1641629267981385216,0.88648,-0.80059,0.64717,0.64326,-0.73873,0.12194,-0.16010,0.05537,0.01247,-0.30560,
1641629268041385216,0.89017,-0.79941,0.62648,0.63603,-0.74322,0.13592,-0.15688,0.05554,0.03396,-0.38765,
1641629268081385216,0.89147,-0.79930,0.60902,0.62874,-0.74956,0.14485,-0.14788,0.04967,0.06285,-0.44264,
1641629268131385344,0.89198,-0.79666,0.58510,0.61708,-0.75897,0.15743,-0.13561,0.01554,0.09946,-0.48178,
1641629268181385216,0.89034,-0.79242,0.56032,0.60549,-0.76901,0.16687,-0.11896,-0.04658,0.12348,-0.47948,
1641629268241385216,0.88307,-0.78614,0.53213,0.59636,-0.77953,0.16765,-0.09265,-0.15766,0.13758,-0.42760,
1641629268291385088,0.87247,-0.78001,0.51224,0.58952,-0.78892,0.15811,-0.07130,-0.22716,0.17233,-0.34081,
1641629268331385088,0.86231,-0.77366,0.50026,0.58477,-0.79487,0.15002,-0.06097,-0.26564,0.19619,-0.24559,
1641629268381385216,0.84833,-0.76484,0.49145,0.58083,-0.80083,0.13730,-0.04947,-0.28687,0.18972,-0.10173,
1641629268431385344,0.83398,-0.75685,0.49029,0.58091,-0.80419,0.12007,-0.03757,-0.28027,0.16055,0.05673,
1641629268491385344,0.81887,-0.74909,0.49975,0.58753,-0.80268,0.09902,-0.02669,-0.22332,0.10885,0.25400,
1641629268531385088,0.81120,-0.74583,0.51233,0.59660,-0.79734,0.08838,-0.02247,-0.16697,0.06819,0.36746,
1641629268581385216,0.80491,-0.74412,0.53328,0.61151,-0.78709,0.07890,-0.01801,-0.08939,0.01628,0.46029,
1641629268631385344,0.80242,-0.74468,0.55763,0.62748,-0.77507,0.07234,-0.01743,-0.01108,-0.03074,0.50336,
1641629268681385216,0.80386,-0.74730,0.58306,0.64321,-0.76211,0.07136,-0.01961,0.06624,-0.06742,0.50199,
1641629268731385344,0.80873,-0.75182,0.60719,0.65722,-0.74964,0.07480,-0.02258,0.12843,-0.10308,0.45435,
1641629268781385216,0.81650,-0.75760,0.62833,0.66947,-0.73773,0.08324,-0.02543,0.17528,-0.12652,0.37422,
1641629268831385088,0.82609,-0.76419,0.64390,0.67961,-0.72661,0.09615,-0.03047,0.20374,-0.12918,0.23468,
1641629268881385216,0.83695,-0.77058,0.65135,0.68434,-0.71943,0.11188,-0.03981,0.21342,-0.12392,0.06303,
1641629268931385344,0.84768,-0.77644,0.65016,0.68404,-0.71675,0.12608,-0.04960,0.20545,-0.11227,-0.10545,
1641629268981385216,0.85840,-0.78139,0.64119,0.67776,-0.71997,0.13848,-0.05579,0.20009,-0.08453,-0.24447,
1641629269031385088,0.86894,-0.78494,0.62546,0.66537,-0.72776,0.15281,-0.06560,0.19308,-0.06813,-0.37524,
1641629269081385216,0.87897,-0.78872,0.60456,0.65151,-0.73584,0.16854,-0.07527,0.18113,-0.07473,-0.45128,
1641629269131385344,0.88870,-0.79341,0.58105,0.63740,-0.74447,0.18253,-0.07856,0.18359,-0.08427,-0.47219,
1641629269191385344,0.90052,-0.79899,0.55446,0.62088,-0.75340,0.20266,-0.07632,0.17974,-0.08482,-0.39100,
1641629269241385216,0.90933,-0.80388,0.53854,0.60946,-0.75838,0.21915,-0.07346,0.14049,-0.07258,-0.22336,
1641629269281385216,0.91444,-0.80754,0.53282,0.60339,-0.76104,0.22721,-0.07155,0.08522,-0.06558,-0.05746,
1641629269331385088,0.91736,-0.81091,0.53587,0.60369,-0.76015,0.22873,-0.07360,0.00288,-0.04363,0.16226,
1641629269381385216,0.91569,-0.81289,0.54896,0.61301,-0.75344,0.22329,-0.08170,-0.09787,-0.02107,0.33556,
1641629269431385344,0.90798,-0.81288,0.56799,0.62582,-0.74555,0.20971,-0.09234,-0.20331,0.01873,0.41646,
1641629269481385216,0.89613,-0.81091,0.58943,0.63749,-0.73992,0.19069,-0.09884,-0.29693,0.05987,0.42151,
1641629269541385216,0.87555,-0.80566,0.61262,0.65224,-0.73490,0.16013,-0.09419,-0.39968,0.12113,0.32936,
1641629269591385088,0.85418,-0.79876,0.62606,0.66111,-0.73311,0.13322,-0.08795,-0.48039,0.16887,0.19399,
1641629269631385344,0.83450,-0.79205,0.63189,0.66485,-0.73388,0.11029,-0.08501,-0.53530,0.19232,0.08444,
1641629269681385216,0.80664,-0.78285,0.63379,0.66526,-0.73854,0.07987,-0.07494,-0.59989,0.16949,-0.02301,
1641629269731385344,0.77576,-0.77538,0.63072,0.66523,-0.74340,0.04335,-0.05429,-0.64272,0.12586,-0.10652,
1641629269781385216,0.74319,-0.77031,0.62430,0.66287,-0.74823,0.00715,-0.02655,-0.67017,0.07892,-0.16304,
1641629269831388160,0.70925,-0.76745,0.61514,0.65866,-0.75199,-0.02590,0.00366,-0.69820,0.03092,-0.21141,
1641629269881385216,0.67398,-0.76809,0.60403,0.65194,-0.75410,-0.06395,0.04713,-0.71101,-0.05483,-0.23773,
1641629269941386240,0.63092,-0.77369,0.58908,0.63814,-0.75321,-0.11693,0.10855,-0.72183,-0.13052,-0.26669,
1641629269991385344,0.59512,-0.78191,0.57593,0.62420,-0.74882,-0.16220,0.15275,-0.70709,-0.19222,-0.26591,
1641629270041385216,0.56020,-0.79285,0.56332,0.60898,-0.74238,-0.20328,0.19153,-0.68315,-0.24436,-0.25469,
1641629270081385216,0.53353,-0.80344,0.55345,0.59659,-0.73530,-0.23632,0.21810,-0.63913,-0.28673,-0.24130,
1641629270131385344,0.50341,-0.81854,0.54253,0.57673,-0.72611,-0.27481,0.25420,-0.56212,-0.31435,-0.20098,
1641629270191388160,0.47242,-0.83765,0.53139,0.54977,-0.71486,-0.31308,0.29784,-0.46530,-0.32263,-0.16982,
1641629270241385216,0.45124,-0.85397,0.52322,0.52494,-0.70475,-0.33906,0.33586,-0.38305,-0.32279,-0.16853,
1641629270291385088,0.43370,-0.86983,0.51463,-0.49791,0.69555,0.36535,-0.36719,-0.31757,-0.31128,-0.17568,
1641629270331385088,0.42219,-0.88205,0.50720,-0.47889,0.68810,0.38438,-0.38657,-0.25998,-0.29559,-0.19426,
1641629270381385216,0.41081,-0.89611,0.49714,-0.46154,0.68057,0.40325,-0.40149,-0.19228,-0.27041,-0.21142,
1641629270431385344,0.40278,-0.90847,0.48625,-0.44803,0.67473,0.41770,-0.41174,-0.13383,-0.22644,-0.21756,
1641629270481385216,0.39686,-0.91838,0.47577,-0.43067,0.67355,0.43003,-0.41944,-0.09822,-0.17921,-0.19858,
1641629270531385088,0.39318,-0.92613,0.46708,-0.41678,0.67002,0.43889,-0.42983,-0.05075,-0.14906,-0.14000,
1641629270581386240,0.39182,-0.93264,0.46263,-0.40623,0.66036,0.44670,-0.44650,-0.01279,-0.13110,-0.02886,
1641629270631385344,0.39183,-0.93804,0.46417,-0.40023,0.64657,0.45546,-0.46295,0.00449,-0.11374,0.10557,
1641629270681385216,0.39253,-0.94254,0.47302,-0.39866,0.63233,0.46472,-0.47462,0.02150,-0.08077,0.24892,
1641629270731385344,0.39444,-0.94607,0.48775,-0.40590,0.61858,0.47336,-0.47806,0.06137,-0.03559,0.34363,
1641629270781385216,0.39840,-0.94653,0.50660,-0.41974,0.60641,0.47772,-0.47736,0.10267,0.02637,0.40797,
1641629270831385088,0.40472,-0.94375,0.52739,-0.43963,0.59749,0.47550,-0.47291,0.14956,0.09198,0.43291,
1641629270881385216,0.41303,-0.93753,0.54882,-0.45656,0.59173,0.46722,-0.47236,0.18627,0.14780,0.41308,
1641629270931385344,0.42258,-0.92894,0.56762,-0.47274,0.58774,0.45598,-0.47240,0.20622,0.18543,0.34357,
1641629270981385216,0.43276,-0.91924,0.58190,-0.48912,0.58515,0.44104,-0.47313,0.20616,0.19190,0.22182,
1641629271031385088,0.44224,-0.90976,0.58945,0.50402,-0.58490,-0.42793,0.46982,0.18279,0.18789,0.08886,
1641629271081385216,0.45050,-0.90077,0.59024,0.51173,-0.59215,-0.41524,0.46375,0.15924,0.17020,-0.05909,
1641629271131385344,0.45750,-0.89297,0.58348,0.51442,-0.60424,-0.40463,0.45447,0.13898,0.14599,-0.20627,
1641629271181385216,0.46373,-0.88613,0.57005,0.50971,-0.61890,-0.39662,0.44705,0.12126,0.13758,-0.32693,
1641629271231386112,0.46897,-0.87928,0.55173,0.50351,-0.63727,-0.38503,0.43830,0.09881,0.13689,-0.40862,
1641629271291385088,0.47413,-0.87154,0.52499,-0.49096,0.66505,0.37064,-0.42343,0.06686,0.12221,-0.47749,
1641629271331385088,0.47629,-0.86709,0.50565,-0.47956,0.68513,0.36115,-0.41254,0.02675,0.09241,-0.50425,
1641629271391385344,0.47620,-0.86376,0.47506,-0.46099,0.71369,0.35245,-0.39231,-0.02461,0.00869,-0.50490,
1641629271431385344,0.47513,-0.86478,0.45583,-0.44827,0.72709,0.35087,-0.38377,-0.04716,-0.06627,-0.47021,
1641629271481385216,0.47219,-0.86994,0.43468,-0.43210,0.73661,0.35401,-0.38127,-0.08079,-0.14857,-0.38121,
1641629271531385088,0.46758,-0.87917,0.41797,-0.41716,0.73875,0.36122,-0.38696,-0.11208,-0.22501,-0.29250,
1641629271581385216,0.46118,-0.89173,0.40504,-0.40338,0.73469,0.37375,-0.39728,-0.15518,-0.28218,-0.22930,
1641629271631385344,0.45215,-0.90638,0.39467,-0.39394,0.72909,0.38757,-0.40377,-0.21781,-0.31047,-0.19120,
1641629271681386240,0.44047,-0.92180,0.38674,-0.38422,0.72384,0.40510,-0.40537,-0.24893,-0.31074,-0.11130,
1641629271731385344,0.42835,-0.93710,0.38441,-0.36940,0.71489,0.42631,-0.41320,-0.22540,-0.30128,0.01189,
1641629271781385216,0.41836,-0.95126,0.38785,-0.35895,0.70059,0.44807,-0.42376,-0.17044,-0.26299,0.12134,
1641629271831385088,0.41115,-0.96279,0.39570,-0.35684,0.68395,0.46411,-0.43529,-0.11391,-0.20321,0.18793,
1641629271881385216,0.40654,-0.97118,0.40533,-0.36247,0.66830,0.47546,-0.44264,-0.06173,-0.13774,0.18921,
1641629271931390208,0.40444,-0.97607,0.41400,-0.36840,0.65607,0.48576,-0.44486,-0.01097,-0.05496,0.15666,
1641629271981388288,0.40458,-0.97656,0.42011,-0.37345,0.64982,0.49283,-0.44204,0.04233,0.04127,0.08137,
1641629272031385088,0.40763,-0.97173,0.42209,-0.38115,0.65027,0.49482,-0.43247,0.10902,0.15873,0.00437,
1641629272081385216,0.41482,-0.96064,0.42098,-0.38713,0.66078,0.48758,-0.41924,0.18270,0.28344,-0.04461,
1641629272131386368,0.42590,-0.94401,0.41770,-0.38930,0.67834,0.47220,-0.40661,0.27189,0.37900,-0.07587,
1641629272181385216,0.44107,-0.92321,0.41314,-0.39527,0.69740,0.45051,-0.39298,0.35276,0.42932,-0.07731,
1641629272231386112,0.45943,-0.90066,0.40977,-0.40602,0.71879,0.42356,-0.37294,0.41014,0.42886,-0.04052,
1641629272281385216,0.47998,-0.87945,0.40872,-0.42337,0.73785,0.39727,-0.34426,0.45479,0.37967,0.02819,
1641629272331385088,0.50221,-0.86160,0.41147,-0.44336,0.75112,0.37523,-0.31376,0.47452,0.30795,0.10244,
1641629272381385216,0.52453,-0.84769,0.41835,-0.46261,0.75982,0.35689,-0.28514,0.46411,0.24285,0.18389,
1641629272431385344,0.54613,-0.83685,0.42819,-0.47890,0.76518,0.34227,-0.26079,0.43986,0.19040,0.22988,
1641629272481385216,0.56636,-0.82806,0.44016,-0.49480,0.76768,0.32742,-0.24216,0.39282,0.16327,0.25204,
1641629272541385216,0.58691,-0.81895,0.45486,0.51420,-0.76979,-0.30487,0.22378,0.30171,0.12120,0.23658,
1641629272581385216,0.59748,-0.81520,0.46355,0.52429,-0.76979,-0.29170,0.21785,0.22563,0.06497,0.19642,
1641629272631386368,0.60551,-0.81350,0.47113,0.53390,-0.76694,-0.28012,0.21973,0.08913,0.00270,0.10536,
1641629272681386240,0.60580,-0.81463,0.47331,0.53887,-0.76356,-0.27422,0.22670,-0.08679,-0.05338,-0.01970,
1641629272731385344,0.59700,-0.81885,0.46861,0.53918,-0.76098,-0.27719,0.23099,-0.27410,-0.13260,-0.16580,
1641629272781385216,0.57896,-0.82791,0.45772,0.53199,-0.75776,-0.29392,0.23748,-0.44352,-0.23111,-0.26122,
1641629272831385088,0.55367,-0.84271,0.44289,0.51551,-0.75324,-0.31746,0.25710,-0.56335,-0.37485,-0.32912,
1641629272881385216,0.52380,-0.86498,0.42558,-0.48928,0.74390,0.35072,-0.29018,-0.62125,-0.52096,-0.35204,
1641629272931385344,0.49317,-0.89422,0.40758,-0.45691,0.72781,0.38718,-0.33409,-0.59696,-0.64575,-0.36267,
1641629272981385216,0.46500,-0.92792,0.38933,-0.42501,0.70623,0.42405,-0.37521,-0.52446,-0.69694,-0.36996,
1641629273031385088,0.44246,-0.96098,0.37179,-0.39658,0.68354,0.46221,-0.40232,-0.37927,-0.61192,-0.31955,
1641629273081385216,0.42838,-0.98566,0.35831,-0.38065,0.66548,0.48921,-0.41582,-0.18569,-0.35341,-0.20136,
1641629273131386368,0.42407,-0.99418,0.35271,-0.36727,0.66285,0.49739,-0.42230,0.02143,0.00621,-0.03246,
1641629273181385216,0.43063,-0.98501,0.35412,-0.36000,0.67191,0.49012,-0.42274,0.24731,0.35047,0.08681,
1641629273231385344,0.44861,-0.95959,0.36078,-0.36357,0.68684,0.46695,-0.42193,0.48123,0.65020,0.16742,
1641629273281385216,0.47715,-0.92102,0.37041,-0.37965,0.70316,0.43042,-0.41973,0.65445,0.87052,0.20212,
1641629273331385088,0.51209,-0.87475,0.37949,-0.40041,0.71900,0.39030,-0.41277,0.72631,0.96279,0.15655,
1641629273391388160,0.55502,-0.81847,0.38550,-0.42497,0.75160,0.34955,-0.36375,0.67182,0.86628,0.06374,
1641629273431385344,0.57882,-0.78899,0.38818,-0.46021,0.77130,0.30111,-0.32038,0.52126,0.56549,0.06579,
1641629273481387264,0.59888,-0.77571,0.39032,-0.46887,0.78212,0.27623,-0.30356,0.26436,-0.04083,0.01200,
1641629273531385088,0.60331,-0.79074,0.38871,-0.46386,0.77311,0.29910,-0.31254,-0.08981,-0.53108,-0.09427,
1641629273581385216,0.59094,-0.82495,0.38060,-0.45377,0.75998,0.33959,-0.31813,-0.37426,-0.83893,-0.22947,
1641629273631385344,0.56970,-0.87259,0.36744,-0.43229,0.74437,0.39115,-0.32563,-0.42914,-1.05128,-0.29315,
1641629273681385216,0.54952,-0.92533,0.35297,-0.41437,0.72035,0.43815,-0.34266,-0.37212,-1.01504,-0.27057,
1641629273731385344,0.53448,-0.96910,0.34192,-0.38171,0.70494,0.47479,-0.36324,-0.20523,-0.70861,-0.15970,
1641629273781385216,0.52996,-0.99240,0.33690,-0.35396,0.69439,0.49444,-0.38478,0.02619,-0.19871,-0.04679,
1641629273831385088,0.53706,-0.98783,0.33620,-0.34569,0.69765,0.49408,-0.38687,0.25966,0.36692,0.01568,
1641629273881385216,0.55687,-0.95809,0.33863,-0.35702,0.71785,0.47444,-0.36351,0.55090,0.78107,0.08148,
1641629273931385344,0.59082,-0.91357,0.34416,-0.38912,0.73668,0.44456,-0.32903,0.77670,0.97274,0.15226,
1641629273981385216,0.63179,-0.86532,0.35389,-0.41904,0.76385,0.39277,-0.29439,0.85387,0.90925,0.21158,
1641629274031385088,0.67175,-0.82825,0.36394,-0.44245,0.78221,0.35106,-0.26296,0.71683,0.55388,0.20172,
1641629274081385216,0.70158,-0.81343,0.37506,-0.45431,0.79679,0.32163,-0.23513,0.49523,0.01297,0.25396,
1641629274131385344,0.72317,-0.82756,0.38964,-0.45347,0.79248,0.33209,-0.23677,0.39485,-0.53844,0.32486,
1641629274181385216,0.74294,-0.86229,0.40833,-0.44875,0.77480,0.36675,-0.25259,0.41006,-0.80459,0.43824,
1641629274231385344,0.76591,-0.90456,0.43307,-0.44834,0.76005,0.38215,-0.27436,0.52496,-0.87309,0.53710,
1641629274281385216,0.79551,-0.94724,0.46088,-0.44717,0.74595,0.38927,-0.30344,0.64975,-0.82132,0.56417,
1641629274331385088,0.82751,-0.98426,0.48670,-0.45204,0.73120,0.38838,-0.33192,0.60781,-0.62448,0.45683,
1641629274381385216,0.85007,-1.00910,0.50536,-0.46006,0.72806,0.37918,-0.33838,0.28550,-0.35515,0.28616,
1641629274431387136,0.85418,-1.02122,0.51428,-0.47096,0.72975,0.37284,-0.32658,-0.10510,-0.12698,0.07560,
1641629274481385216,0.83950,-1.02423,0.51263,-0.46798,0.72863,0.38965,-0.31347,-0.46146,0.03760,-0.12961,
1641629274531387392,0.80701,-1.01980,0.50168,-0.46378,0.72120,0.41074,-0.30994,-0.79404,0.17256,-0.29126,
1641629274581385216,0.76131,-1.00902,0.48264,-0.44735,0.71664,0.43332,-0.31391,-0.99137,0.24124,-0.45773,
1641629274631385344,0.70963,-0.99639,0.45654,-0.42330,0.71435,0.46105,-0.31299,-1.00319,0.23883,-0.58189,
1641629274681385216,0.66335,-0.98529,0.42633,-0.41794,0.70489,0.48584,-0.30401,-0.80769,0.22710,-0.58483,
1641629274741385216,0.62585,-0.97287,0.39744,-0.40311,0.71985,0.49041,-0.28075,-0.35546,0.18210,-0.29613,
1641629274781385216,0.61919,-0.96750,0.39175,-0.38378,0.73632,0.47450,-0.29224,0.06999,0.08132,0.04244,
1641629274831385088,0.63600,-0.96740,0.40320,-0.36307,0.74380,0.44934,-0.33620,0.60455,-0.08941,0.39073,
1641629274881385216,0.67367,-0.97161,0.42444,-0.36476,0.73721,0.43583,-0.36540,0.89252,-0.17739,0.49701,
1641629274931385344,0.72244,-0.98147,0.45005,-0.37624,0.74111,0.42809,-0.35488,1.10688,-0.24535,0.53910,
1641629274981386240,0.78105,-0.99463,0.47756,-0.39545,0.74248,0.42178,-0.33829,1.28762,-0.31911,0.55823,
1641629275041385216,0.85581,-1.01295,0.51125,-0.40675,0.74813,0.40952,-0.32735,1.20662,-0.30465,0.56238,
1641629275081385216,0.90006,-1.02398,0.53242,-0.41086,0.76111,0.38906,-0.31708,1.05772,-0.29016,0.48794,
1641629275141385216,0.95033,-1.03776,0.55568,-0.43133,0.76872,0.36416,-0.30069,0.60426,-0.17087,0.28353,
1641629275181385216,0.96608,-1.04139,0.56392,-0.43708,0.77733,0.35137,-0.28506,0.23071,-0.05853,0.14250,
1641629275231386112,0.96659,-1.04181,0.56618,-0.43972,0.78182,0.34610,-0.27501,-0.16982,-0.00876,-0.04988,
1641629275281385216,0.94852,-1.04018,0.55872,-0.43602,0.77226,0.36597,-0.28207,-0.50865,0.03050,-0.24036,
1641629275331385088,0.91384,-1.03566,0.54333,-0.42794,0.75940,0.38939,-0.29759,-0.78324,0.07737,-0.37126,
1641629275381386240,0.87019,-1.02998,0.52067,-0.41921,0.74238,0.41948,-0.31171,-0.88109,0.10800,-0.53045,
1641629275431385344,0.82581,-1.02183,0.49269,-0.40639,0.73146,0.45119,-0.31022,-0.82470,0.17400,-0.56171,
1641629275481385216,0.78933,-1.01184,0.46633,-0.40259,0.73348,0.45611,-0.30315,-0.56206,0.18964,-0.44874,
1641629275531385088,0.77021,-1.00309,0.44904,-0.39261,0.74396,0.44648,-0.30502,-0.14038,0.12431,-0.19308,
1641629275581385216,0.77396,-0.99931,0.44854,-0.37178,0.75663,0.43164,-0.32090,0.36787,-0.01434,0.20787,
1641629275631388160,0.80114,-1.00349,0.46623,-0.37471,0.75425,0.40927,-0.35099,0.80691,-0.16928,0.49482,
1641629275681385216,0.84429,-1.01427,0.49401,-0.38401,0.75002,0.40260,-0.35766,0.99619,-0.27957,0.63655,
1641629275731386112,0.89666,-1.03126,0.52910,-0.39018,0.75658,0.39693,-0.34320,1.17247,-0.42688,0.76066,
1641629275781385216,0.95685,-1.05538,0.56709,-0.40846,0.74523,0.39657,-0.34718,1.26109,-0.52206,0.74839,
1641629275831385088,1.01481,-1.08007,0.60221,-0.41736,0.73976,0.39238,-0.35298,1.06489,-0.46160,0.65442,
1641629275881385216,1.05947,-1.10077,0.62994,-0.42851,0.74550,0.37528,-0.34607,0.75043,-0.36641,0.45388,
1641629275931386112,1.08584,-1.11425,0.64649,-0.43993,0.74962,0.36573,-0.33282,0.32825,-0.17423,0.22776,
1641629275981386240,1.09160,-1.11789,0.65163,-0.44113,0.75760,0.35906,-0.32020,-0.04958,0.00047,-0.01926,
1641629276031386112,1.08030,-1.11418,0.64363,-0.44697,0.75463,0.36531,-0.31193,-0.33496,0.13504,-0.28314,
1641629276081385216,1.05636,-1.10303,0.62484,-0.45017,0.74447,0.38218,-0.31153,-0.57302,0.31349,-0.42926,
1641629276131385344,1.02314,-1.08392,0.60039,-0.43487,0.74375,0.39275,-0.32166,-0.73630,0.41780,-0.56256,
1641629276181385216,0.98555,-1.06245,0.56970,-0.42115,0.74432,0.40459,-0.32393,-0.72593,0.42450,-0.63972,
1641629276231385344,0.95168,-1.04232,0.53700,-0.41223,0.74994,0.41508,-0.30882,-0.59255,0.34553,-0.60852,
1641629276281385216,0.92822,-1.03006,0.51171,-0.40674,0.76289,0.41367,-0.28537,-0.28871,0.10121,-0.36978,
1641629276331385088,0.92068,-1.03337,0.50252,-0.40261,0.76986,0.41028,-0.27730,0.03498,-0.25246,0.04313,
1641629276381385216,0.92969,-1.05248,0.51266,-0.40410,0.75727,0.41028,-0.30809,0.36497,-0.46846,0.34787,
1641629276431385344,0.94932,-1.07213,0.53164,-0.40104,0.73675,0.42336,-0.34224,0.50614,-0.31360,0.42643,
1641629276481385216,0.97421,-1.07833,0.55246,-0.41070,0.73026,0.42680,-0.34042,0.60728,0.05798,0.41929,
1641629276531385088,1.00617,-1.06442,0.57279,-0.44380,0.73086,0.41937,-0.30498,0.74974,0.48136,0.41259,
1641629276581386240,1.04467,-1.03053,0.59329,-0.48102,0.73790,0.39926,-0.25438,0.83334,0.84138,0.43314,
1641629276631385344,1.08677,-0.98311,0.61718,0.50768,-0.75845,-0.35158,0.20833,0.88048,0.99664,0.52541,
1641629276691385344,1.13886,-0.92702,0.64807,0.52897,-0.77678,-0.28170,0.19354,0.79873,0.80391,0.47888,
1641629276741385216,1.17017,-0.89820,0.66710,0.53278,-0.79141,-0.23869,0.18122,0.44195,0.28551,0.30208,
1641629276791386112,1.18118,-0.89989,0.67827,0.54126,-0.78655,-0.24253,0.17193,0.00339,-0.32889,0.15665,
1641629276841385216,1.17061,-0.92771,0.68182,0.54392,-0.77315,-0.27675,0.17264,-0.39820,-0.74937,-0.00290,
1641629276881385216,1.15020,-0.96365,0.67976,0.52437,-0.76931,-0.31447,0.18521,-0.59275,-1.05399,-0.08734,
1641629276931385344,1.11851,-1.02472,0.67459,0.50702,-0.74913,-0.36152,0.22591,-0.66273,-1.33327,-0.11685,
1641629276991385344,1.07811,-1.10563,0.66586,-0.46594,0.73076,0.40844,-0.28648,-0.64992,-1.34847,-0.15833,
1641629277041385216,1.05012,-1.17098,0.65681,-0.42026,0.71010,0.45194,-0.33895,-0.45599,-1.24870,-0.20421,
1641629277091385088,1.03266,-1.22517,0.64774,-0.36465,0.68643,0.50283,-0.37815,-0.24573,-0.88900,-0.12454,
1641629277131385344,1.02664,-1.25219,0.64493,-0.32163,0.67770,0.52257,-0.40522,-0.05727,-0.46801,-0.02284,
1641629277181385216,1.02968,-1.26165,0.64490,-0.30327,0.67211,0.53208,-0.41615,0.17288,0.07589,0.01529,
1641629277231385344,1.04331,-1.24467,0.64811,-0.33097,0.67738,0.52955,-0.38883,0.37251,0.60324,0.14288,
1641629277281385216,1.06752,-1.20454,0.65857,-0.36520,0.70240,0.50080,-0.34995,0.63947,0.98281,0.27443,
1641629277341385216,1.11398,-1.13752,0.67771,-0.42043,0.72438,0.45465,-0.30300,0.89855,1.24813,0.32970,
1641629277381385216,1.15133,-1.08621,0.69147,-0.44989,0.74242,0.42270,-0.26026,0.97114,1.30189,0.36527,
1641629277441385216,1.21087,-1.01510,0.71200,0.50463,-0.76487,-0.35127,0.19216,0.97427,1.01844,0.30973,
1641629277491389184,1.25486,-0.97621,0.72717,0.51139,-0.79057,-0.29606,0.16068,0.76096,0.47443,0.26946,
1641629277531385088,1.28055,-0.96841,0.73598,0.51494,-0.79685,-0.27587,0.15416,0.49909,-0.07170,0.17260,
1641629277581385216,1.29539,-0.98371,0.74116,0.51670,-0.79324,-0.27887,0.16134,0.07953,-0.51365,0.03015,
1641629277631385344,1.29046,-1.01758,0.73873,-0.49710,0.79515,0.30071,-0.17379,-0.24362,-0.85461,-0.11640,
1641629277681385216,1.27380,-1.06565,0.73019,-0.47696,0.78818,0.34099,-0.18709,-0.41362,-1.05009,-0.20304,
1641629277741385216,1.24636,-1.13020,0.71775,-0.45624,0.78201,0.36842,-0.21112,-0.47032,-1.10480,-0.20523,
1641629277791385088,1.22504,-1.18516,0.70810,-0.41614,0.77949,0.39422,-0.25259,-0.36418,-1.09238,-0.16882,
1641629277831385088,1.21335,-1.22639,0.70303,-0.38608,0.76748,0.42012,-0.29226,-0.23378,-0.95274,-0.06556,
1641629277881385216,1.20445,-1.26610,0.70558,-0.35651,0.76107,0.42642,-0.33442,-0.10242,-0.63807,0.17961,
1641629277931385344,1.20577,-1.29125,0.72216,-0.32984,0.75962,0.42874,-0.36107,0.17273,-0.37499,0.49359,
1641629277981385216,1.22225,-1.30713,0.75346,-0.32995,0.74483,0.44279,-0.37458,0.48382,-0.26646,0.74737,
1641629278031385088,1.25346,-1.32029,0.79571,-0.35871,0.72898,0.45213,-0.36808,0.78338,-0.26400,0.92778,
1641629278081385216,1.29935,-1.33416,0.84448,-0.39143,0.71100,0.45691,-0.36400,1.04289,-0.31402,1.00490,
1641629278131385344,1.35552,-1.35160,0.89393,-0.40647,0.69974,0.46508,-0.35895,1.20773,-0.39783,0.95521,
1641629278181385216,1.41703,-1.37191,0.93875,-0.43107,0.68600,0.46575,-0.35589,1.19550,-0.44501,0.82898,
1641629278231385344,1.47174,-1.39248,0.97563,-0.46758,0.67889,0.44706,-0.34729,0.96200,-0.41503,0.63546,
1641629278281385216,1.51240,-1.41005,1.00207,-0.49538,0.67818,0.42945,-0.33203,0.63266,-0.30271,0.42842,
1641629278331385088,1.53488,-1.41986,1.01862,0.50961,-0.68005,-0.41670,0.32280,0.23122,-0.11435,0.23759,
1641629278391385344,1.53502,-1.41987,1.02471,0.51112,-0.68405,-0.41478,0.31431,-0.20495,0.07990,-0.03443,
1641629278431385344,1.52145,-1.41367,1.01997,0.50510,-0.68286,-0.42323,0.31536,-0.46195,0.19261,-0.19085,
1641629278481386240,1.49048,-1.40113,1.00589,-0.48269,0.68394,0.43716,-0.32884,-0.77665,0.30656,-0.38172,
1641629278541385216,1.43550,-1.37891,0.97390,-0.44493,0.69514,0.45566,-0.33346,-0.98418,0.35138,-0.62955,
1641629278581385216,1.39591,-1.36414,0.94594,-0.42585,0.69910,0.47000,-0.33016,-0.94503,0.35525,-0.74806,
1641629278631385344,1.35272,-1.34494,0.91054,-0.39822,0.71672,0.48038,-0.31141,-0.75443,0.34237,-0.61988,
1641629278681386240,1.32692,-1.33034,0.88493,-0.39083,0.72743,0.47525,-0.30371,-0.28182,0.18145,-0.33860,
1641629278731386112,1.32587,-1.32421,0.87901,-0.39078,0.72727,0.46529,-0.31919,0.22486,0.00623,0.12049,
1641629278781386240,1.34839,-1.32807,0.89655,-0.38233,0.73328,0.44154,-0.34808,0.70260,-0.17174,0.56586,
1641629278831385088,1.39469,-1.34156,0.93059,-0.37261,0.73153,0.42524,-0.38104,1.09535,-0.34563,0.77320,
1641629278881385216,1.45469,-1.36225,0.97142,-0.37194,0.73231,0.41742,-0.38878,1.30568,-0.50458,0.86284,
1641629278931385344,1.52214,-1.39044,1.01354,-0.39139,0.73641,0.40634,-0.37336,1.40510,-0.61636,0.85749,
1641629278981387264,1.59249,-1.42155,1.05448,-0.41137,0.73699,0.40324,-0.35357,1.35470,-0.62495,0.78962,
1641629279031385088,1.65654,-1.45064,1.09197,-0.42415,0.74224,0.39669,-0.33439,1.17968,-0.54491,0.71824,
1641629279081385216,1.70762,-1.47290,1.12534,-0.44048,0.74559,0.37721,-0.32831,0.81902,-0.34609,0.61955,
1641629279131385344,1.73739,-1.48336,1.15218,-0.45918,0.74800,0.35269,-0.32443,0.35885,-0.09761,0.45364,
1641629279181385216,1.74392,-1.48200,1.16794,-0.47916,0.74689,0.32944,-0.32252,-0.07845,0.09875,0.19169,
1641629279231386112,1.73180,-1.47323,1.16896,-0.48377,0.74108,0.33297,-0.32542,-0.39989,0.19497,-0.14044,
1641629279281385216,1.70667,-1.45940,1.15484,-0.48096,0.72922,0.35752,-0.33030,-0.58839,0.28786,-0.39107,
1641629279331386368,1.67748,-1.44528,1.13195,-0.45719,0.73940,0.37566,-0.32116,-0.53121,0.25181,-0.50060,
1641629279381385216,1.65777,-1.43545,1.10687,-0.43512,0.75024,0.39525,-0.30263,-0.25073,0.11586,-0.45264,
1641629279431385344,1.65123,-1.43216,1.08823,-0.43274,0.75832,0.40803,-0.26681,-0.02135,-0.00680,-0.25179,
1641629279481385216,1.65469,-1.43650,1.08282,-0.45441,0.75869,0.40161,-0.23793,0.13377,-0.19465,0.03832,
1641629279531385088,1.66284,-1.45085,1.08986,-0.46369,0.75602,0.39462,-0.24022,0.21775,-0.39844,0.23809,
1641629279581385216,1.67486,-1.47146,1.10265,-0.45457,0.74335,0.40848,-0.27192,0.25316,-0.41597,0.27408,
1641629279631385344,1.68636,-1.48831,1.11500,-0.44512,0.73512,0.42108,-0.29010,0.25533,-0.27496,0.24952,
1641629279681386240,1.69871,-1.49731,1.12619,-0.44843,0.73515,0.42279,-0.28234,0.31539,-0.10644,0.26023,
1641629279731385344,1.71599,-1.49814,1.14010,-0.46052,0.73641,0.41726,-0.26743,0.41538,0.04126,0.34519,
1641629279781385216,1.73962,-1.49361,1.16133,-0.46923,0.74231,0.40464,-0.25509,0.53796,0.12874,0.50349,
1641629279831385088,1.76849,-1.48572,1.19024,-0.48266,0.74649,0.38445,-0.24900,0.63872,0.15251,0.67190,
1641629279881385216,1.80127,-1.47833,1.22718,0.50503,-0.74699,-0.35846,0.24177,0.69164,0.11175,0.81673,
1641629279931385344,1.83611,-1.47378,1.26891,0.53058,-0.74435,-0.32832,0.23797,0.71287,0.04967,0.86158,
1641629279981387264,1.87041,-1.47205,1.31008,0.55275,-0.74235,-0.29250,0.24048,0.68874,0.01190,0.78824,
1641629280041385216,1.91039,-1.47251,1.34961,0.56504,-0.74798,-0.24446,0.24797,0.65634,-0.04158,0.52135,
1641629280091385088,1.94252,-1.47627,1.36854,0.57307,-0.74889,-0.21928,0.25036,0.63552,-0.11239,0.25081,
1641629280131385344,1.96740,-1.48146,1.37403,0.58109,-0.74851,-0.20561,0.24452,0.61220,-0.15333,0.04155,
1641629280191385344,2.00238,-1.48935,1.36817,0.58167,-0.75986,-0.18887,0.22046,0.56696,-0.12974,-0.19216,
1641629280241385216,2.03036,-1.49500,1.35529,0.57367,-0.77679,-0.17356,0.19334,0.59489,-0.13376,-0.28016,
1641629280291385088,2.06024,-1.50140,1.33993,0.56595,-0.79196,-0.15924,0.16476,0.63244,-0.13890,-0.29465,
1641629280331385088,2.08522,-1.50666,1.32875,0.55731,-0.80530,-0.14776,0.13810,0.66865,-0.15306,-0.22264,
1641629280391385344,2.12582,-1.51739,1.32032,0.55335,-0.81732,-0.12464,0.10128,0.71640,-0.21696,-0.00855,
1641629280441385216,2.16101,-1.52912,1.32440,0.55500,-0.82116,-0.10402,0.08274,0.72951,-0.26218,0.20154,
1641629280491386112,2.19667,-1.54246,1.33892,0.56336,-0.81893,-0.08624,0.06738,0.71645,-0.27635,0.39609,
1641629280541385216,2.23143,-1.55659,1.36220,0.57611,-0.81302,-0.06964,0.04736,0.68675,-0.29210,0.55190,
1641629280591386368,2.26303,-1.57130,1.39146,0.59098,-0.80436,-0.05564,0.02538,0.63547,-0.31390,0.66444,
1641629280631385344,2.28421,-1.58376,1.41766,0.60416,-0.79537,-0.04801,0.00803,0.57037,-0.32536,0.72467,
1641629280681385216,2.30819,-1.59979,1.45387,0.62318,-0.78100,-0.03878,-0.01323,0.48956,-0.32341,0.76237,
1641629280741385216,2.33135,-1.61715,1.49793,0.64321,-0.76410,-0.02530,-0.04227,0.39080,-0.26664,0.72914,
1641629280791385088,2.34506,-1.62835,1.53118,0.65538,-0.75225,-0.01523,-0.06611,0.28684,-0.20489,0.64270,
1641629280831385088,2.35182,-1.63450,1.55401,0.66658,-0.74095,-0.00411,-0.08160,0.18936,-0.13525,0.54627,
1641629280881385216,2.35531,-1.63876,1.57611,0.67284,-0.73383,0.01221,-0.09289,0.03688,-0.06749,0.35954,
1641629280931385344,2.35089,-1.64071,1.58775,0.67081,-0.73557,0.01405,-0.09354,-0.12842,-0.04358,0.13238,
1641629280981385216,2.33800,-1.64162,1.58814,0.66621,-0.74024,-0.00099,-0.09059,-0.26767,-0.02308,-0.08263,
1641629281031385088,2.32288,-1.64300,1.58066,0.65910,-0.74666,-0.01924,-0.08785,-0.35749,-0.03567,-0.21102,
1641629281081385216,2.29914,-1.64446,1.56627,0.65089,-0.75417,-0.03773,-0.07840,-0.42491,-0.06913,-0.31213,
1641629281141385216,2.26880,-1.65035,1.54489,0.62887,-0.77199,-0.07362,-0.05593,-0.46201,-0.16726,-0.34290,
1641629281191385344,2.24063,-1.65891,1.52684,0.60999,-0.78525,-0.10333,-0.02466,-0.47040,-0.23065,-0.31100,
1641629281241385216,2.21222,-1.67085,1.51085,0.58866,-0.79756,-0.13135,0.01138,-0.46353,-0.29848,-0.26825,
1641629281291385088,2.18595,-1.68615,1.49800,0.57088,-0.80340,-0.16178,0.04969,-0.43517,-0.34257,-0.18638,
1641629281341385216,2.16158,-1.70290,1.48914,0.55392,-0.80800,-0.18150,0.08583,-0.40706,-0.36362,-0.11392,
1641629281391385344,2.13838,-1.72007,1.48336,0.53852,-0.80850,-0.20635,0.11727,-0.39018,-0.35719,-0.03468,
1641629281431385344,2.12099,-1.73335,1.48020,0.52428,-0.80853,-0.23091,0.13448,-0.35300,-0.37317,0.04758,
1641629281481385216,2.10472,-1.75228,1.48536,0.51645,-0.79992,-0.26470,0.15279,-0.27286,-0.41528,0.19892,
1641629281531385088,2.09328,-1.77258,1.49859,0.51887,-0.78409,-0.29281,0.17392,-0.17060,-0.40457,0.34700,
1641629281581385216,2.08642,-1.79080,1.51968,0.52064,-0.77001,-0.31369,0.19397,-0.05723,-0.33671,0.51872,
1641629281641385216,2.08723,-1.80832,1.55546,0.53488,-0.74953,-0.32051,0.22224,0.11483,-0.23639,0.67155,
1641629281691385344,2.09515,-1.81765,1.59005,0.55332,-0.73224,-0.31330,0.24394,0.23949,-0.14252,0.72359,
1641629281731385344,2.10577,-1.82106,1.61854,0.56641,-0.72329,-0.29848,0.25872,0.32092,-0.06680,0.71631,
1641629281781385216,2.12354,-1.82093,1.65259,0.57761,-0.71832,-0.27479,0.27361,0.39643,0.01094,0.64473,
1641629281831385088,2.14338,-1.81781,1.68075,0.58431,-0.71880,-0.25041,0.28143,0.45189,0.05184,0.50811,
1641629281881385216,2.16526,-1.81393,1.70110,0.59342,-0.72054,-0.22423,0.27999,0.48675,0.05930,0.33898,
1641629281931385344,2.18922,-1.81067,1.71302,0.60328,-0.72451,-0.19865,0.26773,0.53171,0.03287,0.17017,
1641629281991385344,2.22121,-1.80926,1.71664,0.61238,-0.72974,-0.17110,0.25140,0.57415,0.00919,-0.01874,
1641629282041385216,2.24920,-1.80851,1.71177,0.61342,-0.73876,-0.14513,0.23852,0.59624,0.00398,-0.13952,
1641629282091385088,2.27758,-1.80644,1.70107,0.61029,-0.75087,-0.11778,0.22332,0.60140,-0.00599,-0.24315,
1641629282141385216,2.30660,-1.80539,1.68627,0.60657,-0.76244,-0.09072,0.20625,0.61084,-0.02610,-0.29936,
1641629282191385344,2.33591,-1.80552,1.66989,0.60004,-0.77376,-0.06804,0.19136,0.61379,-0.05544,-0.30431,
1641629282231385344,2.35818,-1.80525,1.65634,0.59248,-0.78348,-0.05072,0.18042,0.60576,-0.07643,-0.27564,
1641629282291385088,2.39117,-1.80738,1.64031,0.58161,-0.79799,-0.02406,0.15608,0.59051,-0.09157,-0.16916,
1641629282341385216,2.41752,-1.80986,1.63221,0.57382,-0.80806,-0.00076,0.13330,0.58524,-0.11160,-0.04704,
1641629282381385216,2.43671,-1.81272,1.62981,0.57207,-0.81184,0.01762,0.11552,0.56972,-0.14063,0.06825,
1641629282431385344,2.45961,-1.81849,1.63366,0.57563,-0.81149,0.03630,0.09391,0.52335,-0.15739,0.20082,
1641629282481385216,2.47950,-1.82529,1.64358,0.58140,-0.80928,0.04996,0.06740,0.45337,-0.16053,0.31490,
1641629282531385088,2.49639,-1.83312,1.65952,0.58853,-0.80545,0.05832,0.03836,0.37490,-0.15901,0.42989,
1641629282591385088,2.51357,-1.84264,1.68692,0.59944,-0.79767,0.06620,0.00180,0.26935,-0.15612,0.53922,
1641629282631385344,2.52118,-1.84897,1.70785,0.60796,-0.79104,0.06570,-0.01809,0.19569,-0.15567,0.58295,
1641629282681385216,2.52768,-1.85669,1.73625,0.61958,-0.78165,0.06155,-0.03678,0.11287,-0.14130,0.60873,
1641629282731385344,2.53068,-1.86292,1.76479,0.63188,-0.77092,0.05886,-0.05429,0.03765,-0.11120,0.58465,
1641629282781385216,2.53078,-1.86694,1.79097,0.64170,-0.76200,0.05393,-0.06833,-0.02748,-0.08163,0.50935,
1641629282831385088,2.52632,-1.86830,1.81218,0.64825,-0.75632,0.04470,-0.07593,-0.08957,-0.04515,0.39148,
1641629282881385216,2.51943,-1.86871,1.82709,0.65160,-0.75327,0.03591,-0.08194,-0.13557,-0.02338,0.25216,
1641629282931385344,2.51075,-1.86821,1.83472,0.65345,-0.75195,0.02921,-0.08201,-0.17250,-0.00150,0.08322,
1641629282981385216,2.49936,-1.86612,1.83278,0.65051,-0.75535,0.02111,-0.07639,-0.20915,0.01171,-0.11463,
1641629283041385216,2.48330,-1.86200,1.81766,0.64166,-0.76453,0.00589,-0.06102,-0.23672,0.04891,-0.32170,
1641629283081385216,2.47157,-1.85807,1.80141,0.63050,-0.77468,-0.00232,-0.04826,-0.25672,0.07576,-0.41614,
1641629283141385216,2.45345,-1.85159,1.77227,0.60800,-0.79336,-0.01529,-0.02615,-0.30110,0.08492,-0.50334,
1641629283191385344,2.43569,-1.84631,1.74450,0.58589,-0.80989,-0.02826,-0.00358,-0.34904,0.06821,-0.54207,
1641629283241385216,2.41526,-1.84287,1.71568,0.56074,-0.82658,-0.04584,0.01529,-0.40919,0.01360,-0.53204,
1641629283291385088,2.39248,-1.84319,1.68926,0.54386,-0.83569,-0.06566,0.03906,-0.45139,-0.07465,-0.45485,
1641629283341385216,2.36815,-1.84794,1.66650,0.53285,-0.83916,-0.08869,0.06337,-0.49513,-0.14596,-0.37793,
1641629283391385344,2.34293,-1.85606,1.64922,0.52271,-0.83918,-0.11665,0.09460,-0.50581,-0.20224,-0.26804,
1641629283441385216,2.31719,-1.86601,1.63797,0.51063,-0.83713,-0.14511,0.13191,-0.52158,-0.22645,-0.16879,
1641629283491385344,2.29076,-1.87744,1.63176,-0.49486,0.83448,0.17497,-0.16774,-0.52845,-0.25492,-0.07145,
1641629283521385216,2.27499,-1.88519,1.63065,-0.48455,0.83202,0.19560,-0.18626,-0.51739,-0.27915,0.00761,
1641629283571385088,2.25053,-1.90033,1.63502,-0.47359,0.82251,0.22968,-0.21549,-0.45505,-0.31911,0.17600,
1641629283621385216,2.23028,-1.91653,1.64796,-0.47173,0.80513,0.26295,-0.24514,-0.34850,-0.31778,0.34079,
1641629283681385216,2.21368,-1.93396,1.67346,-0.48227,0.77943,0.29505,-0.26992,-0.20479,-0.24491,0.50924,
1641629283741385216,2.20574,-1.94580,1.70727,0.50928,-0.75414,-0.30600,0.27977,-0.05959,-0.14735,0.60672,
1641629283781385216,2.20530,-1.95015,1.73211,0.53014,-0.73902,-0.30562,0.28176,0.03797,-0.08344,0.63202,
1641629283841385216,2.21138,-1.95194,1.76928,0.56016,-0.72106,-0.29476,0.28179,0.15882,0.01432,0.59828,
1641629283881385216,2.21904,-1.94937,1.79181,0.57735,-0.71380,-0.28117,0.27946,0.22050,0.07992,0.52836,
1641629283941385216,2.23435,-1.94195,1.81882,0.59947,-0.71131,-0.25281,0.26601,0.29266,0.15990,0.37469,
1641629283991385344,2.25078,-1.93307,1.83414,0.61480,-0.71382,-0.22386,0.24973,0.36403,0.18705,0.24749,
1641629284041385216,2.27053,-1.92293,1.84312,0.62551,-0.71887,-0.19181,0.23490,0.42047,0.21123,0.11660,
1641629284091385088,2.29260,-1.91159,1.84566,0.62933,-0.72875,-0.15834,0.21863,0.45513,0.23560,-0.00077,
1641629284141385216,2.31581,-1.89902,1.84255,0.62582,-0.74375,-0.12220,0.20062,0.46896,0.25416,-0.11542,
1641629284191385344,2.33983,-1.88544,1.83411,0.61955,-0.75783,-0.08794,0.18473,0.49278,0.24161,-0.20896,
1641629284241385216,2.36522,-1.87290,1.82169,0.61001,-0.77186,-0.05318,0.17113,0.52031,0.23014,-0.26821,
1641629284291385088,2.39181,-1.86146,1.80698,0.59716,-0.78615,-0.01646,0.15843,0.53715,0.18994,-0.30488,
1641629284321387264,2.40782,-1.85494,1.79656,0.59024,-0.79345,0.00442,0.14848,0.53403,0.16846,-0.32399,
1641629284371387136,2.43414,-1.84724,1.77919,0.57988,-0.80346,0.04223,0.12807,0.52105,0.09960,-0.32948,
1641629284421385216,2.45902,-1.84316,1.76201,0.57073,-0.81090,0.07546,0.10496,0.48397,0.04562,-0.30717,
1641629284481385216,2.48609,-1.84191,1.74589,0.56334,-0.81490,0.11015,0.08029,0.43213,-0.00463,-0.19831,
1641629284541385216,2.50959,-1.84324,1.73835,0.55750,-0.81694,0.13950,0.04836,0.37277,-0.04717,-0.01619,
1641629284591385088,2.52627,-1.84704,1.74172,0.55917,-0.81301,0.16113,0.01939,0.31227,-0.09026,0.17148,
1641629284641385216,2.53977,-1.85310,1.75450,0.56785,-0.80423,0.17532,-0.00390,0.24493,-0.13262,0.34905,
1641629284681385216,2.54908,-1.85955,1.77018,0.57817,-0.79483,0.18330,-0.01887,0.19708,-0.13933,0.44578,
1641629284741385216,2.55965,-1.86847,1.79977,0.59443,-0.77901,0.19346,-0.04863,0.12605,-0.14565,0.53580,
1641629284791385088,2.56587,-1.87687,1.82682,0.61007,-0.76358,0.19841,-0.07347,0.07036,-0.15196,0.54444,
1641629284841385216,2.57018,-1.88564,1.85305,0.62319,-0.75105,0.19722,-0.09312,0.03913,-0.15378,0.51281,
1641629284881385216,2.57368,-1.89307,1.87211,0.63214,-0.74172,0.19673,-0.10745,0.03404,-0.14966,0.45369,
1641629284941385216,2.57916,-1.90448,1.89519,0.64065,-0.73011,0.19981,-0.12876,0.05171,-0.15090,0.33164,
1641629284991385344,2.58607,-1.91482,1.90818,0.64400,-0.72017,0.21063,-0.14920,0.06982,-0.14010,0.20772,
1641629285031385088,2.59400,-1.92410,1.91380,0.64448,-0.71397,0.22001,-0.16273,0.08146,-0.13782,0.10422,
1641629285081385216,2.60238,-1.93352,1.91577,0.64324,-0.70851,0.23217,-0.17422,0.08274,-0.12423,-0.01049,
1641629285141385216,2.61150,-1.94286,1.91000,0.63971,-0.70660,0.24319,-0.17984,0.09444,-0.09159,-0.16314,
1641629285191385344,2.61907,-1.94771,1.89902,0.63091,-0.70937,0.25489,-0.18382,0.11651,-0.04292,-0.25754,
1641629285241385216,2.62633,-1.95019,1.88420,0.62032,-0.71106,0.27104,-0.19009,0.12470,0.01026,-0.32328,
1641629285291385088,2.63248,-1.94940,1.86697,0.60528,-0.71699,0.28538,-0.19526,0.08545,0.07721,-0.36486,
1641629285341385216,2.63558,-1.94565,1.84844,0.58907,-0.72857,0.29037,-0.19459,0.01421,0.13003,-0.36417,
1641629285391385344,2.63470,-1.93930,1.83089,0.57688,-0.74233,0.28645,-0.18467,-0.05906,0.17345,-0.31789,
1641629285441385216,2.63089,-1.93076,1.81649,0.57048,-0.75348,0.27892,-0.17040,-0.09256,0.21213,-0.23217,
1641629285481385216,2.62712,-1.92232,1.80946,0.56558,-0.75986,0.27560,-0.16362,-0.10897,0.22307,-0.09904,
1641629285531385088,2.62094,-1.91202,1.80980,0.56824,-0.75896,0.27417,-0.16093,-0.15538,0.21011,0.11351,
1641629285591385088,2.60908,-1.90095,1.82319,0.58439,-0.74976,0.26653,-0.15908,-0.24611,0.18219,0.31795,
1641629285641385216,2.59517,-1.89261,1.84166,0.60409,-0.74075,0.25189,-0.15140,-0.31929,0.17929,0.40018,
1641629285691385344,2.57766,-1.88399,1.86183,0.62193,-0.73466,0.23130,-0.14135,-0.38718,0.18899,0.39594,
1641629285741385216,2.55735,-1.87470,1.88055,0.63486,-0.73196,0.20800,-0.13386,-0.43768,0.20038,0.34783,
1641629285791385088,2.53447,-1.86515,1.89615,0.64714,-0.72858,0.18462,-0.12762,-0.48263,0.18980,0.27179,
1641629285841386240,2.50967,-1.85656,1.90731,0.65984,-0.72517,0.16003,-0.11460,-0.50696,0.16226,0.17751,
1641629285881385216,2.48933,-1.85073,1.91279,0.66774,-0.72465,0.13982,-0.09723,-0.51365,0.14407,0.09415,
1641629285931385344,2.46335,-1.84404,1.91502,0.67202,-0.72832,0.11392,-0.07043,-0.52686,0.12208,-0.00151,
1641629285991385344,2.43145,-1.83738,1.91190,0.67366,-0.73398,0.08049,-0.03126,-0.53978,0.11581,-0.11317,
1641629286041385216,2.40430,-1.83177,1.90467,0.66725,-0.74296,0.05262,-0.00531,-0.53898,0.11623,-0.16924,
1641629286081385216,2.38270,-1.82775,1.89760,0.66229,-0.74833,0.03327,0.01639,-0.54110,0.09287,-0.19771,
1641629286141385216,2.35038,-1.82374,1.88436,0.65237,-0.75589,-0.00151,0.05519,-0.53777,0.05187,-0.24444,
1641629286191385344,2.32373,-1.82133,1.87158,0.63921,-0.76302,-0.03336,0.08994,-0.53335,0.04007,-0.27798,
1641629286241385216,2.29735,-1.82033,1.85709,0.62314,-0.76972,-0.06870,0.12043,-0.51709,0.00715,-0.30627,
1641629286281385216,2.27700,-1.82038,1.84468,0.61087,-0.77336,-0.09627,0.13959,-0.49518,-0.00130,-0.31759,
1641629286341385216,2.24869,-1.82125,1.82550,0.59454,-0.77714,-0.13145,0.15905,-0.44776,-0.02249,-0.31579,
1641629286381385216,2.23196,-1.82261,1.81308,0.58507,-0.77807,-0.15303,0.16994,-0.39083,-0.03717,-0.29625,
1641629286441385216,2.21257,-1.82495,1.79736,0.57027,-0.77923,-0.17965,0.18793,-0.26896,-0.02953,-0.21838,
1641629286491385344,2.20119,-1.82606,1.78761,0.56189,-0.77918,-0.19286,0.19989,-0.19590,-0.01878,-0.17391,
1641629286531385088,2.19461,-1.82729,1.78109,0.55332,-0.78033,-0.20391,0.20821,-0.15639,-0.02930,-0.14667,
1641629286591385088,2.18695,-1.83004,1.77306,0.53710,-0.78026,-0.22732,0.22592,-0.10866,-0.04394,-0.11681,
1641629286641385216,2.18263,-1.83259,1.76746,0.52362,-0.77897,-0.24534,0.24255,-0.07405,-0.04221,-0.11250,
1641629286681385216,2.18052,-1.83373,1.76282,0.51729,-0.77676,-0.25637,0.25165,-0.04762,-0.02534,-0.11651,
1641629286741386240,2.17949,-1.83412,1.75588,0.51314,-0.77468,-0.26515,0.25740,0.00653,0.02110,-0.10915,
1641629286781387264,2.18027,-1.83256,1.75230,0.51195,-0.77576,-0.26714,0.25445,0.04514,0.07789,-0.06870,
1641629286831385088,2.18332,-1.82844,1.75052,0.51342,-0.77968,-0.26005,0.24673,0.09071,0.12857,0.00078,
1641629286881385216,2.18874,-1.82222,1.75177,0.51477,-0.78405,-0.24981,0.24057,0.14136,0.13071,0.05496,
1641629286931386112,2.19636,-1.81758,1.75528,0.51943,-0.78577,-0.23759,0.23727,0.17351,0.10344,0.09114,
1641629286991385344,2.20695,-1.81375,1.76088,0.53149,-0.78269,-0.22358,0.23435,0.18413,0.06455,0.10344,
1641629287031385088,2.21365,-1.81289,1.76454,0.53936,-0.78008,-0.21540,0.23273,0.17301,0.04892,0.10353,
1641629287081385216,2.22162,-1.81218,1.76877,0.54895,-0.77708,-0.20630,0.22855,0.14970,0.03532,0.08849,
1641629287131385344,2.22868,-1.81149,1.77237,0.55653,-0.77439,-0.19987,0.22505,0.12322,0.02898,0.07347,
1641629287181385216,2.23445,-1.81074,1.77514,0.56100,-0.77234,-0.19643,0.22401,0.09306,0.02757,0.05109,
1641629287231387136,2.23871,-1.80981,1.77699,0.56304,-0.77144,-0.19522,0.22305,0.06221,0.03453,0.03025,
1641629287281386240,2.24106,-1.80794,1.77817,0.56509,-0.77099,-0.19370,0.22075,0.03601,0.03941,0.01352,
1641629287331398144,2.24223,-1.80605,1.77839,0.56705,-0.77041,-0.19354,0.21788,0.01738,0.04042,-0.00427,
1641629287381386240,2.24335,-1.80512,1.77760,0.56709,-0.77028,-0.19553,0.21644,0.01140,0.03816,-0.01353,
1641629287431385344,2.24372,-1.80313,1.77699,0.56643,-0.77038,-0.19695,0.21651,0.00855,0.04369,-0.01352,
1641629287481385216,2.24383,-1.80072,1.77631,0.56676,-0.77070,-0.19610,0.21529,0.00585,0.05159,-0.01632,
1641629287531393280,2.24385,-1.79790,1.77564,0.56773,-0.77112,-0.19429,0.21286,0.00824,0.05433,-0.01389,
1641629287581388288,2.24401,-1.79518,1.77519,0.56837,-0.77141,-0.19225,0.21193,0.01141,0.05322,-0.00859,
1641629287631386368,2.24451,-1.79261,1.77479,0.56888,-0.77132,-0.18988,0.21304,0.01203,0.05474,-0.00500,
1641629287681387264,2.24497,-1.78985,1.77432,0.56935,-0.77128,-0.18732,0.21419,0.00797,0.05765,-0.00637,
1641629287731392256,2.24500,-1.78684,1.77402,0.56986,-0.77148,-0.18476,0.21436,-0.00009,0.05997,-0.00732,
1641629287781386240,2.24466,-1.78384,1.77365,0.57011,-0.77167,-0.18311,0.21441,-0.00454,0.05672,-0.00900,
1641629287831385088,2.24412,-1.78360,1.77303,0.57112,-0.77101,-0.18191,0.21511,-0.01864,0.05246,-0.01734,
1641629287881388288,2.24268,-1.78083,1.77104,0.57089,-0.77072,-0.18197,0.21669,-0.03898,0.05757,-0.03678,
1641629287931385344,2.23976,-1.77840,1.76810,0.56898,-0.77129,-0.18350,0.21842,-0.08307,0.05683,-0.07806,
1641629287991387136,2.23247,-1.77559,1.76162,0.56153,-0.77406,-0.18963,0.22262,-0.14312,0.04456,-0.13635,
1641629288041385216,2.22335,-1.77360,1.75361,0.54740,-0.77693,-0.19884,0.23917,-0.18645,0.01737,-0.18223,
1641629288091385088,2.21011,-1.77925,1.74239,0.52786,-0.78002,-0.21299,0.25992,-0.23237,-0.01777,-0.20420,
1641629288141385216,2.19420,-1.78823,1.73170,0.50820,-0.78244,-0.22971,0.27705,-0.28532,-0.06153,-0.18372,
1641629288191385344,2.17773,-1.80013,1.72402,-0.49329,0.78083,0.24991,-0.29071,-0.31423,-0.12261,-0.10632,
1641629288241385216,2.16261,-1.81380,1.72171,-0.48075,0.77396,0.27559,-0.30646,-0.30456,-0.17818,0.02534,
1641629288281385216,2.15103,-1.82729,1.72508,-0.47310,0.76346,0.29832,-0.32296,-0.27749,-0.21107,0.14043,
1641629288341386240,2.13679,-1.84608,1.73847,-0.46970,0.73949,0.33093,-0.35074,-0.21231,-0.21571,0.28259,
1641629288381385216,2.13008,-1.85884,1.75173,-0.47092,0.72120,0.35159,-0.36674,-0.15616,-0.19820,0.34685,
1641629288431386112,2.12435,-1.86825,1.77061,-0.47601,0.69939,0.37188,-0.38207,-0.09177,-0.12985,0.40374,
1641629288491385344,2.12200,-1.87396,1.79538,-0.48911,0.67901,0.38085,-0.39329,0.00778,-0.03144,0.42661,
1641629288531385088,2.12388,-1.87474,1.81242,-0.49869,0.66859,0.37762,-0.40211,0.07762,0.03152,0.42046,
1641629288591385088,2.13148,-1.87106,1.83514,0.51047,-0.65573,-0.36732,0.41775,0.16794,0.11240,0.33253,
1641629288631385344,2.13899,-1.86621,1.84666,0.51537,-0.65042,-0.35795,0.42804,0.20883,0.15790,0.23822,
1641629288691385344,2.15228,-1.85551,1.85542,0.52336,-0.64796,-0.34152,0.43543,0.22464,0.21961,0.05432,
1641629288731385344,2.16109,-1.84657,1.85526,0.52774,-0.65497,-0.32901,0.42925,0.21897,0.24933,-0.06233,
1641629288791385088,2.17496,-1.83072,1.84755,0.53159,-0.67544,-0.30448,0.41047,0.24705,0.28496,-0.18223,
1641629288831385088,2.18544,-1.81903,1.83905,0.52936,-0.69075,-0.28599,0.40106,0.27748,0.29745,-0.25130,
1641629288891385344,2.20294,-1.80094,1.82133,0.52251,-0.71445,-0.25692,0.38799,0.30271,0.30047,-0.34296,
1641629288941385216,2.21845,-1.78629,1.80259,0.51459,-0.73599,-0.23176,0.37389,0.31721,0.27937,-0.41325,
1641629288991385344,2.23480,-1.77313,1.78121,0.50653,-0.75853,-0.20638,0.35422,0.32596,0.24540,-0.44631,
1641629289041385216,2.25169,-1.76177,1.75970,-0.49858,0.78144,0.17937,-0.32953,0.34494,0.20372,-0.42606,
1641629289091385088,2.26968,-1.75277,1.73974,-0.49673,0.79926,0.15156,-0.30245,0.35535,0.15325,-0.38812,
1641629289141387264,2.28823,-1.74566,1.72361,-0.49516,0.81446,0.12385,-0.27591,0.37350,0.11954,-0.26572,
1641629289191385344,2.30738,-1.74066,1.71345,-0.49921,0.82293,0.09996,-0.25218,0.36842,0.07989,-0.15577,
1641629289241385216,2.32595,-1.73690,1.70905,0.50428,-0.82930,-0.08244,0.22622,0.35752,0.05703,-0.03662,
1641629289271385088,2.33690,-1.73525,1.70910,0.50896,-0.83222,-0.07540,0.20661,0.35163,0.04346,0.02588,
1641629289321385216,2.35535,-1.73352,1.71431,0.52019,-0.83554,-0.06151,0.16581,0.37084,0.01425,0.17165,
1641629289371385344,2.37491,-1.73417,1.72630,0.53824,-0.83230,-0.04507,0.12464,0.40058,-0.03935,0.29930,
1641629289421385216,2.39562,-1.73732,1.74443,0.55946,-0.82354,-0.02590,0.09014,0.41418,-0.08707,0.40908,
1641629289471385344,2.41627,-1.74254,1.76644,0.58017,-0.81226,-0.00642,0.05993,0.40309,-0.11322,0.46192,
1641629289521385216,2.43583,-1.74961,1.79068,0.59754,-0.80107,0.01804,0.03008,0.37536,-0.16848,0.49611,
1641629289571385088,2.45379,-1.75976,1.81539,0.61562,-0.78696,0.04137,0.00197,0.33222,-0.22825,0.47510,
1641629289621385216,2.46970,-1.77244,1.83772,0.63095,-0.77290,0.06282,-0.02405,0.29655,-0.26851,0.41239,
1641629289661385216,2.48131,-1.78376,1.85284,0.64056,-0.76237,0.08072,-0.04439,0.27904,-0.28843,0.33444,
1641629289711385344,2.49530,-1.79847,1.86663,0.65066,-0.74890,0.10536,-0.06847,0.27234,-0.28396,0.21030,
1641629289761385216,2.50886,-1.81199,1.87378,0.65275,-0.74051,0.13139,-0.09105,0.26665,-0.24851,0.07871,
1641629289811385088,2.52151,-1.82376,1.87478,0.64934,-0.73598,0.15763,-0.10884,0.24614,-0.21601,-0.04001,
1641629289861385216,2.53286,-1.83353,1.86998,0.64507,-0.73270,0.18144,-0.11885,0.21099,-0.16542,-0.15980,
1641629289911386368,2.54282,-1.84060,1.85884,0.63847,-0.73211,0.20115,-0.12612,0.16824,-0.10603,-0.28491,
1641629289961385216,2.55137,-1.84485,1.84291,0.62833,-0.73623,0.21563,-0.12911,0.14723,-0.04376,-0.35262,
1641629290011387136,2.55884,-1.84639,1.82486,0.61692,-0.74167,0.23014,-0.12797,0.13237,-0.00137,-0.37326,
1641629290061385216,2.56569,-1.84680,1.80732,0.60724,-0.74559,0.24399,-0.12582,0.11725,0.02394,-0.33432,
1641629290111386368,2.57167,-1.84604,1.79410,0.60114,-0.74556,0.25823,-0.12688,0.09268,0.04385,-0.19943,
1641629290161386240,2.57498,-1.84380,1.78837,0.59726,-0.74458,0.26844,-0.12967,0.02545,0.07659,-0.03393,
1641629290211385344,2.57389,-1.83975,1.79126,0.59898,-0.74452,0.26462,-0.12994,-0.07414,0.09791,0.13594,
1641629290261385216,2.56767,-1.83415,1.80167,0.60504,-0.74505,0.25008,-0.12762,-0.18112,0.12844,0.25929,
1641629290311385088,2.55589,-1.82718,1.81665,0.61649,-0.74224,0.22976,-0.12744,-0.28217,0.15052,0.33121,
1641629290361385216,2.53945,-1.81884,1.83374,0.63131,-0.73694,0.20629,-0.12575,-0.36808,0.18314,0.33476,
1641629290411385344,2.51929,-1.81002,1.84996,0.64415,-0.73348,0.17992,-0.12125,-0.43717,0.19142,0.29927,
1641629290441385216,2.50578,-1.80493,1.85885,0.65120,-0.73221,0.16360,-0.11425,-0.47104,0.18940,0.26400,
1641629290491385344,2.48116,-1.79578,1.87042,0.66294,-0.72990,0.13473,-0.09801,-0.50942,0.18221,0.17033,
1641629290541385216,2.45525,-1.78686,1.87696,0.67137,-0.72948,0.10567,-0.07714,-0.51785,0.17089,0.06595,
1641629290591385088,2.42909,-1.77829,1.87825,0.67562,-0.73057,0.08125,-0.05664,-0.51694,0.17073,-0.04301,
1641629290641385216,2.40312,-1.77037,1.87409,0.67316,-0.73651,0.05548,-0.03636,-0.51189,0.16203,-0.13273,
1641629290691385344,2.37767,-1.76303,1.86589,0.66767,-0.74379,0.02901,-0.01266,-0.50063,0.14411,-0.20315,
1641629290741385216,2.35266,-1.75634,1.85504,0.65906,-0.75195,0.00436,0.01378,-0.49254,0.12623,-0.24153,
1641629290791385088,2.32774,-1.75107,1.84268,0.64955,-0.75903,-0.01893,0.04012,-0.49215,0.08908,-0.27149,
1641629290841385216,2.30277,-1.74752,1.82939,0.63818,-0.76550,-0.04460,0.06895,-0.49259,0.05740,-0.28289,
1641629290891385344,2.27774,-1.74530,1.81572,0.62648,-0.77019,-0.07058,0.09668,-0.49426,0.02580,-0.28459,
1641629290941385216,2.25283,-1.74530,1.80190,0.61466,-0.77231,-0.09769,0.12723,-0.48594,-0.01587,-0.28695,
1641629290991385344,2.22842,-1.74679,1.78770,0.60134,-0.77359,-0.12554,0.15554,-0.47893,-0.04024,-0.29672,
1641629291041385216,2.20461,-1.74972,1.77267,0.58801,-0.77365,-0.15222,0.18042,-0.45611,-0.07474,-0.31061,
1641629291091385088,2.18224,-1.75476,1.75715,0.57235,-0.77218,-0.17981,0.20932,-0.42352,-0.11730,-0.32351,
1641629291141385216,2.16080,-1.76148,1.74047,0.55350,-0.77033,-0.20900,0.23781,-0.41363,-0.13660,-0.35598,
1641629291191385344,2.13991,-1.76905,1.72219,0.52964,-0.77223,-0.23780,0.25805,-0.40198,-0.15443,-0.38364,
1641629291241385216,2.11963,-1.77686,1.70281,0.50655,-0.77491,-0.26645,0.26819,-0.38950,-0.16338,-0.39421,
1641629291271385088,2.10799,-1.78214,1.69134,-0.49285,0.77698,0.28277,-0.27100,-0.36342,-0.18528,-0.37602,
1641629291321385216,2.09099,-1.79249,1.67403,-0.47617,0.77537,0.30704,-0.27891,-0.31043,-0.22542,-0.31247,
1641629291371385344,2.07715,-1.80507,1.66088,-0.46411,0.76627,0.32937,-0.29823,-0.23895,-0.27397,-0.21399,
1641629291431385344,2.06451,-1.82204,1.65098,-0.44877,0.74605,0.35700,-0.33847,-0.19206,-0.27785,-0.11749,
1641629291471385344,2.05666,-1.83271,1.64760,-0.43547,0.73497,0.37255,-0.36248,-0.19438,-0.24531,-0.05883,
1641629291531385088,2.04479,-1.84582,1.64637,-0.41752,0.72411,0.38731,-0.38901,-0.19125,-0.18981,0.03063,
1641629291571386368,2.03762,-1.85308,1.64917,-0.40654,0.71720,0.39330,-0.40701,-0.16329,-0.17331,0.10380,
1641629291631385344,2.02957,-1.86333,1.65811,-0.39468,0.70406,0.40517,-0.42938,-0.10734,-0.13907,0.20817,
1641629291661386240,2.02696,-1.86788,1.66495,-0.38999,0.69804,0.41141,-0.43748,-0.06788,-0.12011,0.26102,
1641629291711385344,2.02617,-1.87449,1.67945,-0.38766,0.68643,0.42146,-0.44823,0.03628,-0.10910,0.32621,
1641629291761385216,2.03109,-1.88027,1.69630,-0.39344,0.66962,0.42948,-0.46083,0.15729,-0.09436,0.34970,
1641629291811385088,2.04197,-1.88513,1.71306,-0.40549,0.64921,0.43304,-0.47601,0.28130,-0.07271,0.31558,
1641629291861386240,2.05842,-1.88861,1.72694,-0.42125,0.62878,0.43134,-0.49106,0.38000,-0.03498,0.22711,
1641629291911385344,2.07902,-1.88935,1.73595,-0.43173,0.61478,0.42868,-0.50189,0.43982,0.00182,0.12698,
1641629291961386240,2.10180,-1.88862,1.73982,-0.43312,0.61006,0.42394,-0.51040,0.47198,0.01831,0.01710,
1641629292011385088,2.12586,-1.88808,1.73756,-0.42898,0.61346,0.42483,-0.50909,0.49049,0.01183,-0.09648,
1641629292061385216,2.15115,-1.88772,1.73058,-0.42662,0.61856,0.42767,-0.50247,0.51540,0.00868,-0.17401,
1641629292111385088,2.17694,-1.88745,1.72058,-0.42246,0.62851,0.43132,-0.49037,0.53183,0.00053,-0.21925,
1641629292161385216,2.20399,-1.88784,1.70961,-0.41965,0.64081,0.43429,-0.47398,0.56538,-0.00831,-0.20140,
1641629292211386112,2.23254,-1.88870,1.70072,-0.41741,0.65586,0.43080,-0.45829,0.59831,-0.01761,-0.15717,
1641629292261385216,2.26296,-1.89007,1.69443,-0.41091,0.67378,0.42482,-0.44351,0.62959,-0.03674,-0.09508,
1641629292311385088,2.29442,-1.89267,1.69157,-0.41120,0.68759,0.41793,-0.42833,0.63680,-0.07314,-0.02298,
1641629292361385216,2.32558,-1.89728,1.69244,-0.41880,0.70000,0.40485,-0.41317,0.60976,-0.12480,0.04582,
1641629292411385344,2.35461,-1.90429,1.69612,-0.42927,0.70723,0.39983,-0.39458,0.56487,-0.16886,0.10738,
1641629292441385216,2.37038,-1.90919,1.69976,-0.43821,0.70919,0.39842,-0.38246,0.51483,-0.17976,0.15129,
1641629292491385344,2.39368,-1.91834,1.70876,-0.45444,0.71311,0.39057,-0.36389,0.44231,-0.19543,0.20989,
1641629292541385216,2.41503,-1.92833,1.71966,-0.46871,0.71244,0.38504,-0.35283,0.39040,-0.20931,0.21849,
1641629292591385088,2.43307,-1.93823,1.73010,-0.47948,0.70806,0.38379,-0.34849,0.30338,-0.18836,0.20038,
1641629292641387264,2.44605,-1.94635,1.73895,-0.48503,0.70755,0.38280,-0.34290,0.20381,-0.14829,0.15366,
1641629292691385344,2.45359,-1.95284,1.74521,-0.49300,0.70732,0.38029,-0.33470,0.11055,-0.10523,0.09532,
1641629292741385216,2.45730,-1.95657,1.74870,0.50164,-0.70628,-0.37528,0.32969,0.02621,-0.05897,0.05500,
1641629292791385088,2.45716,-1.95867,1.75022,0.50618,-0.70514,-0.37043,0.33066,-0.04634,-0.02647,0.00378,
1641629292841388288,2.45348,-1.95853,1.74874,0.50802,-0.70078,-0.36963,0.33792,-0.13190,0.01919,-0.04939,
1641629292881385216,2.44712,-1.95699,1.74619,0.50457,-0.69885,-0.37337,0.34295,-0.19503,0.05222,-0.08514,
1641629292941385216,2.43359,-1.95214,1.74010,-0.49983,0.69337,0.38061,-0.35292,-0.28304,0.09851,-0.11362,
1641629292991388416,2.41749,-1.94663,1.73403,-0.49256,0.69117,0.38727,-0.36013,-0.34882,0.12355,-0.12856,
1641629293041385216,2.39995,-1.93952,1.72767,-0.48570,0.68664,0.39304,-0.37167,-0.38469,0.13977,-0.13649,
1641629293091385088,2.38112,-1.93133,1.72089,-0.47325,0.68348,0.40102,-0.38480,-0.42512,0.16017,-0.14986,
1641629293131386368,2.36450,-1.92397,1.71497,-0.46257,0.68236,0.40757,-0.39281,-0.44683,0.16825,-0.17069,
1641629293181385216,2.34296,-1.91472,1.70641,-0.44881,0.68154,0.41813,-0.39905,-0.45666,0.16569,-0.19466,
1641629293231386112,2.32012,-1.90547,1.69666,-0.43643,0.68082,0.43043,-0.40093,-0.47429,0.16334,-0.22104,
1641629293271385088,2.30036,-1.89768,1.68780,-0.43028,0.67971,0.43928,-0.39986,-0.47987,0.16060,-0.23142,
1641629293321385216,2.27563,-1.88844,1.67528,-0.42246,0.67918,0.44946,-0.39778,-0.49172,0.16631,-0.27253,
1641629293371385344,2.25058,-1.87959,1.66191,-0.41093,0.68335,0.45878,-0.39203,-0.48357,0.15556,-0.28131,
1641629293431385344,2.22119,-1.87021,1.64470,-0.39626,0.68723,0.47191,-0.38470,-0.47564,0.13477,-0.29988,
1641629293481386240,2.19671,-1.86351,1.63037,-0.39030,0.68924,0.48233,-0.37412,-0.47374,0.11422,-0.29412,
1641629293531385088,2.17191,-1.85816,1.61724,-0.38824,0.69101,0.49158,-0.36074,-0.47911,0.08034,-0.24116,
1641629293571385088,2.15226,-1.85505,1.60902,-0.38414,0.69197,0.49918,-0.35274,-0.46036,0.04505,-0.18664,
1641629293621386240,2.12919,-1.85342,1.60258,-0.38015,0.68830,0.50722,-0.35279,-0.42089,-0.00603,-0.08350,
1641629293661385216,2.11242,-1.85391,1.60099,-0.37595,0.68166,0.51377,-0.36060,-0.38330,-0.03869,-0.00968,
1641629293711385344,2.09408,-1.85593,1.60320,-0.36943,0.67026,0.52246,-0.37591,-0.33526,-0.04743,0.08595,
1641629293761385216,2.07818,-1.85791,1.60992,-0.36420,0.65977,0.52850,-0.39083,-0.28973,-0.03495,0.17732,
1641629293811385088,2.06510,-1.85929,1.62124,-0.36553,0.65122,0.53028,-0.40139,-0.21271,-0.02588,0.26087,
1641629293861385216,2.05658,-1.86007,1.63670,-0.37547,0.64026,0.53009,-0.40998,-0.12195,-0.01829,0.34388,
1641629293911385344,2.05255,-1.86057,1.65621,-0.38862,0.62951,0.52775,-0.41734,-0.03616,-0.02090,0.41469,
1641629293961385216,2.05267,-1.86112,1.67819,-0.40299,0.61942,0.52353,-0.42407,0.04959,-0.01964,0.45215,
1641629294011385088,2.05717,-1.86171,1.70149,-0.41741,0.61023,0.51787,-0.43035,0.13700,-0.02130,0.46776,
1641629294061385216,2.06586,-1.86240,1.72440,-0.43179,0.60253,0.50903,-0.43749,0.22292,-0.02023,0.44121,
1641629294111385088,2.07813,-1.86336,1.74481,-0.44506,0.59764,0.49848,-0.44301,0.30402,-0.02709,0.37873,
1641629294161385216,2.09485,-1.86474,1.76134,-0.45916,0.59126,0.48853,-0.44824,0.38593,-0.03281,0.28906,
1641629294211385344,2.11466,-1.86629,1.77346,-0.47212,0.58767,0.47677,-0.45215,0.43829,-0.03264,0.19739,
1641629294261385216,2.13646,-1.86758,1.78144,-0.48235,0.58806,0.46325,-0.45489,0.45952,-0.01964,0.12211,
1641629294311386112,2.15936,-1.86835,1.78574,-0.48867,0.59487,0.44461,-0.45788,0.46926,-0.01533,0.04077,
1641629294361385216,2.18234,-1.86885,1.78589,-0.49120,0.60541,0.42696,-0.45815,0.45531,-0.01272,-0.04362,
1641629294411385344,2.20415,-1.86962,1.78141,-0.49366,0.61664,0.41099,-0.45513,0.42978,-0.02847,-0.14818,
1641629294441385216,2.21643,-1.87050,1.77639,-0.49502,0.62323,0.40301,-0.45181,0.41239,-0.04233,-0.20739,
1641629294491385344,2.23584,-1.87315,1.76383,-0.49541,0.63371,0.39229,-0.44621,0.37591,-0.06847,-0.30693,
1641629294541385216,2.25327,-1.87701,1.74716,-0.49344,0.64279,0.38934,-0.43789,0.33395,-0.08770,-0.37615,
1641629294591385088,2.26866,-1.88149,1.72771,-0.49210,0.65058,0.38996,-0.42723,0.28974,-0.09549,-0.42166,
1641629294641385216,2.28209,-1.88562,1.70731,-0.48767,0.66104,0.39378,-0.41248,0.24440,-0.07546,-0.40700,
1641629294691385344,2.29422,-1.88870,1.68857,-0.48229,0.67461,0.39313,-0.39718,0.23477,-0.05938,-0.35644,
1641629294741385216,2.30688,-1.89133,1.67243,-0.47645,0.68841,0.38678,-0.38665,0.27067,-0.04945,-0.29921,
1641629294791385088,2.32119,-1.89337,1.65901,-0.47002,0.70058,0.38238,-0.37690,0.29442,-0.03850,-0.23896,
1641629294841385216,2.33670,-1.89498,1.64914,-0.46465,0.71401,0.37662,-0.36392,0.31690,-0.03341,-0.15674,
1641629294891385344,2.35258,-1.89659,1.64371,-0.46263,0.72630,0.37130,-0.34728,0.32386,-0.03471,-0.04952,
1641629294941385216,2.36871,-1.89815,1.64430,-0.46507,0.73603,0.36388,-0.33100,0.31633,-0.02759,0.08073,
1641629294991385344,2.38409,-1.89934,1.65153,-0.47041,0.74322,0.35502,-0.31670,0.28832,-0.02962,0.21266,
1641629295041385216,2.39752,-1.90123,1.66429,-0.48055,0.74566,0.34812,-0.30311,0.24513,-0.03928,0.30346,
1641629295081385216,2.40639,-1.90320,1.67726,-0.49317,0.74319,0.34489,-0.29242,0.19718,-0.04298,0.36144,
1641629295131385344,2.41471,-1.90542,1.69580,0.50978,-0.73743,-0.34130,0.28255,0.13451,-0.03669,0.39695,
1641629295181385216,2.42004,-1.90682,1.71503,0.51955,-0.73225,-0.34073,0.27889,0.06561,-0.01618,0.39046,
1641629295241385216,2.42189,-1.90685,1.73521,0.52152,-0.72844,-0.34450,0.28056,-0.02974,0.02070,0.28964,
1641629295271385088,2.42105,-1.90601,1.74192,0.52196,-0.72730,-0.34610,0.28074,-0.08616,0.04215,0.20840,
1641629295331385088,2.41301,-1.90306,1.74944,0.52478,-0.72557,-0.34667,0.27923,-0.17640,0.05001,0.04094,
1641629295381385216,2.40390,-1.90021,1.74714,0.52235,-0.72391,-0.35005,0.28385,-0.22393,0.06249,-0.11805,
1641629295421385216,2.39380,-1.89746,1.74023,0.51229,-0.72566,-0.35907,0.28643,-0.26337,0.07513,-0.23408,
1641629295471385344,2.37912,-1.89338,1.72555,0.50389,-0.72762,-0.36552,0.28820,-0.32147,0.08528,-0.35044,
1641629295521385216,2.36270,-1.88871,1.70581,-0.49296,0.73197,0.37061,-0.28959,-0.36091,0.09291,-0.42944,
1641629295571385088,2.34427,-1.88391,1.68363,-0.47142,0.73971,0.38118,-0.29205,-0.39292,0.08255,-0.45054,
1641629295621385216,2.32460,-1.87987,1.66148,-0.45135,0.74291,0.38992,-0.30385,-0.42199,0.07021,-0.43752,
1641629295661385216,2.30779,-1.87686,1.64474,-0.43615,0.74431,0.39748,-0.31270,-0.45705,0.05990,-0.40023,
1641629295711385344,2.28500,-1.87422,1.62611,-0.42097,0.74368,0.40810,-0.32120,-0.48329,0.02649,-0.35106,
1641629295761385216,2.26117,-1.87354,1.61033,-0.41029,0.73639,0.42768,-0.32632,-0.48460,-0.00876,-0.27950,
1641629295811385088,2.23688,-1.87442,1.59847,-0.40243,0.72627,0.44848,-0.33084,-0.49568,-0.03582,-0.18823,
1641629295861385216,2.21178,-1.87655,1.59250,-0.39647,0.71512,0.46329,-0.34174,-0.48052,-0.05506,-0.06314,
1641629295911385344,2.18813,-1.87995,1.59258,-0.38655,0.70296,0.47655,-0.35962,-0.43960,-0.07184,0.06395,
1641629295961385216,2.16729,-1.88354,1.59908,-0.37832,0.68743,0.48637,-0.38439,-0.38410,-0.06681,0.18799,
1641629296011385088,2.14971,-1.88612,1.61151,-0.37326,0.67201,0.49224,-0.40839,-0.30946,-0.04431,0.29526,
1641629296061385216,2.13648,-1.88737,1.62844,-0.37585,0.65560,0.49668,-0.42689,-0.21077,-0.00962,0.36995,
1641629296111385088,2.12848,-1.88680,1.64827,-0.38933,0.63860,0.49693,-0.44008,-0.10841,0.03203,0.41789,
1641629296161385216,2.12545,-1.88408,1.67015,-0.41035,0.62496,0.48725,-0.45124,-0.01466,0.07077,0.45105,
1641629296211385344,2.12707,-1.87953,1.69237,-0.42898,0.61691,0.46827,-0.46490,0.08120,0.09941,0.42755,
1641629296261385216,2.13310,-1.87378,1.71140,-0.44117,0.61037,0.44791,-0.48187,0.16110,0.11171,0.32642,
1641629296311385088,2.14182,-1.86766,1.72401,-0.44737,0.60648,0.43208,-0.49532,0.19414,0.12736,0.18008,
1641629296361385216,2.15151,-1.86058,1.72894,-0.44887,0.61044,0.41797,-0.50119,0.20064,0.15078,0.01261,
1641629296411385344,2.16115,-1.85211,1.72565,-0.44654,0.62504,0.40093,-0.49917,0.20396,0.18051,-0.14683,
1641629296441385216,2.16661,-1.84635,1.71983,-0.44439,0.63709,0.38888,-0.49539,0.21311,0.19550,-0.23801,
1641629296491385344,2.17743,-1.83550,1.70491,-0.43907,0.65955,0.37111,-0.48425,0.24397,0.23165,-0.34302,
1641629296541385216,2.19006,-1.82319,1.68690,-0.43588,0.68352,0.34677,-0.47177,0.28934,0.23815,-0.37604,
1641629296591385088,2.20532,-1.81119,1.66843,-0.43684,0.70445,0.31983,-0.45894,0.33723,0.23218,-0.36375,
1641629296641385216,2.22228,-1.79948,1.65165,-0.43730,0.72502,0.29635,-0.44192,0.36439,0.22532,-0.31534,
1641629296691385344,2.24052,-1.78813,1.63813,-0.44246,0.74684,0.26832,-0.41769,0.39208,0.20992,-0.25329,
1641629296741385216,2.26036,-1.77812,1.62723,-0.45392,0.76684,0.24510,-0.38189,0.42889,0.17154,-0.19376,
1641629296791385088,2.28175,-1.76923,1.62023,-0.46733,0.78520,0.22202,-0.34025,0.45472,0.15100,-0.11007,
1641629296841385216,2.30473,-1.76178,1.61671,-0.48157,0.80223,0.20008,-0.29066,0.47938,0.12414,-0.04214,
1641629296891385344,2.32878,-1.75594,1.61652,0.50016,-0.81397,-0.17488,0.23814,0.49951,0.07762,0.01791,
1641629296941385216,2.35374,-1.75298,1.61894,0.52199,-0.81820,-0.15099,0.18783,0.51622,0.02675,0.07683,
1641629296991385344,2.37954,-1.75231,1.62391,0.53744,-0.82056,-0.12383,0.15005,0.52729,-0.00604,0.11442,
1641629297041385216,2.40622,-1.75327,1.62973,0.54715,-0.82278,-0.09203,0.12327,0.54694,-0.03720,0.11975,
1641629297091385088,2.43397,-1.75569,1.63546,0.55598,-0.82298,-0.05538,0.10257,0.55856,-0.06369,0.10827,
1641629297141386240,2.46188,-1.75964,1.64035,0.56524,-0.82086,-0.02059,0.07919,0.55350,-0.09470,0.09470,
1641629297191385344,2.48896,-1.76526,1.64501,0.57215,-0.81853,0.01052,0.05051,0.52460,-0.13663,0.09436,
1641629297241385216,2.51409,-1.77321,1.64989,0.57882,-0.81453,0.03346,0.01965,0.47710,-0.17725,0.10847,
1641629297271385088,2.52796,-1.77880,1.65339,0.58033,-0.81318,0.04415,0.00133,0.44239,-0.19318,0.12838,
1641629297321385216,2.54823,-1.78888,1.66076,0.58189,-0.81073,0.05776,-0.02805,0.36555,-0.20631,0.16947,
1641629297371385344,2.56416,-1.79927,1.67060,0.58625,-0.80544,0.06947,-0.05236,0.27138,-0.20417,0.21884,
1641629297421385216,2.57462,-1.80902,1.68201,0.59443,-0.79710,0.07966,-0.07020,0.15234,-0.17941,0.22335,
1641629297481385216,2.57872,-1.81784,1.69300,0.60389,-0.78888,0.08352,-0.07750,-0.01038,-0.10763,0.13688,
1641629297521385216,2.57603,-1.82114,1.69672,0.60357,-0.79018,0.07531,-0.07508,-0.10817,-0.05948,0.05437,
1641629297571385088,2.56685,-1.82233,1.69643,0.60430,-0.79144,0.05892,-0.07051,-0.20935,0.01340,-0.05588,
1641629297621386240,2.55293,-1.81944,1.69120,0.60141,-0.79510,0.04457,-0.06426,-0.29462,0.09274,-0.14458,
1641629297661385216,2.53734,-1.81473,1.68367,0.59640,-0.79975,0.03532,-0.05874,-0.36708,0.13195,-0.20611,
1641629297711385344,2.51436,-1.80775,1.67176,0.59199,-0.80403,0.02108,-0.05138,-0.45895,0.13765,-0.25380,
1641629297761385216,2.48700,-1.80102,1.65833,0.58883,-0.80736,-0.00066,-0.03818,-0.54339,0.12928,-0.25809,
1641629297811385088,2.45625,-1.79547,1.64518,0.58109,-0.81324,-0.02747,-0.01505,-0.61032,0.08648,-0.25406,
1641629297861385216,2.42382,-1.79217,1.63268,0.57174,-0.81804,-0.06062,0.01573,-0.65040,0.05801,-0.23299,
1641629297911385344,2.39018,-1.78971,1.62113,0.55951,-0.82251,-0.09004,0.04812,-0.66600,0.04067,-0.21769,
1641629297961385216,2.35653,-1.78842,1.61059,0.54848,-0.82427,-0.11774,0.07673,-0.66570,0.02253,-0.19193,
1641629298011385088,2.32355,-1.78776,1.60139,0.53811,-0.82444,-0.14368,0.10044,-0.64799,0.00645,-0.17783,
1641629298061385216,2.29139,-1.78824,1.59337,0.52822,-0.82340,-0.16932,0.11966,-0.63609,-0.01744,-0.14256,
1641629298111385088,2.26001,-1.79057,1.58739,0.51997,-0.82000,-0.19532,0.13815,-0.62058,-0.06168,-0.09189,
1641629298161386240,2.22933,-1.79483,1.58452,0.50922,-0.81602,-0.22167,0.16021,-0.60639,-0.10293,-0.02001,
1641629298211385344,2.19981,-1.80150,1.58560,-0.49894,0.80919,0.24873,-0.18547,-0.57123,-0.15636,0.06323,
1641629298261385216,2.17236,-1.81043,1.59060,-0.49282,0.79800,0.27311,-0.21387,-0.52099,-0.18796,0.13978,
1641629298311385088,2.14798,-1.82057,1.59992,-0.48522,0.78610,0.29561,-0.24338,-0.45513,-0.20837,0.22503,
1641629298361385216,2.12713,-1.83192,1.61261,-0.48034,0.77172,0.31548,-0.27236,-0.37012,-0.23142,0.27279,
1641629298411385344,2.11092,-1.84382,1.62689,-0.48146,0.75271,0.33431,-0.29977,-0.28267,-0.22188,0.29491,
1641629298441385216,2.10302,-1.85108,1.63562,-0.48331,0.74211,0.34114,-0.31512,-0.24088,-0.20887,0.28731,
1641629298491385344,2.09286,-1.86104,1.64898,-0.47976,0.72883,0.35376,-0.33688,-0.17173,-0.18331,0.24310,
1641629298541385216,2.08582,-1.86942,1.65967,-0.46963,0.71833,0.36733,-0.35850,-0.11036,-0.14853,0.17860,
1641629298591385088,2.08276,-1.87584,1.66695,-0.45664,0.70851,0.38234,-0.37857,-0.02231,-0.09229,0.11532,
1641629298641385216,2.08424,-1.87838,1.67143,-0.44841,0.70229,0.38789,-0.39404,0.06528,0.00059,0.06083,
1641629298691385344,2.09105,-1.87611,1.67245,-0.44531,0.70298,0.38506,-0.39906,0.17762,0.09076,-0.01634,
1641629298741385216,2.10359,-1.86861,1.66965,-0.44837,0.70794,0.37645,-0.39506,0.26969,0.17624,-0.08065,
1641629298791386112,2.11919,-1.85811,1.66417,-0.45339,0.71966,0.36420,-0.37932,0.35661,0.21235,-0.13160,
1641629298841385216,2.14068,-1.84760,1.65602,-0.45769,0.73300,0.35374,-0.35791,0.45528,0.19071,-0.17067,
1641629298891385344,2.16685,-1.83876,1.64694,-0.46307,0.74177,0.34814,-0.33784,0.54204,0.14333,-0.17067,
1641629298931385344,2.19126,-1.83332,1.63950,-0.46532,0.74833,0.34332,-0.32498,0.59728,0.09491,-0.16705,
1641629298991385344,2.23010,-1.82950,1.63007,-0.46260,0.75718,0.33737,-0.31441,0.64219,0.00985,-0.12883,
1641629299041385216,2.26431,-1.83175,1.62369,-0.46227,0.76023,0.33247,-0.31277,0.64589,-0.07683,-0.10127,
1641629299081386240,2.29065,-1.83629,1.61994,-0.46220,0.75996,0.33294,-0.31302,0.61966,-0.13404,-0.07342,
1641629299141387264,2.32588,-1.84588,1.61735,-0.46064,0.76134,0.33541,-0.30931,0.52285,-0.17140,-0.01424,
1641629299191386112,2.34908,-1.85468,1.61798,-0.46061,0.76543,0.33227,-0.30258,0.39760,-0.17155,0.03500,
1641629299241386240,2.36588,-1.86399,1.62103,-0.46242,0.76860,0.32915,-0.29510,0.25565,-0.17537,0.06467,
1641629299281386240,2.37337,-1.87085,1.62350,-0.46746,0.76719,0.32875,-0.29124,0.12854,-0.16958,0.06294,
1641629299321385216,2.37546,-1.87795,1.62576,-0.47297,0.76420,0.32928,-0.28961,-0.02384,-0.13570,0.03782,
1641629299381386240,2.36754,-1.88416,1.62583,-0.47276,0.76268,0.33578,-0.28648,-0.23793,-0.08438,-0.03636,
1641629299421385216,2.35564,-1.88683,1.62320,-0.46855,0.76014,0.34746,-0.28622,-0.37153,-0.05568,-0.09753,
1641629299471385344,2.33317,-1.88869,1.61710,-0.46072,0.75440,0.36753,-0.28903,-0.53151,-0.01843,-0.14073,
1641629299531385088,2.29635,-1.88993,1.60744,-0.44542,0.74684,0.38978,-0.30316,-0.69855,0.00094,-0.17626,
1641629299571385088,2.26697,-1.89092,1.60003,-0.43562,0.73743,0.40542,-0.31948,-0.78201,-0.00939,-0.18630,
1641629299621385216,2.22651,-1.89275,1.59027,-0.42372,0.72255,0.42505,-0.34310,-0.86827,-0.02989,-0.20391,
1641629299661385216,2.19192,-1.89461,1.58170,-0.41466,0.70999,0.44100,-0.35985,-0.90778,-0.02320,-0.22907,
1641629299711385344,2.14694,-1.89549,1.56915,-0.40823,0.69507,0.46058,-0.37162,-0.94056,0.01874,-0.25851,
1641629299761385216,2.10148,-1.89389,1.55656,-0.39359,0.68883,0.47642,-0.37898,-0.90191,0.04628,-0.23847,
1641629299811385088,2.05971,-1.89185,1.54494,-0.36780,0.69056,0.48928,-0.38530,-0.77139,0.04992,-0.20187,
1641629299861385216,2.02759,-1.89001,1.53534,-0.33739,0.69387,0.50533,-0.38646,-0.51757,0.04230,-0.15550,
1641629299911385344,2.00900,-1.88793,1.52975,-0.32389,0.69292,0.51310,-0.38947,-0.22599,0.04848,-0.07472,
1641629299961385216,2.00531,-1.88595,1.52847,-0.32269,0.69493,0.51593,-0.38308,0.06940,0.04728,0.03559,
1641629300011385088,2.01609,-1.88401,1.53331,-0.32613,0.70016,0.51213,-0.37568,0.34367,0.04475,0.15787,
1641629300061387264,2.03872,-1.88215,1.54376,-0.33331,0.70454,0.50408,-0.37205,0.54336,0.03579,0.25626,
1641629300111386368,2.06899,-1.88080,1.55804,-0.35013,0.70722,0.49162,-0.36818,0.63768,0.03533,0.31500,
1641629300161385216,2.10319,-1.87973,1.57387,-0.36984,0.71520,0.47248,-0.35842,0.70680,0.03477,0.31460,
1641629300211385344,2.14076,-1.87861,1.58824,-0.38693,0.72552,0.45393,-0.34329,0.76931,0.03269,0.26950,
1641629300261388288,2.17970,-1.87761,1.60007,-0.39753,0.73934,0.43813,-0.32154,0.76894,0.02977,0.21558,
1641629300311385088,2.21757,-1.87656,1.60928,-0.40789,0.75548,0.42001,-0.29406,0.69396,0.03045,0.16094,
1641629300361385216,2.24644,-1.87455,1.61599,-0.43365,0.76515,0.39057,-0.27194,0.40866,0.04802,0.11846,
1641629300411385344,2.25818,-1.87206,1.61992,-0.45225,0.77186,0.35849,-0.26681,0.06462,0.03740,0.03141,
1641629300441386240,2.25733,-1.87141,1.61949,-0.44940,0.77427,0.35389,-0.27074,-0.11406,-0.00004,-0.05381,
1641629300491385344,2.24506,-1.87310,1.61269,-0.43918,0.76658,0.37176,-0.28508,-0.38462,-0.06031,-0.20773,
1641629300541385216,2.21835,-1.87638,1.59999,-0.43374,0.75087,0.39642,-0.30152,-0.68723,-0.06385,-0.28655,
1641629300591385088,2.17732,-1.87983,1.58560,-0.42791,0.73576,0.41146,-0.32597,-0.94256,-0.06214,-0.26047,
1641629300641385216,2.12666,-1.88278,1.57369,-0.41347,0.71807,0.42205,-0.36783,-1.04116,-0.05749,-0.21958,
1641629300691385344,2.07792,-1.88630,1.56314,-0.38247,0.70337,0.44654,-0.39947,-0.86080,-0.06899,-0.20249,
1641629300741385216,2.04321,-1.88997,1.55309,-0.35245,0.69151,0.47952,-0.40946,-0.51786,-0.06362,-0.16924,
1641629300791385088,2.02777,-1.89321,1.54776,-0.34762,0.69130,0.49324,-0.39747,-0.08017,-0.05417,-0.03572,
1641629300841385216,2.03463,-1.89499,1.55005,-0.36032,0.68774,0.49878,-0.38523,0.33791,-0.01054,0.13277,
1641629300891385344,2.05848,-1.89350,1.55962,-0.37525,0.68409,0.49295,-0.38496,0.58875,0.06790,0.23791,
1641629300931385344,2.08300,-1.88991,1.56966,-0.38722,0.68741,0.47910,-0.38469,0.61685,0.10361,0.25193,
1641629300991385344,2.11779,-1.88139,1.58253,-0.41928,0.69308,0.46154,-0.36168,0.53972,0.21544,0.16417,
1641629301041385216,2.14228,-1.86578,1.58844,-0.44515,0.70742,0.44488,-0.32168,0.47292,0.42455,0.05777,
1641629301091385088,2.16592,-1.83950,1.58844,-0.46003,0.73020,0.42226,-0.27727,0.47324,0.62742,-0.04669,
1641629301141385216,2.18555,-1.80580,1.58549,-0.46986,0.75921,0.37880,-0.24361,0.29058,0.65306,-0.06986,
1641629301191385344,2.19292,-1.78188,1.58266,-0.47847,0.78521,0.32297,-0.22406,0.00333,0.24507,-0.04753,
1641629301231385344,2.18796,-1.78140,1.57991,-0.47720,0.79154,0.30407,-0.23083,-0.25978,-0.23919,-0.09985,
1641629301271385088,2.17317,-1.80005,1.57411,-0.46572,0.78206,0.33299,-0.24619,-0.46639,-0.66778,-0.18861,
1641629301321385216,2.14615,-1.84096,1.56314,-0.44633,0.75378,0.40052,-0.26866,-0.58137,-0.90971,-0.22186,
1641629301371385344,2.11878,-1.88590,1.55435,-0.41717,0.72673,0.45585,-0.30007,-0.49749,-0.83910,-0.12020,
1641629301421385216,2.09873,-1.92086,1.55027,-0.38409,0.70277,0.49583,-0.33576,-0.29228,-0.52064,-0.05115,
1641629301471386112,2.08975,-1.93477,1.54850,-0.36006,0.68727,0.52071,-0.35620,-0.06580,-0.02026,-0.02126,
1641629301521385216,2.09313,-1.92297,1.54794,-0.35566,0.69623,0.51532,-0.35100,0.21163,0.48080,0.00416,
1641629301571385088,2.11149,-1.88883,1.54909,-0.37450,0.72288,0.48242,-0.32320,0.51506,0.85273,0.04266,
1641629301661385216,2.17232,-1.80133,1.55956,-0.42868,0.78064,0.38343,-0.24458,0.74401,0.92258,0.18172,
1641629301711385344,2.20466,-1.76462,1.56955,-0.46654,0.79809,0.32586,-0.19801,0.49757,0.50433,0.21215,
1641629301761385216,2.21831,-1.75602,1.57870,-0.49649,0.80012,0.29841,-0.15577,0.04576,-0.17398,0.14853,
1641629301811385088,2.21027,-1.78003,1.58382,0.50049,-0.77981,-0.33913,0.16246,-0.34641,-0.72370,0.04743,
1641629301911385344,2.16215,-1.87194,1.57954,-0.42372,0.72858,0.46709,-0.26731,-0.40551,-0.90789,-0.08910,
1641629301961385216,2.14793,-1.90739,1.57623,-0.38366,0.70178,0.50977,-0.31692,-0.16133,-0.46082,-0.03693,
1641629302011385088,2.14680,-1.91566,1.57523,-0.36369,0.69770,0.51665,-0.33766,0.11566,0.12970,-0.00725,
1641629302061385984,2.15965,-1.89531,1.57553,-0.37247,0.71886,0.49007,-0.32301,0.40665,0.63944,0.01666,
1641629302111385088,2.18813,-1.85547,1.57808,-0.39632,0.75388,0.44145,-0.28233,0.70809,0.88782,0.10895,
1641629302161385216,2.22812,-1.81155,1.58620,-0.42306,0.78827,0.37304,-0.24595,0.83335,0.80881,0.19949,
1641629302211385344,2.26569,-1.77918,1.59621,-0.45586,0.80837,0.31216,-0.20320,0.60844,0.44401,0.18717,
1641629302261385216,2.28557,-1.76979,1.60391,-0.48765,0.80869,0.28940,-0.15644,0.16180,-0.06537,0.11090,
1641629302311386112,2.28155,-1.78544,1.60637,-0.49966,0.79320,0.32147,-0.13352,-0.30123,-0.53094,-0.01191,
1641629302361385216,2.25801,-1.82140,1.60316,-0.48247,0.77417,0.37917,-0.15532,-0.58256,-0.87751,-0.10731,
1641629302411386368,2.22800,-1.87013,1.59609,-0.44012,0.75064,0.44395,-0.21387,-0.58671,-1.02192,-0.17081,
1641629302441385216,2.21095,-1.90023,1.59069,-0.40898,0.73380,0.48113,-0.25056,-0.54811,-0.97967,-0.18229,
1641629302491385344,2.18601,-1.94432,1.58331,-0.35575,0.70660,0.53571,-0.29525,-0.45333,-0.76789,-0.07883,
1641629302541385216,2.16574,-1.97508,1.58622,-0.32453,0.68536,0.56336,-0.32802,-0.35049,-0.46172,0.21407,
1641629302591385088,2.15248,-1.98959,1.60501,-0.31772,0.66902,0.56939,-0.35675,-0.17050,-0.11861,0.53570,
1641629302641385216,2.14885,-1.98680,1.63819,-0.32953,0.65574,0.55933,-0.38545,0.02364,0.23233,0.76879,
1641629302691385344,2.15461,-1.96725,1.67879,-0.35312,0.65610,0.52489,-0.41148,0.22313,0.53538,0.82425,
1641629302741385216,2.17069,-1.93509,1.71737,-0.37688,0.67001,0.47176,-0.43185,0.42937,0.72419,0.68950,
1641629302791385088,2.19666,-1.89735,1.74451,-0.38677,0.69635,0.40850,-0.44568,0.61504,0.75530,0.36279,
1641629302991385344,2.35893,-1.80209,1.68200,-0.39873,0.82356,0.31406,-0.25323,0.86754,0.29283,-0.41074,
1641629303041385216,2.40034,-1.78884,1.67267,-0.40391,0.84295,0.30168,-0.18782,0.75787,0.23491,0.08128,
1641629303091385088,2.43241,-1.78012,1.69068,-0.42154,0.84855,0.27335,-0.16600,0.51562,0.09297,0.60156,
1641629303141385216,2.45126,-1.78000,1.72768,-0.45448,0.83402,0.25994,-0.17403,0.23222,-0.08443,0.81856,
1641629303191385344,2.45589,-1.78737,1.76708,-0.48670,0.80975,0.27495,-0.17840,-0.03595,-0.20704,0.71837,
1641629303241385216,2.44860,-1.79954,1.79678,0.50681,-0.78859,-0.30477,0.16848,-0.22983,-0.27640,0.45159,
1641629303271385088,2.43921,-1.80882,1.80708,0.51343,-0.77770,-0.32535,0.16035,-0.31205,-0.30473,0.24716,
1641629303321385216,2.42076,-1.82475,1.81056,0.51380,-0.76286,-0.36201,0.15166,-0.40019,-0.33984,-0.09854,
1641629303371385344,2.39860,-1.84324,1.79828,-0.49450,0.75690,0.39640,-0.15950,-0.46402,-0.40930,-0.37996,
1641629303421385216,2.37509,-1.86660,1.77432,-0.45644,0.75780,0.42878,-0.18314,-0.49650,-0.52950,-0.53802,
1641629303471385344,2.35006,-1.89740,1.74831,-0.39621,0.76385,0.46377,-0.21090,-0.48954,-0.70748,-0.46434,
1641629303621385216,2.30122,-2.00297,1.75127,-0.27526,0.70842,0.55052,-0.34540,-0.17107,-0.44372,0.56132,
1641629303661385216,2.29643,-2.01620,1.77739,-0.26889,0.68994,0.55363,-0.38101,-0.06436,-0.21210,0.72421,
1641629303711385344,2.29614,-2.02053,1.81512,-0.28552,0.66975,0.54824,-0.41152,0.05430,0.04264,0.75896,
1641629303761385216,2.30162,-2.01367,1.85174,-0.31224,0.66226,0.53506,-0.42146,0.17433,0.24083,0.69963,
1641629303811385088,2.31340,-1.99781,1.88431,-0.34099,0.66273,0.51577,-0.42248,0.33140,0.37242,0.58838,
1641629303861385216,2.33185,-1.97622,1.91049,-0.37259,0.66657,0.49373,-0.41605,0.44798,0.47212,0.46364,
1641629303911385344,2.35737,-1.95062,1.93136,-0.39947,0.68615,0.46546,-0.39110,0.55355,0.51674,0.38875,
1641629303961385216,2.38863,-1.92487,1.95028,-0.42864,0.70740,0.43062,-0.36114,0.66270,0.48935,0.38322,
1641629304011385088,2.42362,-1.90260,1.96985,-0.45960,0.72713,0.39022,-0.32829,0.73342,0.38874,0.40439,
1641629304061385216,2.46195,-1.88618,1.99065,-0.48717,0.74008,0.35329,-0.30023,0.75674,0.27451,0.43414,
1641629304111385088,2.49945,-1.87534,2.01272,0.51394,-0.74713,-0.31871,0.27582,0.71374,0.15161,0.44642,
1641629304161385216,2.53445,-1.87065,2.03445,0.54039,-0.74987,-0.28968,0.24852,0.66781,0.04088,0.42106,
1641629304211386112,2.56769,-1.87025,2.05353,0.56376,-0.75073,-0.26344,0.22175,0.63237,-0.03330,0.33902,
1641629304261385216,2.59982,-1.87244,2.06700,0.58080,-0.75196,-0.24216,0.19644,0.60313,-0.06373,0.20273,
1641629304311385088,2.63078,-1.87590,2.07210,0.58716,-0.75856,-0.22240,0.17427,0.58671,-0.08018,0.01980,
1641629304361385216,2.66085,-1.87976,2.06855,0.58302,-0.76874,-0.21148,0.15623,0.57480,-0.07587,-0.13488,
1641629304411385344,2.68973,-1.88296,2.05826,0.57287,-0.78112,-0.20483,0.14039,0.56617,-0.04059,-0.23471,
1641629304441385216,2.70640,-1.88407,2.05024,0.56596,-0.78932,-0.19877,0.13097,0.55789,-0.00740,-0.25259,
1641629304491385344,2.73340,-1.88382,2.03753,0.55427,-0.80516,-0.17796,0.11328,0.53097,0.02112,-0.21734,
1641629304541385216,2.75907,-1.88307,2.02851,0.53959,-0.82235,-0.15133,0.09842,0.50048,0.01999,-0.11741,
1641629304591385088,2.78274,-1.88300,2.02532,0.52449,-0.83689,-0.13273,0.08318,0.46940,-0.01258,0.03180,
1641629304641385216,2.80504,-1.88479,2.03046,0.52109,-0.84252,-0.12114,0.06280,0.41643,-0.04328,0.20739,
1641629304691385344,2.82382,-1.88856,2.04464,0.52830,-0.84034,-0.11644,0.03433,0.35314,-0.08459,0.41352,
1641629304741385216,2.83891,-1.89503,2.06843,0.54653,-0.82938,-0.11550,0.00944,0.28166,-0.12855,0.59525,
1641629304791385088,2.84775,-1.90335,2.09973,0.56866,-0.81424,-0.11646,-0.00853,0.20116,-0.15145,0.71609,
1641629304841385216,2.85221,-1.91294,2.13530,0.59180,-0.79725,-0.11722,-0.02084,0.11805,-0.16397,0.76405,
1641629304891385344,2.84998,-1.92170,2.17168,0.61057,-0.78247,-0.11856,-0.02977,0.03084,-0.16314,0.73935,
1641629304941385216,2.84312,-1.92949,2.20536,0.62564,-0.77031,-0.11800,-0.03576,-0.06859,-0.13850,0.66086,
1641629304991385344,2.83444,-1.93565,2.23345,0.63918,-0.75922,-0.11676,-0.03750,-0.15046,-0.12049,0.52307,
1641629305041385216,2.82669,-1.94064,2.25447,0.65026,-0.74884,-0.12189,-0.03932,-0.20468,-0.09502,0.36374,
1641629305091385088,2.81585,-1.94368,2.26811,0.66202,-0.73702,-0.12918,-0.04295,-0.25312,-0.03586,0.22022,
1641629305141385216,2.79780,-1.94275,2.27404,0.67042,-0.72914,-0.12973,-0.04549,-0.30319,0.02223,0.07991,
1641629305191385344,2.77837,-1.93976,2.27294,0.67447,-0.72498,-0.13258,-0.04387,-0.34274,0.06486,-0.06110,
1641629305241385216,2.75729,-1.93489,2.26493,0.66949,-0.72801,-0.14234,-0.03907,-0.36640,0.09811,-0.18110,
1641629305271386112,2.74301,-1.93112,2.25669,0.66375,-0.73230,-0.14852,-0.03338,-0.38563,0.10920,-0.23406,
1641629305321385216,2.72061,-1.92489,2.24070,0.65153,-0.74212,-0.15612,-0.01986,-0.39976,0.12068,-0.31614,
1641629305371385344,2.69871,-1.91775,2.22138,0.63455,-0.75373,-0.17077,-0.00892,-0.39566,0.12388,-0.35010,
1641629305421385216,2.67710,-1.91050,2.20016,0.62046,-0.76323,-0.18031,0.00119,-0.40752,0.10618,-0.36420,
1641629305471385344,2.65528,-1.90559,2.17744,0.60809,-0.77186,-0.18512,0.01369,-0.43034,0.06052,-0.39238,
1641629305521385216,2.63318,-1.90258,2.15230,0.59220,-0.78077,-0.19746,0.02662,-0.45781,0.00283,-0.37575,
1641629305571385088,2.61280,-1.90245,2.12843,0.57716,-0.78601,-0.21662,0.04633,-0.45534,-0.04307,-0.33865,
1641629305621387264,2.59328,-1.90581,2.11001,0.56007,-0.79003,-0.23978,0.06845,-0.45133,-0.06300,-0.26772,
1641629305661385216,2.57702,-1.90945,2.09902,0.54260,-0.79470,-0.25874,0.08419,-0.44448,-0.08069,-0.22160,
1641629305711385344,2.55667,-1.91388,2.08931,0.52076,-0.79975,-0.28002,0.10393,-0.40837,-0.08960,-0.13701,
1641629305761385216,2.53834,-1.91867,2.08463,0.50066,-0.80281,-0.29955,0.12290,-0.35832,-0.09311,-0.03275,
1641629305811385088,2.52234,-1.92263,2.08594,-0.48692,0.80199,0.31547,-0.14211,-0.30176,-0.07532,0.09126,
1641629305861385216,2.50899,-1.92656,2.09344,-0.47900,0.79953,0.32499,-0.16026,-0.24634,-0.05193,0.21635,
1641629305911385344,2.49842,-1.92878,2.10726,-0.47681,0.79505,0.33053,-0.17691,-0.18700,-0.02429,0.34133,
1641629305961386240,2.49058,-1.93027,2.12687,-0.48164,0.78714,0.33425,-0.19160,-0.13040,-0.00997,0.44792,
1641629306011385088,2.48549,-1.93170,2.15109,-0.49266,0.77570,0.33667,-0.20551,-0.06627,-0.00853,0.52961,
1641629306061385216,2.48371,-1.93353,2.17880,0.50679,-0.76221,-0.33761,0.21958,0.00756,0.00476,0.59065,
1641629306111385088,2.48590,-1.93321,2.20864,0.52186,-0.74888,-0.33420,0.23485,0.08865,0.02929,0.61133,
1641629306161385216,2.49196,-1.93089,2.23839,0.53533,-0.73904,-0.32604,0.24687,0.15697,0.05334,0.58306,
1641629306211385344,2.50161,-1.92712,2.26569,0.55021,-0.73216,-0.31371,0.25059,0.22290,0.07440,0.50979,
1641629306261385216,2.51407,-1.92335,2.28852,0.56767,-0.72544,-0.30076,0.24703,0.28038,0.09140,0.41281,
1641629306311385088,2.52914,-1.91899,2.30636,0.58361,-0.72201,-0.28484,0.23868,0.32745,0.11583,0.30516,
1641629306361385216,2.54615,-1.91358,2.31841,0.59434,-0.72496,-0.26369,0.22730,0.36432,0.13528,0.18493,
1641629306411385344,2.56505,-1.90616,2.32423,0.59867,-0.73280,-0.23902,0.21786,0.39604,0.13932,0.06134,
1641629306441385216,2.57720,-1.90130,2.32462,0.59989,-0.73758,-0.22500,0.21327,0.40562,0.13268,-0.01892,
1641629306491385344,2.59772,-1.89444,2.32042,0.60092,-0.74506,-0.20361,0.20574,0.40638,0.11949,-0.13187,
1641629306541385216,2.61774,-1.88795,2.31098,0.59931,-0.75374,-0.18162,0.19931,0.39076,0.11738,-0.22971,
1641629306591385088,2.63705,-1.88178,2.29670,0.59327,-0.76509,-0.16290,0.19008,0.37662,0.11462,-0.31493,
1641629306641387264,2.65530,-1.87624,2.27958,0.58942,-0.77500,-0.14204,0.17826,0.35380,0.08939,-0.34997,
1641629306691386112,2.67298,-1.87313,2.26107,0.59165,-0.77952,-0.11989,0.16710,0.34586,0.04304,-0.36101,
1641629306741385216,2.68923,-1.87060,2.24242,0.58898,-0.78690,-0.09963,0.15479,0.32080,0.03331,-0.33288,
1641629306791385088,2.70431,-1.86914,2.22694,0.58149,-0.79718,-0.08051,0.14101,0.29856,0.00024,-0.23147,
1641629306841385216,2.71799,-1.86930,2.21809,0.57935,-0.80295,-0.06195,0.12562,0.27001,-0.02363,-0.09061,
1641629306891385344,2.73060,-1.87123,2.21715,0.57826,-0.80728,-0.04853,0.10752,0.23103,-0.04709,0.06268,
1641629306941385216,2.74103,-1.87415,2.22397,0.58090,-0.80822,-0.03934,0.08829,0.18530,-0.06483,0.22306,
1641629306991385344,2.74961,-1.87812,2.23878,0.58867,-0.80463,-0.03166,0.07099,0.14267,-0.08077,0.37907,
1641629307041385216,2.75650,-1.88279,2.26056,0.60189,-0.79627,-0.02285,0.05621,0.09089,-0.09203,0.49825,
1641629307091385088,2.76020,-1.88832,2.28718,0.61655,-0.78592,-0.01221,0.04525,0.02149,-0.11395,0.56901,
1641629307141385216,2.76021,-1.89472,2.31558,0.63445,-0.77198,-0.00290,0.03885,-0.05723,-0.13038,0.56781,
1641629307191385344,2.75681,-1.90136,2.34185,0.65159,-0.75767,0.00296,0.03698,-0.13421,-0.11191,0.48997,
1641629307241385216,2.74959,-1.90578,2.36275,0.66689,-0.74410,0.00570,0.03920,-0.21447,-0.05363,0.35518,
1641629307271385088,2.74493,-1.90727,2.37092,0.67382,-0.73774,0.00208,0.04136,-0.25579,-0.00997,0.24430,
1641629307321385216,2.73362,-1.90650,2.37773,0.67922,-0.73265,-0.01159,0.04176,-0.32692,0.07164,0.06596,
1641629307371385344,2.71876,-1.90219,2.37642,0.67663,-0.73471,-0.02437,0.04220,-0.39876,0.13862,-0.09896,
1641629307421385216,2.70027,-1.89456,2.36672,0.66874,-0.74118,-0.03827,0.04437,-0.47090,0.19510,-0.26457,
1641629307471385344,2.67819,-1.88424,2.34965,0.65537,-0.75180,-0.05383,0.04882,-0.53397,0.23706,-0.39102,
1641629307521385216,2.65291,-1.87253,2.32772,0.63984,-0.76362,-0.06765,0.05399,-0.58991,0.24434,-0.45740,
1641629307571385088,2.62432,-1.86163,2.30367,0.62079,-0.77732,-0.08392,0.05791,-0.63463,0.21528,-0.47640,
1641629307621385216,2.59308,-1.85235,2.27990,0.60669,-0.78589,-0.09894,0.06722,-0.66656,0.17025,-0.44998,
1641629307661385216,2.56731,-1.84668,2.26147,0.59350,-0.79327,-0.10865,0.08173,-0.68038,0.13483,-0.43128,
1641629307711386112,2.53525,-1.84228,2.24025,0.57340,-0.80166,-0.13311,0.10408,-0.65461,0.07139,-0.36104,
1641629307761385216,2.50536,-1.84092,2.22412,0.55872,-0.80328,-0.15912,0.13135,-0.61335,0.03669,-0.24661,
1641629307811385088,2.47728,-1.84081,2.21458,0.54424,-0.80373,-0.18476,0.15390,-0.56205,0.02795,-0.10159,
1641629307861385216,2.45146,-1.84042,2.21375,0.53382,-0.80188,-0.20514,0.17302,-0.50325,0.02904,0.08205,
1641629307911385344,2.42898,-1.83977,2.22117,0.53298,-0.79443,-0.22066,0.19007,-0.42779,0.03103,0.22207,
1641629307961385216,2.40982,-1.83845,2.23507,0.53871,-0.78377,-0.23228,0.20383,-0.36455,0.04512,0.33402,
1641629308011385088,2.39323,-1.83632,2.25332,0.54816,-0.77173,-0.24160,0.21352,-0.30633,0.05041,0.40212,
1641629308061385216,2.37987,-1.83495,2.27469,0.56061,-0.75778,-0.24850,0.22302,-0.23021,0.04460,0.45783,
1641629308111385088,2.37040,-1.83338,2.29802,0.57293,-0.74331,-0.25340,0.23460,-0.13950,0.06056,0.48586,
1641629308161385216,2.36597,-1.83043,2.32218,0.58384,-0.73216,-0.24977,0.24636,-0.04149,0.10590,0.48232,
1641629308211385344,2.36654,-1.82453,2.34486,0.59546,-0.72641,-0.23477,0.25028,0.05601,0.15333,0.43033,
1641629308261385216,2.37196,-1.81594,2.36406,0.60700,-0.72541,-0.20961,0.24776,0.15655,0.18620,0.33370,
1641629308311385088,2.38236,-1.80642,2.37788,0.61684,-0.72718,-0.18153,0.24033,0.25053,0.19170,0.21915,
1641629308361385216,2.39672,-1.79692,2.38563,0.62446,-0.73043,-0.15351,0.23013,0.32257,0.19450,0.09354,
1641629308411385344,2.41457,-1.78784,2.38758,0.62941,-0.73521,-0.12608,0.21773,0.38284,0.17760,-0.01443,
1641629308441385216,2.42691,-1.78328,2.38638,0.63270,-0.73737,-0.10943,0.20975,0.40597,0.16478,-0.06471,
1641629308491385344,2.44832,-1.77600,2.38158,0.63919,-0.73969,-0.08025,0.19456,0.42981,0.13970,-0.13121,
1641629308541385216,2.47076,-1.77015,2.37395,0.64476,-0.74122,-0.05353,0.17894,0.43803,0.11167,-0.17525,
1641629308591385088,2.49315,-1.76546,2.36515,0.64787,-0.74326,-0.02994,0.16414,0.44640,0.08565,-0.19615,
1641629308641385216,2.51619,-1.76236,2.35538,0.64957,-0.74546,-0.00744,0.14930,0.45693,0.06601,-0.21222,
1641629308691385344,2.53985,-1.76000,2.34508,0.65036,-0.74754,0.02079,0.13331,0.46736,0.04465,-0.22968,
1641629308741385216,2.56368,-1.75831,2.33397,0.64989,-0.74942,0.05243,0.11521,0.46426,0.03172,-0.23856,
1641629308791385088,2.58734,-1.75732,2.32260,0.64754,-0.75098,0.08604,0.09654,0.45514,0.01775,-0.23597,
1641629308841385216,2.61036,-1.75739,2.31159,0.64381,-0.75189,0.11922,0.07714,0.42688,0.00420,-0.21764,
1641629308891385344,2.63144,-1.75819,2.30220,0.63999,-0.75149,0.15031,0.05548,0.36573,-0.00289,-0.17720,
1641629308941385216,2.64880,-1.75937,2.29482,0.63715,-0.75077,0.17163,0.03038,0.28968,-0.00907,-0.13206,
1641629308991385344,2.66287,-1.76065,2.29040,0.63647,-0.74809,0.18778,0.00122,0.22612,-0.00218,-0.06421,
1641629309041385216,2.67389,-1.76151,2.28936,0.63644,-0.74438,0.19957,-0.03192,0.17709,-0.00289,0.00520,
1641629309091385088,2.68276,-1.76257,2.29193,0.63620,-0.73996,0.20892,-0.06374,0.14341,-0.00963,0.07753,
1641629309141385216,2.69010,-1.76390,2.29790,0.63646,-0.73416,0.21735,-0.09323,0.12045,-0.01796,0.14416,
1641629309191385344,2.69732,-1.76676,2.30686,0.63848,-0.72633,0.22620,-0.11670,0.10408,-0.04069,0.20656,
1641629309241385216,2.70365,-1.77072,2.31858,0.64459,-0.71488,0.23547,-0.13417,0.08035,-0.07097,0.25676,
1641629309271385088,2.70801,-1.77475,2.32662,0.64957,-0.70729,0.23999,-0.14215,0.06610,-0.07882,0.27959,
1641629309321385216,2.71260,-1.78059,2.34112,0.65836,-0.69452,0.24546,-0.15478,0.03992,-0.06895,0.29915,
1641629309371385344,2.71628,-1.78587,2.35580,0.66637,-0.68304,0.24696,-0.16857,0.01185,-0.04975,0.29010,
1641629309421385216,2.71979,-1.79088,2.36884,0.67218,-0.67464,0.24337,-0.18387,-0.00032,-0.02000,0.24379,
1641629309471385344,2.72235,-1.79369,2.37884,0.67364,-0.66927,0.23965,-0.20211,-0.00468,0.01449,0.16802,
1641629309521386240,2.72525,-1.79508,2.38460,0.67330,-0.66536,0.23762,-0.21794,-0.00030,0.05402,0.06782,
1641629309571385088,2.72772,-1.79489,2.38497,0.66964,-0.66669,0.23550,-0.22725,-0.00188,0.08778,-0.04903,
1641629309621385216,2.72906,-1.79196,2.37970,0.66408,-0.67213,0.23413,-0.22893,-0.00837,0.12652,-0.17000,
1641629309661385216,2.72852,-1.78550,2.37093,0.65702,-0.67993,0.23200,-0.22847,-0.00582,0.17244,-0.26711,
1641629309711385344,2.72947,-1.77772,2.35532,0.64251,-0.69375,0.23147,-0.22873,0.00421,0.23315,-0.36089,
1641629309761385216,2.73035,-1.76789,2.33599,0.62290,-0.71173,0.23019,-0.22900,-0.00266,0.26895,-0.41857,
1641629309811385088,2.73008,-1.75745,2.31494,0.60397,-0.73045,0.22629,-0.22464,-0.02539,0.27033,-0.43588,
1641629309861385216,2.72837,-1.74827,2.29393,0.58564,-0.74869,0.22001,-0.21930,-0.05089,0.27117,-0.42531,
1641629309911385344,2.72518,-1.73878,2.27438,0.56738,-0.76489,0.21414,-0.21717,-0.08055,0.25339,-0.38468,
1641629309961385216,2.72026,-1.72972,2.25720,0.55211,-0.77906,0.20725,-0.21281,-0.11305,0.22555,-0.31409,
1641629310011385088,2.71346,-1.72165,2.24393,0.54403,-0.78907,0.19947,-0.20396,-0.15290,0.19471,-0.22053,
1641629310061385216,2.70474,-1.71420,2.23526,0.54336,-0.79429,0.19308,-0.19126,-0.19614,0.17829,-0.12509,
1641629310111385088,2.69361,-1.70686,2.23072,0.54699,-0.79630,0.18620,-0.17899,-0.24498,0.16536,-0.05435,
1641629310161385216,2.67996,-1.70007,2.22951,0.55148,-0.79731,0.17818,-0.16857,-0.29770,0.16489,0.00748,
1641629310211385344,2.66329,-1.69315,2.23092,0.55847,-0.79783,0.16505,-0.15600,-0.36416,0.15228,0.04954,
1641629310261385216,2.64355,-1.68748,2.23464,0.56886,-0.79762,0.14466,-0.13881,-0.42062,0.12865,0.10233,
1641629310311385088,2.62107,-1.68291,2.24088,0.58270,-0.79493,0.12108,-0.11783,-0.46699,0.09461,0.14760,
1641629310361385216,2.59700,-1.68006,2.24933,0.59982,-0.78937,0.09516,-0.08971,-0.49242,0.05647,0.19007,
1641629310411385344,2.57197,-1.67893,2.25901,0.61644,-0.78256,0.06883,-0.05358,-0.50823,0.02171,0.19545,
1641629310441385216,2.55668,-1.67899,2.26479,0.62595,-0.77759,0.05146,-0.02982,-0.51175,-0.00306,0.19013,
1641629310491385344,2.53121,-1.68000,2.27393,0.63795,-0.76970,0.01952,0.01399,-0.51143,-0.03199,0.16457,
1641629310541385216,2.50552,-1.68249,2.28119,0.64649,-0.76072,-0.01421,0.05614,-0.51766,-0.05986,0.11456,
1641629310591385088,2.47979,-1.68649,2.28642,0.64822,-0.75344,-0.05210,0.09704,-0.51083,-0.09359,0.08398,
1641629310641385216,2.45492,-1.69260,2.29006,0.64461,-0.74589,-0.09206,0.14018,-0.49022,-0.13896,0.04588,
1641629310691387136,2.43095,-1.70064,2.29171,0.63671,-0.73766,-0.13331,0.18080,-0.47231,-0.17237,0.00783,
1641629310741385216,2.40808,-1.70999,2.29114,0.62459,-0.72894,-0.17475,0.21907,-0.44421,-0.19198,-0.03923,
1641629310791385088,2.38662,-1.71998,2.28811,0.61253,-0.71913,-0.21254,0.24998,-0.41587,-0.19954,-0.08953,
1641629310841385216,2.36690,-1.73037,2.28241,0.59996,-0.70903,-0.24670,0.27653,-0.37211,-0.20966,-0.14717,
1641629310891385344,2.34940,-1.74080,2.27398,0.58525,-0.69922,-0.27998,0.30030,-0.32762,-0.19859,-0.19531,
1641629310941385216,2.33444,-1.75051,2.26389,0.56653,-0.69078,-0.30806,0.32705,-0.27677,-0.17395,-0.22633,
1641629310991385344,2.32138,-1.75893,2.25169,0.54655,-0.68488,-0.33174,0.34953,-0.24458,-0.15491,-0.27235,
1641629311041385216,2.31005,-1.76710,2.23798,0.52274,-0.67852,-0.35463,0.37496,-0.20535,-0.15112,-0.29694,
1641629311091385088,2.30049,-1.77540,2.22330,-0.49030,0.67078,0.38208,-0.40456,-0.16999,-0.16129,-0.30102,
1641629311141385216,2.29298,-1.78388,2.20963,-0.45515,0.65617,0.41132,-0.43943,-0.13185,-0.14523,-0.25589,
1641629311191385344,2.28620,-1.79166,2.19911,-0.41630,0.64509,0.43434,-0.47106,-0.12582,-0.14543,-0.18746,
1641629311241385216,2.28064,-1.79959,2.19174,-0.38673,0.63233,0.45323,-0.49516,-0.08649,-0.15408,-0.10847,
1641629311271385088,2.27815,-1.80450,2.18970,-0.37448,0.62360,0.46310,-0.50638,-0.06505,-0.15041,-0.03853,
1641629311321385216,2.27556,-1.81231,2.19097,-0.36117,0.60824,0.47619,-0.52235,-0.02580,-0.14813,0.07346,
1641629311371385344,2.27511,-1.81927,2.19695,-0.35732,0.58745,0.49302,-0.53307,0.01275,-0.13061,0.15880,
1641629311421385216,2.27686,-1.82534,2.20653,-0.36018,0.56443,0.51025,-0.53975,0.05093,-0.10104,0.22349,
1641629311471385344,2.28024,-1.82950,2.21820,0.36405,-0.54186,-0.52452,0.54657,0.08073,-0.05617,0.24039,
1641629311521386240,2.28484,-1.83124,2.22912,0.36798,-0.52165,-0.53713,0.55133,0.09629,-0.00740,0.20151,
1641629311571386368,2.28961,-1.83069,2.23747,0.36942,-0.50745,-0.54708,0.55383,0.08561,0.04182,0.13405,
1641629311621385216,2.29347,-1.82828,2.24106,0.37241,-0.50152,-0.55078,0.55356,0.07922,0.08736,0.01258,
1641629311661385216,2.29634,-1.82480,2.23899,0.37887,-0.50215,-0.54868,0.55069,0.07487,0.12667,-0.10579,
1641629311711385344,2.30003,-1.81592,2.23092,0.38610,-0.50984,-0.54263,0.54456,0.07341,0.20980,-0.20642,
1641629311761385216,2.30357,-1.80241,2.22026,0.38832,-0.52899,-0.52716,0.53989,0.05974,0.31165,-0.21718,
1641629311811386112,2.30598,-1.78629,2.20884,-0.39113,0.55997,0.50199,-0.53052,0.04939,0.38420,-0.24459,
1641629311861385216,2.30854,-1.76784,2.19575,-0.40448,0.59414,0.47395,-0.50868,0.06869,0.42220,-0.26576,
1641629311911385344,2.31304,-1.74828,2.18268,-0.41808,0.62810,0.44257,-0.48460,0.12851,0.42085,-0.27315,
1641629311961385216,2.32072,-1.72930,2.16863,-0.42775,0.65463,0.41776,-0.46257,0.19442,0.38901,-0.29357,
1641629312011385088,2.33113,-1.71106,2.15396,-0.43161,0.67783,0.39860,-0.44201,0.23134,0.35575,-0.31345,
1641629312061385216,2.34322,-1.69351,2.13902,-0.43791,0.70145,0.37805,-0.41627,0.27483,0.32943,-0.30112,
1641629312111385088,2.35805,-1.67699,2.12567,-0.44880,0.72404,0.35188,-0.38797,0.32750,0.29727,-0.24762,
1641629312161385216,2.37571,-1.66259,2.11627,-0.46212,0.74243,0.32505,-0.35997,0.38699,0.24479,-0.14032,
1641629312211385344,2.39610,-1.65109,2.11278,-0.47647,0.75491,0.29990,-0.33638,0.42493,0.18724,-0.01207,
1641629312261385216,2.41757,-1.64252,2.11530,-0.49663,0.76219,0.27388,-0.31211,0.43158,0.13491,0.09284,
1641629312311385088,2.43869,-1.63648,2.12262,0.51761,-0.76794,-0.24876,0.28368,0.42418,0.08281,0.18164,
1641629312361385216,2.45920,-1.63337,2.13379,0.54154,-0.76895,-0.22641,0.25335,0.41093,0.02919,0.24503,
1641629312411385344,2.47888,-1.63294,2.14795,0.56619,-0.76719,-0.20490,0.22105,0.39939,-0.01894,0.29346,
1641629312441385216,2.49033,-1.63388,2.15748,0.58075,-0.76531,-0.19156,0.20087,0.39158,-0.03552,0.30837,
1641629312491385344,2.50907,-1.63678,2.17378,0.60369,-0.76192,-0.16705,0.16473,0.38824,-0.06068,0.32361,
1641629312541385216,2.52805,-1.64102,2.19084,0.62403,-0.75814,-0.13950,0.12784,0.38917,-0.07519,0.33620,
1641629312591385088,2.54709,-1.64598,2.20822,0.64300,-0.75293,-0.10618,0.09149,0.39877,-0.08846,0.33476,
1641629312641385216,2.56587,-1.65154,2.22494,0.66037,-0.74554,-0.06842,0.05825,0.38755,-0.10137,0.30094,
1641629312691385344,2.58374,-1.65797,2.23900,0.67287,-0.73855,-0.03352,0.02571,0.37408,-0.12317,0.24676,
1641629312741387008,2.60054,-1.66534,2.25069,0.68258,-0.73079,0.00269,-0.00474,0.35970,-0.13168,0.19795,
1641629312791385088,2.61635,-1.67269,2.25906,0.69168,-0.72010,0.04132,-0.03644,0.33463,-0.13217,0.12374,
1641629312841385216,2.63090,-1.68027,2.26381,0.69616,-0.71079,0.07699,-0.06494,0.31676,-0.13422,0.05418,
1641629312891385344,2.64461,-1.68744,2.26496,0.69764,-0.70210,0.10936,-0.09165,0.29620,-0.12197,-0.02377,
1641629312941385216,2.65800,-1.69388,2.26268,0.69573,-0.69478,0.14041,-0.11630,0.28413,-0.10421,-0.07961,
1641629312991385344,2.67104,-1.69921,2.25799,0.69263,-0.68714,0.17180,-0.13636,0.25550,-0.08105,-0.13350,
1641629313041385216,2.68285,-1.70333,2.25057,0.68811,-0.68185,0.19846,-0.14902,0.22006,-0.04870,-0.18522,
1641629313091385088,2.69301,-1.70497,2.24032,0.68100,-0.68198,0.21873,-0.15266,0.18051,0.01656,-0.24686,
1641629313141385216,2.70151,-1.70284,2.22706,0.66876,-0.68773,0.23503,-0.15665,0.13630,0.10115,-0.30644,
1641629313191385344,2.70776,-1.69733,2.21164,0.65316,-0.69837,0.24667,-0.15756,0.06637,0.15185,-0.35694,
1641629313241385216,2.71076,-1.69032,2.19434,0.64004,-0.70984,0.25061,-0.15384,-0.01006,0.17531,-0.37864,
1641629313271385088,2.71155,-1.68582,2.18415,0.63515,-0.71542,0.25025,-0.14876,-0.05656,0.18764,-0.38340,
1641629313321385216,2.70853,-1.67670,2.16548,0.62723,-0.72618,0.24532,-0.13810,-0.12085,0.20952,-0.39091,
1641629313371385344,2.70171,-1.66625,2.14633,0.61889,-0.73794,0.23911,-0.12347,-0.17647,0.22261,-0.39075,
1641629313421385216,2.69213,-1.65490,2.12702,0.60950,-0.75013,0.23027,-0.11310,-0.21372,0.24257,-0.38162,
1641629313471385344,2.68027,-1.64301,2.10840,0.59974,-0.76150,0.22286,-0.10374,-0.25258,0.23662,-0.36442,
1641629313521385216,2.66669,-1.63169,2.09117,0.58952,-0.77359,0.21294,-0.09316,-0.28792,0.23058,-0.32601,
1641629313571385088,2.65089,-1.62070,2.07551,0.58345,-0.78315,0.19995,-0.07927,-0.33093,0.22131,-0.30163,
1641629313621385216,2.63306,-1.60989,2.06127,0.57945,-0.79184,0.18278,-0.06181,-0.36990,0.21672,-0.27387,
1641629313661385216,2.61719,-1.60126,2.05057,0.57786,-0.79780,0.16532,-0.04752,-0.40857,0.21050,-0.26429,
1641629313711385344,2.59550,-1.59123,2.03784,0.57417,-0.80708,0.13520,-0.02592,-0.44773,0.18699,-0.25378,
1641629313761385216,2.57186,-1.58268,2.02565,0.56661,-0.81813,0.09803,-0.00047,-0.47896,0.14704,-0.22970,
1641629313811385088,2.54703,-1.57688,2.01521,0.55820,-0.82697,0.05828,0.03365,-0.50246,0.08259,-0.20271,
1641629313861386240,2.52060,-1.57340,2.00528,0.54649,-0.83382,0.01164,0.07715,-0.53953,0.03337,-0.19899,
1641629313911385344,2.49310,-1.57325,1.99610,0.53126,-0.83748,-0.03967,0.12171,-0.55477,-0.02538,-0.17936,
1641629313961385216,2.46449,-1.57593,1.98742,0.51794,-0.83568,-0.09047,0.15870,-0.56656,-0.09792,-0.16617,
1641629314011385088,2.43662,-1.58315,1.98037,0.50951,-0.82546,-0.14131,0.19761,-0.53356,-0.18441,-0.13574,
1641629314061385216,2.41029,-1.59366,1.97350,-0.49788,0.81085,0.19556,-0.23749,-0.50456,-0.23420,-0.14756,
1641629314111385088,2.38580,-1.60597,1.96598,-0.48204,0.79476,0.24788,-0.27304,-0.47152,-0.24594,-0.16343,
1641629314161385216,2.36216,-1.61846,1.95778,-0.45990,0.78266,0.29602,-0.29716,-0.45927,-0.25734,-0.16422,
1641629314211385344,2.34020,-1.63177,1.95064,-0.43629,0.76942,0.33998,-0.31945,-0.41375,-0.26707,-0.11229,
1641629314261386240,2.31997,-1.64511,1.94818,-0.40913,0.75622,0.38013,-0.34095,-0.37701,-0.27789,0.00595,
1641629314311385088,2.30250,-1.65952,1.95213,-0.39047,0.73878,0.41524,-0.35961,-0.31243,-0.29122,0.14220,
1641629314361385216,2.28846,-1.67419,1.96280,-0.38764,0.71608,0.44381,-0.37417,-0.24357,-0.29260,0.27253,
1641629314411385344,2.27807,-1.68754,1.97958,-0.39515,0.68865,0.46730,-0.38890,-0.17523,-0.25896,0.38536,
1641629314441385216,2.27317,-1.69453,1.99214,-0.39956,0.67407,0.47828,-0.39652,-0.14214,-0.23051,0.44667,
1641629314491385344,2.26758,-1.70408,2.01653,-0.40696,0.65262,0.49302,-0.40669,-0.06835,-0.18769,0.52092,
1641629314541385216,2.26583,-1.71081,2.04429,-0.41522,0.63380,0.50299,-0.41581,0.00714,-0.14328,0.57742,
1641629314591385088,2.26795,-1.71562,2.07351,-0.42951,0.61592,0.50837,-0.42157,0.07728,-0.10025,0.59011,
1641629314641385216,2.27288,-1.71894,2.10366,-0.44613,0.60391,0.50594,-0.42459,0.13691,-0.05417,0.59996,
1641629314691385344,2.28144,-1.71961,2.13328,-0.46551,0.59212,0.49831,-0.42939,0.20692,-0.01430,0.58205,
1641629314741385216,2.29333,-1.71850,2.16106,-0.48254,0.58241,0.48548,-0.43847,0.26839,0.01180,0.52308,
1641629314791385088,2.30784,-1.71541,2.18466,-0.49857,0.57459,0.47154,-0.44600,0.30119,0.04252,0.42942,
1641629314841385216,2.32266,-1.71189,2.20301,0.51489,-0.57339,-0.45530,0.44588,0.30075,0.06565,0.30821,
1641629314891385344,2.33770,-1.70766,2.21573,0.53337,-0.57882,-0.43733,0.43500,0.32016,0.09261,0.20719,
1641629314941385216,2.35372,-1.70222,2.22356,0.55061,-0.58944,-0.41817,0.41776,0.33640,0.11780,0.10514,
1641629314991385344,2.37099,-1.69551,2.22687,0.56852,-0.60470,-0.39469,0.39414,0.36098,0.14787,0.02450,
1641629315041385216,2.38943,-1.68721,2.22637,0.58424,-0.62442,-0.36673,0.36642,0.38204,0.17891,-0.04594,
1641629315091385088,2.40896,-1.67744,2.22305,0.59605,-0.64698,-0.33503,0.33747,0.40488,0.20071,-0.09311,
1641629315141385216,2.42963,-1.66712,2.21730,0.60410,-0.67115,-0.30172,0.30594,0.42965,0.19692,-0.14139,
1641629315191385344,2.45150,-1.65755,2.20988,0.61559,-0.69189,-0.26386,0.26965,0.44420,0.17893,-0.16029,
1641629315241385216,2.47427,-1.64985,2.20194,0.62504,-0.70859,-0.22755,0.23547,0.46620,0.12906,-0.17072,
1641629315271385088,2.48824,-1.64661,2.19718,0.62901,-0.71670,-0.20860,0.21721,0.46547,0.10644,-0.16981,
1641629315321385216,2.51177,-1.64243,2.18962,0.63299,-0.72957,-0.17635,0.18963,0.47145,0.06592,-0.14958,
1641629315371385344,2.53547,-1.64024,2.18292,0.63940,-0.73846,-0.14194,0.16031,0.46155,0.02774,-0.12665,
1641629315421388032,2.55850,-1.64014,2.17765,0.64597,-0.74378,-0.10809,0.13355,0.44921,-0.02248,-0.10016,
1641629315471385344,2.58064,-1.64218,2.17288,0.65006,-0.74765,-0.08088,0.10906,0.42964,-0.05513,-0.10310,
1641629315521387264,2.60179,-1.64566,2.16728,0.65653,-0.74765,-0.05294,0.08476,0.41843,-0.07791,-0.12792,
1641629315571385088,2.62302,-1.65023,2.16033,0.66093,-0.74698,-0.02823,0.06634,0.42056,-0.09230,-0.15429,
1641629315621386240,2.64465,-1.65475,2.15226,0.66279,-0.74658,-0.00053,0.05779,0.42673,-0.08278,-0.18686,
1641629315661385216,2.66233,-1.65811,2.14433,0.66105,-0.74822,0.02231,0.05173,0.42760,-0.07735,-0.22471,
1641629315711385344,2.68422,-1.66166,2.13250,0.65593,-0.75187,0.05271,0.04083,0.42539,-0.06075,-0.25551,
1641629315761385216,2.70634,-1.66490,2.12037,0.64733,-0.75730,0.08186,0.02748,0.42470,-0.06481,-0.22829,
1641629315811385088,2.72796,-1.66835,2.11006,0.63659,-0.76370,0.10662,0.01205,0.40715,-0.06514,-0.17933,
1641629315861385216,2.74858,-1.67225,2.10425,0.62522,-0.76987,0.12772,-0.00888,0.37253,-0.09082,-0.05684,
1641629315911385344,2.76685,-1.67764,2.10511,0.61818,-0.77245,0.14164,-0.03335,0.31892,-0.12643,0.07732,
1641629315961385216,2.78215,-1.68531,2.11278,0.61702,-0.77106,0.14745,-0.05483,0.26539,-0.18107,0.20622,
1641629316011385088,2.79447,-1.69476,2.12571,0.62319,-0.76379,0.14988,-0.07603,0.21450,-0.20293,0.27775,
1641629316061385216,2.80369,-1.70499,2.14130,0.63052,-0.75481,0.15235,-0.09748,0.17313,-0.21534,0.30421,
1641629316111385088,2.80941,-1.71549,2.15716,0.63794,-0.74512,0.15641,-0.11561,0.12492,-0.22575,0.27399,
1641629316161385216,2.81110,-1.72612,2.17046,0.64641,-0.73395,0.16207,-0.13119,0.07600,-0.22845,0.18649,
1641629316211385344,2.80863,-1.73477,2.17890,0.65265,-0.72376,0.16936,-0.14676,0.02909,-0.19690,0.05604,
1641629316261386240,2.80566,-1.74179,2.17949,0.65622,-0.71672,0.17551,-0.15774,0.00386,-0.15329,-0.08462,
1641629316311386112,2.80300,-1.74651,2.17267,0.65609,-0.71448,0.18191,-0.16116,0.00068,-0.09337,-0.22004,
1641629316361385216,2.80194,-1.74894,2.15877,0.65195,-0.71608,0.19126,-0.16003,0.01012,-0.03463,-0.34509,
1641629316411387136,2.80288,-1.74947,2.13924,0.64278,-0.72217,0.20296,-0.15531,0.00669,0.01830,-0.42546,
1641629316441385216,2.80219,-1.74800,2.12636,0.63616,-0.72752,0.20986,-0.14822,-0.01009,0.03463,-0.44602,
1641629316491385344,2.80034,-1.74563,2.10388,0.62600,-0.73692,0.21799,-0.13250,-0.06098,0.05111,-0.45840,
1641629316541385216,2.79537,-1.74206,2.08196,0.61405,-0.74855,0.22104,-0.11726,-0.12706,0.06514,-0.42518,
1641629316591385088,2.78687,-1.73779,2.06224,0.60461,-0.75913,0.21817,-0.10283,-0.20119,0.08100,-0.37575,
1641629316641385216,2.77455,-1.73304,2.04584,0.59539,-0.77190,0.20693,-0.08282,-0.27469,0.07795,-0.29507,
1641629316691386112,2.75842,-1.72816,2.03259,0.58759,-0.78552,0.18646,-0.05411,-0.35125,0.07806,-0.24207,
1641629316741389312,2.73815,-1.72370,2.02141,0.58034,-0.79825,0.15897,-0.02707,-0.43769,0.06264,-0.20843,
1641629316791387392,2.71453,-1.71998,2.01167,0.57561,-0.80801,0.12550,-0.00669,-0.49620,0.05038,-0.17827,
1641629316841385216,2.68870,-1.71837,2.00389,0.57196,-0.81515,0.09001,0.01703,-0.53464,0.00426,-0.14019,
1641629316891385344,2.66151,-1.71841,1.99740,0.57121,-0.81791,0.05213,0.04498,-0.54900,-0.02121,-0.12348,
1641629316941385216,2.63404,-1.71958,1.99191,0.56697,-0.81993,0.01710,0.07723,-0.55264,-0.03290,-0.10358,
1641629316991385344,2.60597,-1.72099,1.98635,0.56447,-0.81892,-0.01462,0.10263,-0.56607,-0.04074,-0.12735,
1641629317041385216,2.57757,-1.72356,1.97965,0.55456,-0.81981,-0.05118,0.13323,-0.56464,-0.07769,-0.15136,
1641629317091385088,2.54909,-1.72799,1.97127,0.54266,-0.81947,-0.08792,0.16202,-0.56926,-0.11356,-0.19817,
1641629317141385216,2.52084,-1.73485,1.96083,0.52903,-0.81853,-0.12500,0.18579,-0.55086,-0.18184,-0.23043,
1641629317191385344,2.49384,-1.74496,1.94937,0.51391,-0.81684,-0.16237,0.20567,-0.52308,-0.23051,-0.23381,
1641629317241385216,2.46849,-1.75805,1.93864,-0.49808,0.81309,0.19867,-0.22657,-0.48158,-0.30422,-0.20296,
1641629317271385088,2.45444,-1.76769,1.93354,-0.48830,0.80826,0.22119,-0.24362,-0.44663,-0.34833,-0.16669,
1641629317321385216,2.43305,-1.78632,1.92688,-0.46799,0.79706,0.26026,-0.27919,-0.41190,-0.39902,-0.12359,
1641629317371386368,2.41296,-1.80738,1.92134,-0.45085,0.78277,0.29883,-0.30775,-0.38381,-0.43893,-0.10662,
1641629317421385216,2.39459,-1.82970,1.91723,-0.43615,0.76602,0.33422,-0.33358,-0.34948,-0.45120,-0.07587,
1641629317471385344,2.37772,-1.85231,1.91415,-0.42191,0.74983,0.36664,-0.35401,-0.31798,-0.44810,-0.05900,
1641629317521385216,2.36248,-1.87412,1.91183,-0.40750,0.73421,0.39381,-0.37389,-0.28821,-0.42482,-0.04419,
1641629317571385088,2.34830,-1.89458,1.91050,-0.39173,0.72178,0.41458,-0.39205,-0.27789,-0.39553,-0.01172,
1641629317621385216,2.33484,-1.91398,1.91134,-0.37630,0.71103,0.43059,-0.40917,-0.25398,-0.38615,0.04352,
1641629317661386240,2.32505,-1.92923,1.91444,-0.36689,0.70063,0.44307,-0.42214,-0.23715,-0.37988,0.10920,
1641629317711385344,2.31350,-1.94783,1.92256,-0.35922,0.68620,0.46017,-0.43398,-0.21683,-0.36783,0.21159,
1641629317761385216,2.30376,-1.96564,1.93613,-0.35877,0.66976,0.47731,-0.44145,-0.16531,-0.34472,0.32430,
1641629317811385088,2.29693,-1.98201,1.95523,-0.36481,0.65080,0.49276,-0.44783,-0.09665,-0.31812,0.42186,
1641629317861385216,2.29383,-1.99596,1.97895,-0.37534,0.63021,0.50720,-0.45245,-0.02968,-0.27049,0.51395,
1641629317911385344,2.29385,-2.00730,2.00585,-0.39301,0.61091,0.51604,-0.45391,0.02740,-0.20787,0.55013,
1641629317961385216,2.29651,-2.01495,2.03474,-0.41433,0.59545,0.51963,-0.45139,0.08223,-0.13537,0.59075,
1641629318011385088,2.30183,-2.01926,2.06426,-0.43696,0.58334,0.51810,-0.44761,0.12973,-0.07910,0.57701,
1641629318061385216,2.30969,-2.02072,2.09294,-0.45727,0.57538,0.51196,-0.44468,0.18456,-0.02845,0.54861,
1641629318111385088,2.32010,-2.01918,2.11836,-0.47507,0.56984,0.50351,-0.44280,0.22159,0.03171,0.46215,
1641629318161385216,2.33224,-2.01452,2.13910,-0.49073,0.56881,0.48996,-0.44224,0.25281,0.08226,0.35320,
1641629318211385344,2.34573,-2.00691,2.15408,0.50200,-0.57223,-0.47621,0.44020,0.27004,0.13226,0.25087,
1641629318261385216,2.36055,-1.99569,2.16384,0.51204,-0.58159,-0.45747,0.43622,0.29273,0.16974,0.13422,
1641629318311385088,2.37665,-1.98297,2.16850,0.51978,-0.59447,-0.43440,0.43327,0.33103,0.18712,0.05084,
1641629318361385216,2.39445,-1.97085,2.16798,0.52370,-0.60589,-0.41319,0.43349,0.35563,0.18453,-0.07373,
1641629318411385344,2.41238,-1.95886,2.16235,0.51998,-0.62256,-0.39256,0.43351,0.35386,0.19092,-0.15941,
1641629318441385216,2.42315,-1.95053,2.15656,0.51644,-0.63443,-0.37932,0.43232,0.34532,0.18713,-0.23139,
1641629318491385344,2.44052,-1.93934,2.14280,0.51232,-0.65533,-0.35968,0.42272,0.34045,0.16294,-0.30682,
1641629318541385216,2.45857,-1.92976,2.12673,0.50904,-0.67335,-0.34357,0.41164,0.35417,0.11841,-0.32878,
1641629318591385088,2.47788,-1.92248,2.11168,0.50943,-0.68888,-0.33079,0.39560,0.39012,0.07270,-0.25514,
1641629318641385216,2.49923,-1.91877,2.10174,0.51905,-0.70032,-0.31161,0.37821,0.42917,0.01065,-0.14932,
1641629318691385344,2.52189,-1.91861,2.09806,0.53177,-0.71148,-0.28965,0.35655,0.44292,-0.06855,-0.02334,
1641629318741387008,2.54583,-1.92297,2.10025,0.54426,-0.71927,-0.27427,0.33348,0.47734,-0.16413,0.07651,
1641629318791385088,2.57107,-1.93043,2.10612,0.56568,-0.72170,-0.25510,0.30673,0.47993,-0.20250,0.11846,
1641629318841385216,2.59633,-1.93844,2.11264,0.58604,-0.72772,-0.23130,0.27106,0.47629,-0.21347,0.10836,
1641629318891385344,2.62124,-1.94672,2.11736,0.60542,-0.73416,-0.20109,0.23245,0.46374,-0.22048,0.06903,
1641629318941385216,2.64481,-1.95635,2.11948,0.61840,-0.74116,-0.17257,0.19620,0.44291,-0.23352,0.00911,
1641629318991385344,2.66687,-1.96668,2.11847,0.62770,-0.74861,-0.14212,0.15931,0.41984,-0.24321,-0.04418,
1641629319041385216,2.68772,-1.97888,2.11468,0.63949,-0.75122,-0.10645,0.12406,0.40352,-0.27853,-0.09794,
1641629319091385088,2.70762,-1.99265,2.10818,0.64750,-0.75301,-0.07118,0.09296,0.39753,-0.30476,-0.13994,
1641629319141385216,2.72786,-2.00759,2.09965,0.65654,-0.75064,-0.03031,0.06762,0.38722,-0.32233,-0.19553,
1641629319191385344,2.74721,-2.02297,2.08764,0.66078,-0.74895,0.01010,0.04826,0.37109,-0.31630,-0.27300,
1641629319241385216,2.76555,-2.03704,2.07307,0.65726,-0.75144,0.04509,0.03613,0.36167,-0.26802,-0.28992,
1641629319271385088,2.77586,-2.04424,2.06439,0.65162,-0.75528,0.06203,0.03322,0.36298,-0.24025,-0.27167,
1641629319321385216,2.79355,-2.05510,2.05233,0.63810,-0.76480,0.08298,0.03193,0.37042,-0.21067,-0.19274,
1641629319371385344,2.81143,-2.06514,2.04535,0.62619,-0.77255,0.10295,0.02141,0.36584,-0.20162,-0.07193,
1641629319421385216,2.82876,-2.07565,2.04540,0.61680,-0.77787,0.12032,0.00270,0.34851,-0.23305,0.08176,
1641629319471385344,2.84486,-2.08785,2.05314,0.61716,-0.77515,0.13367,-0.01975,0.30800,-0.25955,0.22340,
1641629319521385216,2.85838,-2.10050,2.06693,0.62303,-0.76833,0.14074,-0.04119,0.24642,-0.25044,0.31211,
1641629319571385088,2.86769,-2.11200,2.08420,0.62900,-0.76156,0.14338,-0.06193,0.17213,-0.22737,0.36551,
1641629319621385216,2.87243,-2.12241,2.10343,0.63739,-0.75297,0.14243,-0.08060,0.07784,-0.21104,0.38521,
1641629319661385216,2.87268,-2.12971,2.11944,0.64602,-0.74512,0.13794,-0.09178,0.01039,-0.19169,0.38571,
1641629319711385344,2.86957,-2.13747,2.13881,0.65746,-0.73500,0.13129,-0.10143,-0.06876,-0.16061,0.35609,
1641629319761385216,2.86198,-2.14306,2.15610,0.66916,-0.72494,0.12218,-0.10845,-0.14318,-0.13300,0.29349,
1641629319811385088,2.85032,-2.14681,2.16934,0.67933,-0.71729,0.10888,-0.11026,-0.20382,-0.10289,0.20266,
1641629319861385216,2.83541,-2.14802,2.17780,0.68700,-0.71252,0.09245,-0.10859,-0.24132,-0.06732,0.11688,
1641629319911385344,2.81975,-2.14815,2.18156,0.69154,-0.71116,0.07731,-0.10025,-0.26535,-0.03551,0.02425,
1641629319961385216,2.80419,-2.14803,2.18101,0.69405,-0.71178,0.06355,-0.08725,-0.29428,-0.01587,-0.05024,
1641629320011385088,2.78751,-2.14709,2.17705,0.69576,-0.71301,0.05054,-0.07056,-0.32235,0.00334,-0.11211,
1641629320061385216,2.76925,-2.14539,2.17013,0.69262,-0.71880,0.03553,-0.04828,-0.36833,0.01991,-0.16920,
1641629320111385088,2.74873,-2.14365,2.16052,0.68769,-0.72551,0.01595,-0.02143,-0.42300,0.00507,-0.21779,
1641629320161385216,2.72565,-2.14283,2.14828,0.68289,-0.73039,-0.00945,0.00999,-0.47967,-0.01518,-0.27624,
1641629320211385344,2.70022,-2.14383,2.13357,0.67306,-0.73688,-0.04303,0.04632,-0.51982,-0.05979,-0.31896,
1641629320261385216,2.67333,-2.14652,2.11733,0.65894,-0.74255,-0.08318,0.08652,-0.53822,-0.07888,-0.34696,
1641629320311385088,2.64599,-2.14975,2.10012,0.64035,-0.74847,-0.11990,0.12398,-0.53508,-0.09261,-0.36350,
1641629320361385216,2.61926,-2.15336,2.08251,0.61940,-0.75336,-0.15387,0.15847,-0.51323,-0.10429,-0.36110,
1641629320411385344,2.59355,-2.15776,2.06475,0.60000,-0.75593,-0.18167,0.18857,-0.49221,-0.12567,-0.36842,
1641629320441385216,2.57854,-2.16100,2.05408,0.58762,-0.75688,-0.19956,0.20497,-0.47103,-0.14540,-0.36765,
1641629320491385344,2.55555,-2.16857,2.03627,0.56628,-0.75665,-0.22873,0.23344,-0.43283,-0.16697,-0.36190,
1641629320541385216,2.53432,-2.17693,2.01801,0.54685,-0.75658,-0.25406,0.25297,-0.40137,-0.17889,-0.37139,
1641629320591385088,2.51515,-2.18602,2.00025,0.52672,-0.75779,-0.27543,0.26919,-0.35528,-0.19706,-0.34528,
1641629320641385216,2.49837,-2.19617,1.98356,0.50601,-0.75780,-0.29691,0.28553,-0.30197,-0.21345,-0.32588,
1641629320691385344,2.48434,-2.20680,1.96823,-0.48559,0.75663,0.31536,-0.30377,-0.25413,-0.21567,-0.29082,
1641629320741385216,2.47239,-2.21724,1.95472,-0.46473,0.75809,0.32940,-0.31752,-0.22525,-0.21209,-0.24896,
1641629320791385088,2.46154,-2.22810,1.94305,-0.45054,0.75807,0.33935,-0.32739,-0.20623,-0.24158,-0.21932,
1641629320841385216,2.45168,-2.24051,1.93339,-0.43802,0.75523,0.35424,-0.33509,-0.19035,-0.27693,-0.15850,
1641629320891385344,2.44210,-2.25466,1.92749,-0.42496,0.74819,0.37075,-0.34952,-0.18785,-0.31374,-0.07648,
1641629320941385216,2.43291,-2.27076,1.92533,-0.41362,0.73810,0.38605,-0.36755,-0.18223,-0.35511,-0.00949,
1641629320991385344,2.42305,-2.28901,1.92594,-0.40755,0.72400,0.40151,-0.38538,-0.20225,-0.38471,0.02880,
1641629321041385216,2.41215,-2.30787,1.92914,-0.40182,0.71061,0.41681,-0.39980,-0.21975,-0.37996,0.09574,
1641629321091385088,2.40101,-2.32606,1.93611,-0.39458,0.69704,0.43210,-0.41441,-0.21242,-0.37480,0.16862,
1641629321141385216,2.39112,-2.34340,1.94712,-0.38954,0.67910,0.44995,-0.42968,-0.17221,-0.36654,0.25593,
1641629321191385344,2.38349,-2.35969,1.96179,-0.38724,0.65665,0.46919,-0.44577,-0.12562,-0.34580,0.31310,
1641629321241385216,2.37811,-2.37404,1.97912,-0.38857,0.63449,0.48787,-0.45653,-0.06921,-0.30609,0.36037,
1641629321271385088,2.37613,-2.38039,1.99071,-0.39141,0.62141,0.49767,-0.46150,-0.03053,-0.27371,0.38003,
1641629321321385216,2.37590,-2.39009,2.01088,-0.40028,0.60240,0.51055,-0.46500,0.04382,-0.20989,0.40261,
1641629321371385344,2.37998,-2.39557,2.03216,-0.41321,0.58578,0.51847,-0.46616,0.13640,-0.13141,0.42268,
1641629321421385216,2.38842,-2.39589,2.05417,-0.42700,0.57374,0.51950,-0.46757,0.21850,-0.04605,0.42271,
1641629321471385344,2.40085,-2.39290,2.07477,-0.44171,0.56653,0.51424,-0.46851,0.29274,0.02041,0.37332,
1641629321521385216,2.41641,-2.38641,2.09233,-0.45880,0.56333,0.50470,-0.46630,0.34210,0.07810,0.30755,
1641629321571386368,2.43402,-2.37736,2.10582,-0.47525,0.56448,0.49336,-0.46054,0.37326,0.12211,0.22597,
1641629321621385216,2.45251,-2.36657,2.11593,-0.48961,0.57099,0.48062,-0.45084,0.39558,0.16450,0.17529,
1641629321661385216,2.46856,-2.35714,2.12244,0.50110,-0.57782,-0.46792,0.44280,0.42373,0.19147,0.15549,
1641629321711385344,2.49034,-2.34516,2.13043,0.51236,-0.58756,-0.45128,0.43430,0.44834,0.22481,0.16921,
1641629321761385216,2.51378,-2.33206,2.13979,0.52309,-0.60240,-0.43152,0.42104,0.49525,0.23602,0.20482,
1641629321811385088,2.53979,-2.31981,2.15011,0.54246,-0.61646,-0.40436,0.40274,0.54823,0.22862,0.21676,
1641629321861385216,2.56826,-2.30890,2.16209,0.56235,-0.63245,-0.36881,0.38437,0.59827,0.19617,0.24143,
1641629321911385344,2.59791,-2.30041,2.17283,0.58392,-0.64870,-0.33275,0.35708,0.58670,0.16259,0.16202,
1641629321961385216,2.62633,-2.29296,2.17933,0.60660,-0.66997,-0.29559,0.30952,0.55665,0.14604,0.08710,
1641629322021385216,2.65964,-2.28525,2.18310,0.63088,-0.69880,-0.23813,0.23867,0.55563,0.11691,0.02719,
1641629322051385088,2.67636,-2.28214,2.18367,0.64050,-0.71085,-0.20686,0.20413,0.55750,0.09165,-0.00699,
1641629322111385088,2.70955,-2.27890,2.18139,0.65261,-0.72798,-0.15079,0.14631,0.54967,0.01682,-0.06395,
1641629322161385216,2.73615,-2.27906,2.17708,0.66291,-0.73359,-0.10341,0.10818,0.52290,-0.03030,-0.11083,
1641629322211385344,2.76123,-2.28170,2.17005,0.67147,-0.73467,-0.06006,0.07601,0.48637,-0.06845,-0.15528,
1641629322251385088,2.77967,-2.28440,2.16316,0.67684,-0.73380,-0.02461,0.05305,0.44561,-0.07452,-0.18303,
1641629322311385088,2.80474,-2.29006,2.15034,0.67953,-0.73291,0.02370,0.02270,0.39266,-0.10638,-0.23886,
1641629322361385216,2.82307,-2.29508,2.13715,0.67910,-0.73146,0.06157,-0.00095,0.34740,-0.09683,-0.29270,
1641629322411385344,2.83884,-2.29988,2.12078,0.67298,-0.73393,0.09026,-0.01717,0.30313,-0.09287,-0.35365,
1641629322441385216,2.84680,-2.30237,2.10939,0.66651,-0.73823,0.10235,-0.01754,0.27838,-0.08213,-0.39515,
1641629322491385344,2.85911,-2.30582,2.08744,0.65357,-0.74772,0.11696,-0.00909,0.24978,-0.05809,-0.46412,
1641629322541385216,2.87016,-2.30752,2.06270,0.63842,-0.75804,0.13335,0.00294,0.21979,-0.02048,-0.51361,
1641629322591385088,2.88014,-2.30833,2.03615,0.62463,-0.76682,0.14754,0.00734,0.19812,-0.01763,-0.53408,
1641629322641385216,2.88895,-2.30861,2.00996,0.61350,-0.77281,0.16224,0.00713,0.20142,-0.00253,-0.50140,
1641629322691385344,2.89824,-2.30872,1.98621,0.60080,-0.77949,0.17727,0.00091,0.19994,-0.01522,-0.43802,
1641629322741385216,2.90780,-2.31013,1.96688,0.58789,-0.78724,0.18591,-0.00864,0.20583,-0.04319,-0.32245,
1641629322791385088,2.91720,-2.31261,1.95431,0.57586,-0.79434,0.19216,-0.02213,0.20958,-0.06268,-0.17667,
1641629322841386240,2.92704,-2.31633,1.94994,0.56573,-0.79977,0.19613,-0.04303,0.21004,-0.08992,0.00707,
1641629322891385344,2.93706,-2.32146,1.95517,0.56439,-0.79817,0.19975,-0.06700,0.19780,-0.11491,0.19609,
1641629322941385216,2.94669,-2.32733,1.96956,0.56917,-0.79211,0.20254,-0.08716,0.19068,-0.11258,0.36339,
1641629322991385344,2.95495,-2.33205,1.99134,0.57887,-0.78234,0.20494,-0.10421,0.15900,-0.09337,0.47738,
1641629323041385216,2.96099,-2.33567,2.01754,0.59211,-0.77011,0.20484,-0.11995,0.10328,-0.06898,0.53762,
1641629323091385088,2.96388,-2.33758,2.04583,0.60596,-0.75754,0.20137,-0.13563,0.04153,-0.03839,0.55507,
1641629323141385216,2.96369,-2.33792,2.07426,0.61756,-0.74748,0.19463,-0.14836,-0.02557,-0.00485,0.54204,
1641629323191385344,2.95998,-2.33679,2.10136,0.62785,-0.74017,0.18350,-0.15581,-0.09787,0.01474,0.51410,
1641629323241385216,2.95240,-2.33499,2.12656,0.64045,-0.73217,0.17035,-0.15729,-0.17438,0.02088,0.46759,
1641629323271385088,2.94555,-2.33351,2.14070,0.64936,-0.72661,0.16187,-0.15548,-0.21960,0.02549,0.43613,
1641629323321385216,2.93194,-2.33182,2.16123,0.66600,-0.71623,0.14705,-0.14776,-0.29630,0.02155,0.37250,
1641629323371385344,2.91483,-2.33009,2.17830,0.68178,-0.70713,0.12943,-0.13562,-0.36258,0.01908,0.31207,
1641629323421385216,2.89514,-2.32823,2.19245,0.69512,-0.69968,0.11039,-0.12277,-0.40272,0.03879,0.26125,
1641629323471385344,2.87356,-2.32505,2.20439,0.70482,-0.69396,0.09427,-0.11297,-0.43360,0.06411,0.21828,
1641629323521385216,2.85073,-2.32089,2.21371,0.71190,-0.69056,0.07698,-0.10197,-0.45530,0.08232,0.14880,
1641629323571385088,2.82683,-2.31653,2.21860,0.71760,-0.68847,0.05508,-0.08953,-0.47442,0.08737,0.05180,
1641629323621385216,2.80233,-2.31285,2.21846,0.72172,-0.68798,0.02803,-0.07085,-0.48867,0.06343,-0.05519,
1641629323661385216,2.78246,-2.31070,2.21475,0.72171,-0.69054,0.00353,-0.04774,-0.49006,0.06247,-0.12706,
1641629323711385344,2.75770,-2.30740,2.20677,0.71551,-0.69810,-0.02241,-0.01417,-0.49440,0.07195,-0.19704,
1641629323761385216,2.73241,-2.30420,2.19520,0.70845,-0.70404,-0.04412,0.02198,-0.50725,0.04753,-0.27562,
1641629323811385088,2.70660,-2.30194,2.17982,0.69889,-0.70936,-0.06980,0.05913,-0.51536,0.03533,-0.34492,
1641629323861385216,2.68073,-2.30109,2.16173,0.68693,-0.71397,-0.09991,0.09157,-0.49696,0.00350,-0.39488,
1641629323911385344,2.65698,-2.30192,2.14172,0.67076,-0.71947,-0.13471,0.11956,-0.42938,-0.03253,-0.41869,
1641629323961385216,2.63706,-2.30412,2.12168,0.65191,-0.72432,-0.16728,0.14960,-0.35277,-0.04343,-0.40425,
1641629324021385216,2.61696,-2.30720,2.09722,0.63645,-0.72429,-0.19277,0.18215,-0.30776,-0.05663,-0.43702,
1641629324061385216,2.60423,-2.30988,2.07955,0.62532,-0.72544,-0.20766,0.19896,-0.29687,-0.06344,-0.47248,
1641629324111385088,2.58931,-2.31338,2.05531,0.60873,-0.72894,-0.22767,0.21508,-0.27317,-0.07050,-0.52082,
1641629324161385216,2.57568,-2.31779,2.02786,0.59100,-0.73476,-0.24499,0.22545,-0.24508,-0.09791,-0.59074,
1641629324211385344,2.56381,-2.32394,1.99785,0.57266,-0.74014,-0.26410,0.23347,-0.20591,-0.13630,-0.61200,
1641629324261385216,2.55365,-2.33146,1.96781,0.55244,-0.74263,-0.28376,0.25058,-0.19771,-0.15717,-0.58993,
1641629324301385216,2.54535,-2.33812,1.94509,0.53321,-0.74674,-0.29850,0.26262,-0.21849,-0.17193,-0.54541,
1641629324361385216,2.53111,-2.34957,1.91445,0.50648,-0.75237,-0.32216,0.27134,-0.24582,-0.20046,-0.46407,
1641629324411385344,2.51851,-2.36078,1.89396,-0.48506,0.75379,0.34357,-0.28014,-0.24441,-0.23654,-0.35990,
1641629324441385216,2.51145,-2.36856,1.88419,-0.47384,0.75109,0.35700,-0.28966,-0.21516,-0.26087,-0.28990,
1641629324491385344,2.50157,-2.38238,1.87271,-0.45578,0.74222,0.37520,-0.31719,-0.18136,-0.27179,-0.18371,
1641629324541385216,2.49230,-2.39618,1.86489,-0.43981,0.73402,0.38693,-0.34362,-0.17728,-0.26357,-0.13119,
1641629324591385088,2.48341,-2.40982,1.85984,-0.42484,0.72824,0.39331,-0.36673,-0.17049,-0.26147,-0.08097,
1641629324641385216,2.47485,-2.42338,1.85762,-0.40701,0.72197,0.40385,-0.38731,-0.16030,-0.26063,-0.00689,
1641629324691385344,2.46675,-2.43577,1.86050,-0.38721,0.71257,0.41964,-0.40770,-0.14899,-0.24028,0.10193,
1641629324741385216,2.45955,-2.44664,1.86883,-0.37479,0.69876,0.43923,-0.42231,-0.11974,-0.21411,0.21809,
1641629324791385088,2.45443,-2.45625,1.88335,-0.37432,0.68078,0.45595,-0.43420,-0.06706,-0.17843,0.35067,
1641629324841385216,2.45245,-2.46309,1.90412,-0.38134,0.65935,0.47030,-0.44570,-0.00045,-0.12719,0.46162,
1641629324891385344,2.45331,-2.46698,1.92931,-0.39067,0.63815,0.48176,-0.45612,0.05659,-0.06895,0.52176,
1641629324941385216,2.45724,-2.46795,1.95681,-0.40505,0.61924,0.48846,-0.46247,0.13347,-0.02338,0.54443,
1641629324991386112,2.46487,-2.46683,1.98437,-0.42177,0.60340,0.49148,-0.46526,0.20638,0.03021,0.52192,
1641629325041385216,2.47642,-2.46306,2.00871,-0.43674,0.59453,0.48899,-0.46549,0.28418,0.07660,0.43891,
1641629325091385088,2.49190,-2.45813,2.02806,-0.44728,0.59218,0.48138,-0.46641,0.37087,0.10581,0.32601,
1641629325141385216,2.51190,-2.45281,2.04025,-0.45343,0.59543,0.47083,-0.46710,0.45595,0.10329,0.16675,
1641629325191385344,2.53579,-2.44808,2.04523,-0.46215,0.59869,0.45783,-0.46730,0.52441,0.08579,0.03663,
1641629325241385216,2.56206,-2.44487,2.04433,-0.47294,0.60394,0.44238,-0.46463,0.55384,0.04840,-0.07045,
1641629325271385088,2.57797,-2.44395,2.04198,-0.47984,0.60673,0.43391,-0.46190,0.56025,0.02937,-0.10882,
1641629325321385216,2.60540,-2.44334,2.03551,-0.48655,0.61547,0.42215,-0.45417,0.55702,-0.00528,-0.16482,
1641629325371386368,2.63303,-2.44484,2.02658,-0.48758,0.62651,0.41574,-0.44375,0.56983,-0.05219,-0.20578,
1641629325421385216,2.66119,-2.44846,2.01624,-0.48420,0.63596,0.41370,-0.43585,0.57310,-0.09265,-0.23309,
1641629325471386112,2.68978,-2.45368,2.00564,-0.47988,0.64593,0.41062,-0.42881,0.58096,-0.11537,-0.20512,
1641629325521385216,2.71788,-2.45975,1.99754,-0.47999,0.65258,0.39894,-0.42965,0.55159,-0.13965,-0.16671,
1641629325571385088,2.74537,-2.46714,1.99064,-0.47927,0.66213,0.38901,-0.42492,0.54678,-0.17433,-0.12730,
1641629325621385216,2.77227,-2.47602,1.98616,-0.47406,0.66861,0.38474,-0.42450,0.52631,-0.21115,-0.07945,
1641629325661390336,2.79336,-2.48408,1.98400,-0.47063,0.67228,0.38503,-0.42226,0.51482,-0.23579,-0.04935,
1641629325711385344,2.81829,-2.49649,1.98263,-0.47182,0.67548,0.38405,-0.41668,0.47910,-0.25502,-0.00739,
1641629325761388288,2.84106,-2.50809,1.98357,-0.47843,0.67889,0.38216,-0.40518,0.43680,-0.25440,0.04335,
1641629325811385088,2.86140,-2.52034,1.98690,-0.48745,0.67913,0.37861,-0.39727,0.38504,-0.22046,0.09141,
1641629325861385216,2.87814,-2.52859,1.99253,-0.49461,0.68002,0.37173,-0.39339,0.28321,-0.14464,0.11958,
1641629325911385344,2.88881,-2.53347,1.99842,0.50124,-0.68455,-0.36021,0.38781,0.15922,-0.06703,0.09679,
1641629325961386240,2.89305,-2.53541,2.00232,0.50724,-0.68869,-0.35173,0.38039,0.03701,-0.01144,0.04628,
1641629326011385088,2.89089,-2.53539,2.00393,0.51063,-0.69086,-0.34633,0.37686,-0.08650,0.02332,-0.00127,
1641629326061387264,2.88253,-2.53370,2.00295,0.51189,-0.68957,-0.34647,0.37739,-0.19968,0.05682,-0.05115,
1641629326111385088,2.87008,-2.52993,1.99899,0.51413,-0.68598,-0.34958,0.37801,-0.29902,0.09138,-0.09053,
1641629326161385216,2.85349,-2.52449,1.99356,0.51426,-0.68114,-0.35438,0.38209,-0.37618,0.11873,-0.12238,
1641629326211385344,2.83319,-2.51789,1.98708,0.50629,-0.67677,-0.36413,0.39122,-0.44349,0.13685,-0.14052,
1641629326261385216,2.80869,-2.51054,1.97964,-0.49301,0.67199,0.37891,-0.40223,-0.51120,0.14315,-0.17576,
1641629326311385088,2.78026,-2.50305,1.97070,-0.47869,0.66735,0.39853,-0.40827,-0.54667,0.15342,-0.19937,
1641629326361385216,2.74970,-2.49485,1.96157,-0.46441,0.66315,0.41213,-0.41798,-0.58650,0.14746,-0.19894,
1641629326411385344,2.71737,-2.48724,1.95107,-0.44926,0.65998,0.42455,-0.42703,-0.60861,0.12720,-0.23027,
1641629326441385216,2.69770,-2.48294,1.94400,-0.43737,0.65864,0.43239,-0.43352,-0.62704,0.11401,-0.24325,
1641629326491386112,2.66488,-2.47762,1.93141,-0.41468,0.65895,0.44512,-0.44237,-0.64641,0.06576,-0.27218,
1641629326541385216,2.63171,-2.47477,1.91843,-0.39028,0.66084,0.46077,-0.44572,-0.64522,0.01635,-0.25578,
1641629326591385088,2.59958,-2.47431,1.90764,-0.36825,0.66249,0.47556,-0.44648,-0.59834,-0.03935,-0.17319,
1641629326641385216,2.57182,-2.47589,1.90245,-0.35185,0.66051,0.49036,-0.44663,-0.48941,-0.07138,-0.02479,
1641629326691385344,2.55021,-2.48037,1.90568,-0.34677,0.65243,0.49946,-0.45235,-0.36081,-0.09412,0.15224,
1641629326741385216,2.53575,-2.48545,1.91753,-0.35280,0.63680,0.50644,-0.46210,-0.21548,-0.09643,0.30464,
1641629326791385088,2.52788,-2.48974,1.93568,-0.36652,0.61753,0.51215,-0.47119,-0.11056,-0.06125,0.41122,
1641629326841385216,2.52453,-2.49146,1.95796,-0.38744,0.60284,0.51106,-0.47465,-0.02206,-0.00579,0.46344,
1641629326891385344,2.52546,-2.49006,1.98179,-0.40991,0.59073,0.50777,-0.47454,0.05868,0.05678,0.48308,
1641629326941385216,2.53017,-2.48527,2.00597,-0.42851,0.58275,0.50244,-0.47364,0.12384,0.12724,0.47679,
1641629326991385344,2.53783,-2.47691,2.02938,-0.44445,0.58288,0.49068,-0.47111,0.18534,0.19251,0.44935,
1641629327041386240,2.54848,-2.46574,2.05076,-0.45890,0.58531,0.47689,-0.46840,0.24413,0.23119,0.40650,
1641629327091385088,2.56224,-2.45341,2.07058,-0.47377,0.58948,0.46294,-0.46232,0.30689,0.23362,0.38776,
1641629327141385216,2.57950,-2.44227,2.08991,-0.49502,0.59576,0.44198,-0.45242,0.39943,0.19313,0.38276,
1641629327191385344,2.60161,-2.43386,2.10852,0.52238,-0.59695,-0.41655,0.44413,0.48670,0.14090,0.35421,
1641629327241385216,2.62691,-2.42787,2.12538,0.54871,-0.59563,-0.39354,0.43505,0.52464,0.09840,0.32307,
1641629327271385088,2.64265,-2.42536,2.13482,0.56322,-0.59526,-0.38044,0.42862,0.53526,0.07659,0.29591,
1641629327321385216,2.66955,-2.42242,2.14818,0.58634,-0.59506,-0.36136,0.41415,0.54159,0.05605,0.22545,
1641629327371385344,2.69642,-2.41987,2.15796,0.61091,-0.59852,-0.33707,0.39363,0.53685,0.06011,0.15190,
1641629327421385216,2.72307,-2.41672,2.16365,0.63384,-0.60862,-0.30549,0.36673,0.53027,0.07874,0.05920,
1641629327471385344,2.74955,-2.41239,2.16454,0.65180,-0.62301,-0.27063,0.33731,0.52751,0.10342,-0.03448,
1641629327521385216,2.77592,-2.40677,2.16059,0.66424,-0.64045,-0.23267,0.30736,0.52198,0.12951,-0.13566,
1641629327571385088,2.80204,-2.39971,2.15109,0.67052,-0.65944,-0.19642,0.27742,0.51561,0.16155,-0.24811,
1641629327621385216,2.82812,-2.39090,2.13669,0.67087,-0.68124,-0.15742,0.24711,0.51790,0.19470,-0.33161,
1641629327671385344,2.85438,-2.38117,2.11894,0.66734,-0.70357,-0.10853,0.21879,0.52789,0.19265,-0.39147,
1641629327711385344,2.87593,-2.37426,2.10262,0.65736,-0.72324,-0.07158,0.19922,0.52584,0.16220,-0.43883,
1641629327771385088,2.90622,-2.36631,2.07522,0.64037,-0.74783,-0.01698,0.17435,0.46844,0.09425,-0.49498,
1641629327821385216,2.92788,-2.36364,2.04916,0.62828,-0.76228,0.01434,0.15488,0.39503,0.02697,-0.54008,
1641629327861385216,2.94277,-2.36341,2.02775,0.62006,-0.77142,0.03545,0.13853,0.34377,-0.01443,-0.53404,
1641629327921385216,2.96202,-2.36636,1.99714,0.60955,-0.78193,0.06145,0.11515,0.30144,-0.07910,-0.47670,
1641629327961385216,2.97406,-2.37041,1.97936,0.60600,-0.78512,0.07964,0.10005,0.29485,-0.11392,-0.41427,
1641629328011385088,2.98872,-2.37703,1.96053,0.59947,-0.78948,0.10017,0.08561,0.29721,-0.14383,-0.33622,
1641629328061385216,3.00322,-2.38423,1.94562,0.59295,-0.79317,0.11898,0.07166,0.30806,-0.13222,-0.25487,
1641629328111385088,3.01849,-2.39074,1.93532,0.58333,-0.79857,0.13933,0.05098,0.30715,-0.12892,-0.15205,
1641629328161385216,3.03325,-2.39769,1.93062,0.57574,-0.80190,0.15763,0.02504,0.28927,-0.14425,-0.03471,
1641629328211385344,3.04693,-2.40523,1.93203,0.57067,-0.80346,0.16959,-0.00409,0.26057,-0.14937,0.08398,
1641629328261385216,3.05946,-2.41281,1.93918,0.56731,-0.80357,0.17626,-0.03695,0.24049,-0.13849,0.19264,
1641629328311386112,3.07088,-2.41964,1.95168,0.56495,-0.80133,0.18306,-0.07207,0.21195,-0.14068,0.29353,
1641629328361385216,3.08044,-2.42698,1.96907,0.56846,-0.79362,0.18990,-0.10470,0.17022,-0.14994,0.39258,
1641629328411385344,3.08678,-2.43432,1.99090,0.58024,-0.77922,0.19780,-0.13044,0.10021,-0.15280,0.46044,
1641629328441385216,3.08854,-2.43858,2.00542,0.58899,-0.76987,0.20057,-0.14199,0.05167,-0.14438,0.48207,
1641629328491386112,3.08839,-2.44463,2.03020,0.60533,-0.75363,0.20314,-0.15608,-0.03543,-0.11094,0.48802,
1641629328541385216,3.08367,-2.44856,2.05460,0.62372,-0.73644,0.20206,-0.16673,-0.12396,-0.05533,0.46168,
1641629328591385088,3.07461,-2.45011,2.07698,0.63993,-0.72378,0.19383,-0.17048,-0.21106,-0.00325,0.41142,
1641629328641385216,3.06134,-2.44873,2.09650,0.65235,-0.71810,0.17636,-0.16633,-0.28517,0.05359,0.35406,
1641629328691385344,3.04486,-2.44455,2.11294,0.66309,-0.71560,0.15426,-0.15630,-0.33783,0.11188,0.29153,
1641629328741385216,3.02628,-2.43784,2.12577,0.67247,-0.71322,0.13316,-0.14618,-0.37619,0.15545,0.21473,
1641629328791386112,3.00622,-2.42957,2.13501,0.67989,-0.71184,0.11300,-0.13513,-0.40200,0.17384,0.14884,
1641629328841385216,2.98507,-2.42078,2.14102,0.68720,-0.71027,0.09268,-0.12117,-0.41980,0.17700,0.08593,
1641629328891385344,2.96385,-2.41247,2.14443,0.69297,-0.70988,0.07297,-0.10263,-0.42516,0.16755,0.03942,
1641629328941385216,2.94259,-2.40512,2.14554,0.69593,-0.71144,0.05352,-0.08165,-0.43044,0.16386,-0.01369,
1641629328991385344,2.92102,-2.39829,2.14416,0.69714,-0.71334,0.03625,-0.06188,-0.43809,0.15383,-0.05980,
1641629329041385216,2.89846,-2.39105,2.14067,0.69654,-0.71619,0.01880,-0.03943,-0.45741,0.14651,-0.10061,
1641629329091385088,2.87473,-2.38425,2.13506,0.69446,-0.71938,0.00005,-0.01472,-0.47543,0.13027,-0.14358,
1641629329141385216,2.84985,-2.37810,2.12759,0.68772,-0.72555,-0.02196,0.01205,-0.49625,0.12515,-0.19112,
1641629329191385344,2.82420,-2.37268,2.11763,0.67932,-0.73135,-0.04558,0.03951,-0.50916,0.11517,-0.23177,
1641629329241385216,2.79762,-2.36781,2.10540,0.66855,-0.73760,-0.06908,0.06487,-0.52079,0.10671,-0.28014,
1641629329271385088,2.78108,-2.36609,2.09745,0.66055,-0.74170,-0.08458,0.08003,-0.51787,0.07830,-0.29502,
1641629329321385216,2.75436,-2.36461,2.08319,0.64553,-0.74669,-0.11456,0.11233,-0.50659,0.02236,-0.30821,
1641629329371385344,2.72862,-2.36621,2.06783,0.62898,-0.74755,-0.15037,0.15147,-0.47548,-0.04428,-0.33054,
1641629329421385216,2.70484,-2.37151,2.05104,0.61052,-0.74412,-0.19122,0.19234,-0.43019,-0.12171,-0.36733,
1641629329471385344,2.68372,-2.38016,2.03282,0.58839,-0.73638,-0.23732,0.23499,-0.37629,-0.17812,-0.37411,
1641629329521385216,2.66540,-2.39101,2.01442,0.56328,-0.72513,-0.28054,0.27964,-0.31763,-0.22288,-0.37896,
1641629329571385088,2.64966,-2.40370,1.99582,0.53398,-0.71392,-0.32178,0.31880,-0.28449,-0.26088,-0.37706,
1641629329621385216,2.63575,-2.41741,1.97692,0.50451,-0.70117,-0.36123,0.35120,-0.26292,-0.27654,-0.38299,
1641629329661385216,2.62508,-2.42878,1.96179,-0.48256,0.69386,0.38816,-0.36748,-0.25233,-0.28307,-0.37540,
1641629329711385344,2.61298,-2.44322,1.94368,-0.45919,0.68503,0.41729,-0.38176,-0.21244,-0.28581,-0.35116,
1641629329761385216,2.60394,-2.45758,1.92732,-0.43670,0.67566,0.44591,-0.39236,-0.13368,-0.27958,-0.30139,
1641629329811385088,2.60006,-2.47085,1.91383,-0.41522,0.66344,0.47165,-0.40619,-0.01714,-0.24086,-0.23338,
1641629329861385216,2.60137,-2.48169,1.90432,-0.40223,0.65299,0.48507,-0.42014,0.08461,-0.17535,-0.15090,
1641629329911385344,2.60812,-2.48917,1.89886,-0.39507,0.64765,0.48854,-0.43103,0.19486,-0.11085,-0.06842,
1641629329961385216,2.61998,-2.49411,1.89736,-0.38890,0.64823,0.48452,-0.44021,0.30047,-0.06339,-0.00090,
1641629330011386112,2.63735,-2.49789,1.89827,-0.38591,0.64889,0.48018,-0.44659,0.41220,-0.04146,0.03635,
1641629330061385216,2.66019,-2.49938,1.90122,-0.38722,0.64911,0.47550,-0.45013,0.49165,-0.01970,0.07635,
1641629330111385088,2.68642,-2.50085,1.90544,-0.39619,0.65069,0.46940,-0.44644,0.56921,-0.00910,0.09909,
1641629330161386240,2.71639,-2.50089,1.91137,-0.40919,0.65431,0.45882,-0.44037,0.62348,0.00342,0.13849,
1641629330211385344,2.74807,-2.50204,1.91879,-0.42187,0.66165,0.44577,-0.43075,0.67226,-0.01029,0.15391,
1641629330261385216,2.78166,-2.50407,1.92704,-0.43559,0.66995,0.43228,-0.41780,0.69906,-0.03608,0.17312,
1641629330311385088,2.81580,-2.50736,1.93620,-0.45118,0.67756,0.41776,-0.40352,0.70389,-0.06053,0.18091,
1641629330361385216,2.84884,-2.51259,1.94641,-0.46420,0.68586,0.40223,-0.39028,0.68285,-0.08399,0.20389,
1641629330411385344,2.88009,-2.51809,1.95736,-0.47691,0.69169,0.38598,-0.38097,0.61858,-0.11037,0.19361,
1641629330441385216,2.89653,-2.52095,1.96419,-0.48431,0.69455,0.37720,-0.37518,0.56578,-0.11391,0.19109,
1641629330491385344,2.92047,-2.52572,1.97445,-0.49778,0.69804,0.36021,-0.36770,0.43791,-0.09737,0.17177,
1641629330541385216,2.93762,-2.52969,1.98255,0.51209,-0.70208,-0.34312,0.35653,0.29860,-0.07249,0.11711,
1641629330591385088,2.94779,-2.53247,1.98743,0.52292,-0.70606,-0.33227,0.34297,0.16046,-0.04274,0.05711,
1641629330641385216,2.95119,-2.53385,1.98953,0.52854,-0.70903,-0.32696,0.33320,0.02910,-0.01206,0.00854,
1641629330691385344,2.94823,-2.53363,1.98881,0.52881,-0.70967,-0.32913,0.32926,-0.10026,0.02460,-0.05125,
1641629330741385216,2.93911,-2.53162,1.98540,0.52429,-0.70946,-0.33656,0.32943,-0.22053,0.06827,-0.09038,
1641629330791385088,2.92544,-2.52709,1.97981,0.51655,-0.70874,-0.34719,0.33214,-0.32376,0.10820,-0.12865,
1641629330841385216,2.90668,-2.52071,1.97321,0.51001,-0.70534,-0.35744,0.33855,-0.40528,0.13893,-0.13342,
1641629330891385344,2.88217,-2.51355,1.96581,0.50312,-0.69784,-0.36894,0.35181,-0.48464,0.14967,-0.17420,
1641629330941385216,2.85424,-2.50617,1.95626,-0.49339,0.68997,0.38515,-0.36355,-0.55160,0.15152,-0.20992,
1641629330991385344,2.82414,-2.49863,1.94469,-0.48311,0.67903,0.40494,-0.37623,-0.58639,0.16024,-0.25741,
1641629331041385216,2.79316,-2.49066,1.93142,-0.47069,0.66819,0.42392,-0.39022,-0.61087,0.16990,-0.28214,
1641629331091385088,2.76133,-2.48214,1.91754,-0.45071,0.66199,0.44163,-0.40447,-0.61857,0.18291,-0.27498,
1641629331141385216,2.72999,-2.47358,1.90414,-0.42293,0.66163,0.45722,-0.41752,-0.60323,0.16620,-0.28015,
1641629331191385344,2.70023,-2.46603,1.89119,-0.40276,0.66357,0.46781,-0.42263,-0.56978,0.13639,-0.24063,
1641629331241385216,2.67309,-2.46089,1.88032,-0.38892,0.66719,0.47292,-0.42419,-0.50337,0.06031,-0.18835,
1641629331271385088,2.65878,-2.46002,1.87568,-0.38273,0.66816,0.47558,-0.42533,-0.44306,0.00784,-0.11823,
1641629331321385216,2.63933,-2.46213,1.87312,-0.37127,0.66547,0.48237,-0.43199,-0.33256,-0.08709,0.01444,
1641629331371387136,2.62543,-2.46840,1.87757,-0.36794,0.65494,0.49175,-0.44028,-0.22242,-0.15497,0.16601,
1641629331421385216,2.61643,-2.47698,1.88909,-0.37506,0.63833,0.49870,-0.45075,-0.13232,-0.16893,0.28738,
1641629331471385344,2.61153,-2.48497,1.90612,-0.38605,0.62271,0.50300,-0.45846,-0.05961,-0.13514,0.39628,
1641629331521385216,2.61037,-2.49098,1.92788,-0.39751,0.61137,0.50036,-0.46674,0.02485,-0.09318,0.46094,
1641629331571385088,2.61391,-2.49472,1.95212,-0.40901,0.59939,0.49292,-0.48008,0.11735,-0.04418,0.49814,
1641629331621387264,2.62182,-2.49552,1.97643,-0.41798,0.58717,0.48041,-0.49973,0.19355,-0.00175,0.45498,
1641629331661385216,2.63049,-2.49462,1.99337,-0.42546,0.57886,0.46997,-0.51287,0.23369,0.03298,0.38935,
1641629331711385344,2.64344,-2.49174,2.01019,-0.43761,0.57369,0.45202,-0.52446,0.27614,0.06976,0.27512,
1641629331761386240,2.65759,-2.48703,2.02059,-0.45287,0.57433,0.43017,-0.52916,0.30022,0.10651,0.15183,
1641629331811385088,2.67327,-2.48062,2.02569,-0.46641,0.58470,0.40158,-0.52850,0.32028,0.13300,0.04570,
1641629331861385216,2.68998,-2.47377,2.02525,-0.47696,0.60096,0.37280,-0.52189,0.34052,0.12862,-0.06206,
1641629331911386368,2.70798,-2.46790,2.02032,-0.48264,0.61912,0.35002,-0.51111,0.37522,0.09133,-0.13576,
1641629331961385216,2.72807,-2.46414,2.01264,-0.48591,0.63385,0.33260,-0.50149,0.41411,0.05622,-0.17322,
1641629332011385088,2.74991,-2.46167,2.00327,-0.48862,0.64597,0.31529,-0.49454,0.44659,0.03293,-0.20787,
1641629332061385216,2.77234,-2.46023,1.99258,-0.48936,0.65698,0.29995,-0.48880,0.43742,0.02233,-0.22752,
1641629332111385088,2.79412,-2.45951,1.98118,-0.49116,0.66751,0.28380,-0.48233,0.42939,0.00859,-0.24042,
1641629332161385216,2.81546,-2.45980,1.96957,-0.48876,0.67949,0.27342,-0.47398,0.41450,-0.01725,-0.23459,
1641629332211386112,2.83675,-2.46122,1.95916,-0.48587,0.69084,0.26491,-0.46529,0.41229,-0.03930,-0.20274,
1641629332261385216,2.85739,-2.46317,1.95043,-0.49023,0.70233,0.25281,-0.44999,0.39705,-0.04182,-0.15052,
1641629332311385088,2.87734,-2.46481,1.94521,-0.49738,0.71274,0.23868,-0.43318,0.37444,-0.03417,-0.08153,
1641629332361385216,2.89530,-2.46606,1.94295,0.50516,-0.72495,-0.22792,0.40905,0.33292,-0.02766,-0.00976,
1641629332411385344,2.91086,-2.46690,1.94482,0.51044,-0.73968,-0.22199,0.37821,0.28015,-0.02191,0.07747,
1641629332441385216,2.91915,-2.46746,1.94819,0.51480,-0.74817,-0.22012,0.35604,0.25208,-0.02855,0.13307,
1641629332491385344,2.93104,-2.46919,1.95714,0.52453,-0.75902,-0.21995,0.31683,0.21019,-0.04001,0.21170,
1641629332541385216,2.94033,-2.47154,1.96952,0.53738,-0.76544,-0.22075,0.27677,0.17465,-0.05100,0.27789,
1641629332591386368,2.94846,-2.47423,1.98475,0.55057,-0.76769,-0.22090,0.24235,0.14347,-0.05760,0.31273,
1641629332641385216,2.95423,-2.47729,2.00114,0.56369,-0.76696,-0.22215,0.21137,0.09823,-0.06421,0.33072,
1641629332691385344,2.95742,-2.48116,2.01805,0.57753,-0.76177,-0.22502,0.18848,0.04850,-0.06852,0.32475,
1641629332741385216,2.95783,-2.48514,2.03401,0.59204,-0.75413,-0.22817,0.16945,-0.00686,-0.06511,0.29339,
1641629332791385088,2.95527,-2.48877,2.04761,0.60452,-0.74616,-0.23172,0.15527,-0.07186,-0.05743,0.23320,
1641629332841386240,2.94991,-2.49205,2.05761,0.61377,-0.73912,-0.23691,0.14445,-0.13354,-0.05243,0.15879,
1641629332891385344,2.94169,-2.49502,2.06354,0.62036,-0.73235,-0.24390,0.13904,-0.17735,-0.04302,0.07334,
1641629332941385216,2.93189,-2.49749,2.06568,0.62368,-0.72656,-0.25101,0.14189,-0.21175,-0.02767,0.00212,
1641629332991385344,2.92067,-2.49817,2.06369,0.62261,-0.72272,-0.25976,0.15021,-0.24305,-0.00411,-0.08119,
1641629333041386240,2.90754,-2.49824,2.05810,0.61753,-0.72138,-0.26976,0.15968,-0.27952,0.01937,-0.14747,
1641629333091385088,2.89241,-2.49678,2.04918,0.61001,-0.72161,-0.28018,0.16930,-0.31041,0.03578,-0.20614,
1641629333141385216,2.87713,-2.49542,2.03776,0.60032,-0.72219,-0.29076,0.18305,-0.32733,0.02986,-0.26027,
1641629333191385344,2.86137,-2.49423,2.02357,0.58756,-0.72235,-0.30341,0.20230,-0.34944,0.03058,-0.31982,
1641629333241385216,2.84461,-2.49273,2.00632,0.56710,-0.72672,-0.31776,0.22204,-0.37358,0.03440,-0.38213,
1641629333271385088,2.83397,-2.49174,1.99472,0.55378,-0.72964,-0.32603,0.23380,-0.38535,0.03161,-0.40848,
1641629333321385216,2.81482,-2.49019,1.97336,0.53319,-0.73164,-0.34094,0.25333,-0.39768,0.02397,-0.44280,
1641629333371385344,2.79490,-2.48920,1.95151,0.50841,-0.73562,-0.35621,0.27111,-0.41349,0.00360,-0.41708,
1641629333421385216,2.77493,-2.48971,1.93151,-0.48268,0.73642,0.37018,-0.29609,-0.41092,-0.03375,-0.37550,
1641629333471385344,2.75469,-2.49223,1.91370,-0.45822,0.73437,0.38414,-0.32121,-0.41109,-0.07292,-0.32550,
1641629333521385216,2.73440,-2.49675,1.89889,-0.43700,0.72815,0.39733,-0.34779,-0.39855,-0.10727,-0.26921,
1641629333571385088,2.71495,-2.50264,1.88716,-0.42099,0.72092,0.40824,-0.36930,-0.37548,-0.12913,-0.19113,
1641629333621385216,2.69705,-2.50913,1.88014,-0.40392,0.71318,0.41908,-0.39062,-0.34228,-0.12660,-0.08265,
1641629333661385216,2.68379,-2.51369,1.87903,-0.39141,0.70841,0.42468,-0.40572,-0.31137,-0.10869,0.02849,
1641629333711385344,2.66998,-2.51828,1.88336,-0.38098,0.70222,0.42855,-0.42201,-0.24899,-0.08144,0.14479,
1641629333761385216,2.65953,-2.52104,1.89325,-0.37955,0.69375,0.43263,-0.43299,-0.17792,-0.03682,0.25463,
1641629333811385088,2.65280,-2.52163,1.90795,-0.38837,0.68273,0.43225,-0.44295,-0.10957,0.01905,0.33471,
1641629333861385216,2.64915,-2.51858,1.92630,-0.40301,0.67392,0.42681,-0.44862,-0.04873,0.09032,0.39732,
1641629333911385344,2.64832,-2.51212,1.94687,-0.42364,0.66809,0.41271,-0.45151,0.01259,0.14693,0.41414,
1641629333961385216,2.65042,-2.50345,1.96682,-0.44863,0.66484,0.39288,-0.44985,0.06843,0.18538,0.38302,
1641629334011385088,2.65537,-2.49366,1.98405,-0.47200,0.66418,0.37299,-0.44380,0.11902,0.19685,0.29953,
1641629334061385216,2.66266,-2.48366,1.99667,-0.49160,0.66533,0.35660,-0.43418,0.16879,0.20511,0.20619,
1641629334111385088,2.67252,-2.47338,2.00489,0.50715,-0.66819,-0.34014,0.42501,0.21734,0.21303,0.11581,
1641629334161385216,2.68505,-2.46275,2.00872,0.51960,-0.67284,-0.32156,0.41702,0.26910,0.21366,0.02931,
1641629334211385344,2.69907,-2.45190,2.00794,0.52984,-0.67836,-0.30160,0.41004,0.28421,0.22703,-0.06419,
1641629334261385216,2.71365,-2.44029,2.00322,0.53467,-0.68822,-0.27869,0.40350,0.28362,0.23394,-0.14470,
1641629334311385088,2.72794,-2.42891,1.99444,0.53678,-0.69843,-0.25767,0.39708,0.26663,0.23261,-0.21206,
1641629334361385216,2.74116,-2.41765,1.98347,0.53315,-0.71065,-0.23813,0.39246,0.23306,0.22433,-0.25031,
1641629334411385344,2.75217,-2.40672,1.97083,0.52933,-0.72410,-0.22003,0.38350,0.18928,0.21919,-0.26693,
1641629334441385216,2.75857,-2.40058,1.96371,0.52662,-0.73319,-0.20857,0.37630,0.17813,0.20133,-0.25842,
1641629334491385344,2.76772,-2.39160,1.95174,0.52696,-0.74493,-0.19199,0.36128,0.15582,0.16365,-0.24954,
1641629334541385216,2.77621,-2.38430,1.94090,0.53046,-0.75362,-0.17738,0.34527,0.15361,0.12424,-0.22300,
1641629334591385088,2.78504,-2.37840,1.93102,0.53721,-0.76063,-0.16589,0.32453,0.14908,0.11070,-0.21362,
1641629334641385216,2.79407,-2.37277,1.92169,0.54390,-0.76983,-0.15345,0.29662,0.15525,0.10943,-0.19964,
1641629334691386112,2.80347,-2.36746,1.91301,0.55153,-0.78007,-0.13850,0.26099,0.17523,0.09527,-0.17079,
1641629334741385216,2.81408,-2.36352,1.90635,0.55982,-0.78820,-0.12307,0.22402,0.19798,0.06588,-0.11577,
1641629334791385088,2.82537,-2.36098,1.90304,0.56566,-0.79405,-0.11014,0.19335,0.21628,0.04035,-0.02605,
1641629334841385216,2.83706,-2.35984,1.90427,0.56882,-0.79875,-0.09822,0.16967,0.22571,0.02235,0.06845,
1641629334891385344,2.84839,-2.35954,1.91007,0.57162,-0.80294,-0.08470,0.14616,0.22072,-0.00213,0.16137,
1641629334941385216,2.85908,-2.36081,1.91982,0.57963,-0.80287,-0.07151,0.11963,0.19937,-0.03301,0.22824,
1641629334991385344,2.86886,-2.36323,1.93263,0.59042,-0.79929,-0.06135,0.09373,0.17044,-0.05373,0.28229,
1641629335041385216,2.87724,-2.36636,1.94770,0.60122,-0.79424,-0.05276,0.07032,0.13868,-0.05898,0.31702,
1641629335091385088,2.88392,-2.36967,1.96373,0.61100,-0.78907,-0.04310,0.04673,0.10702,-0.06873,0.32762,
1641629335141385216,2.88948,-2.37347,1.97954,0.61951,-0.78391,-0.03331,0.02425,0.07336,-0.06648,0.31482,
1641629335191385344,2.89317,-2.37739,1.99442,0.62665,-0.77896,-0.02315,0.00128,0.03399,-0.07228,0.28552,
1641629335241385216,2.89555,-2.38232,2.00740,0.63346,-0.77337,-0.01714,-0.01845,0.00289,-0.08852,0.23869,
1641629335271385088,2.89695,-2.38604,2.01388,0.63676,-0.77040,-0.01541,-0.02787,-0.01053,-0.09044,0.20410,
1641629335321385216,2.89737,-2.39189,2.02217,0.64176,-0.76569,-0.01311,-0.04120,-0.02247,-0.08938,0.12848,
1641629335371385344,2.89749,-2.39801,2.02669,0.64663,-0.76106,-0.00918,-0.05077,-0.01552,-0.08352,0.05355,
1641629335421385216,2.89806,-2.40396,2.02727,0.65256,-0.75559,-0.00122,-0.05699,-0.00300,-0.07092,-0.03202,
1641629335471385344,2.89894,-2.40860,2.02361,0.65685,-0.75141,0.01073,-0.06176,0.00870,-0.03656,-0.11959,
1641629335521385216,2.90007,-2.41135,2.01598,0.65665,-0.75100,0.02452,-0.06480,0.01467,0.00688,-0.19762,
1641629335571385088,2.90140,-2.41158,2.00471,0.65069,-0.75570,0.03740,-0.06425,0.00854,0.05783,-0.27305,
1641629335621385216,2.90230,-2.40948,1.99031,0.63960,-0.76473,0.04814,-0.06148,-0.01397,0.08520,-0.32887,
1641629335661385216,2.90204,-2.40726,1.97737,0.62838,-0.77385,0.05615,-0.05607,-0.05083,0.09449,-0.35507,
1641629335711385344,2.89897,-2.40359,1.96004,0.61227,-0.78703,0.06102,-0.04460,-0.11322,0.08837,-0.37038,
1641629335761385216,2.89223,-2.40029,1.94192,0.59916,-0.79769,0.06050,-0.03218,-0.18959,0.07477,-0.37083,
1641629335811385088,2.88172,-2.39728,1.92431,0.58749,-0.80723,0.05434,-0.01692,-0.25510,0.06353,-0.33633,
1641629335861385216,2.86790,-2.39469,1.90862,0.57659,-0.81593,0.04201,0.00532,-0.31508,0.05873,-0.29401,
1641629335911385344,2.85088,-2.39171,1.89554,0.56396,-0.82494,0.02433,0.02882,-0.37386,0.06828,-0.22746,
1641629335961386240,2.83107,-2.38861,1.88604,0.55152,-0.83246,0.00258,0.05309,-0.42264,0.05508,-0.15161,
1641629336011385088,2.80918,-2.38685,1.88113,0.54249,-0.83618,-0.02228,0.07754,-0.45177,0.01884,-0.04936,
1641629336061385216,2.78654,-2.38665,1.88156,0.53913,-0.83431,-0.05179,0.10293,-0.44155,-0.00932,0.06528,
1641629336101385216,2.76942,-2.38734,1.88635,0.53848,-0.82981,-0.07560,0.12543,-0.40333,-0.02051,0.16111,
1641629336161385216,2.74745,-2.38840,1.90000,0.54405,-0.81853,-0.10515,0.15150,-0.31562,-0.01560,0.28519,
1641629336211385344,2.73370,-2.38906,1.91692,0.55489,-0.80641,-0.12068,0.16505,-0.22781,-0.01437,0.37749,
1641629336261385216,2.72457,-2.39010,1.93808,0.57024,-0.79204,-0.12999,0.17495,-0.12836,-0.02589,0.45050,
1641629336311385088,2.72051,-2.39176,1.96201,0.58679,-0.77618,-0.13569,0.18657,-0.03277,-0.03469,0.48746,
1641629336361385216,2.72093,-2.39351,1.98662,0.60323,-0.76153,-0.13695,0.19345,0.05224,-0.02443,0.48344,
1641629336411385344,2.72538,-2.39454,2.01008,0.61993,-0.74974,-0.13194,0.19016,0.12504,-0.01885,0.44246,
1641629336441385216,2.72976,-2.39530,2.02299,0.62999,-0.74367,-0.12722,0.18405,0.16700,-0.02357,0.40883,
1641629336491385344,2.73962,-2.39697,2.04170,0.64546,-0.73507,-0.11710,0.17129,0.22834,-0.03543,0.33224,
1641629336541385216,2.75229,-2.39960,2.05581,0.65692,-0.72956,-0.10632,0.15780,0.28275,-0.05494,0.22981,
1641629336591385088,2.76745,-2.40306,2.06437,0.66614,-0.72567,-0.09212,0.14551,0.32148,-0.06872,0.11221,
1641629336641385216,2.78404,-2.40686,2.06706,0.67330,-0.72389,-0.07214,0.13209,0.34231,-0.06535,0.00061,
1641629336691385344,2.80125,-2.41013,2.06442,0.67491,-0.72606,-0.04862,0.12234,0.33564,-0.05873,-0.10462,
1641629336741385216,2.81773,-2.41342,2.05658,0.67283,-0.73010,-0.02671,0.11635,0.31480,-0.06969,-0.21019,
1641629336791385088,2.83292,-2.41681,2.04366,0.66809,-0.73539,-0.00755,0.11316,0.28494,-0.06598,-0.30138,
1641629336841385216,2.84688,-2.41991,2.02672,0.66018,-0.74289,0.01030,0.11034,0.25913,-0.05132,-0.37257,
1641629336891385344,2.85932,-2.42164,2.00672,0.64977,-0.75248,0.02897,0.10360,0.22741,-0.02683,-0.41952,
1641629336941385216,2.86966,-2.42232,1.98438,0.63736,-0.76297,0.05068,0.09531,0.16214,-0.01471,-0.46370,
1641629336991385344,2.87587,-2.42278,1.96034,0.62056,-0.77619,0.06463,0.09081,0.07120,-0.01860,-0.49049,
1641629337041385216,2.87718,-2.42334,1.93589,0.60149,-0.79018,0.06895,0.09519,-0.03639,-0.01573,-0.48923,
1641629337091385088,2.87279,-2.42366,1.91184,0.58472,-0.80244,0.06798,0.09783,-0.14536,-0.00782,-0.46458,
1641629337141385216,2.86387,-2.42330,1.89019,0.56831,-0.81411,0.05941,0.10354,-0.23777,0.00643,-0.40474,
1641629337191385344,2.85065,-2.42214,1.87202,0.55382,-0.82376,0.04666,0.11193,-0.32454,0.02055,-0.32780,
1641629337241385216,2.83351,-2.42087,1.85802,0.54178,-0.83151,0.02744,0.11962,-0.39155,0.01546,-0.22832,
1641629337271385088,2.82202,-2.42014,1.85232,0.53485,-0.83521,0.01418,0.12711,-0.41719,0.00593,-0.15434,
1641629337321385216,2.80051,-2.41988,1.84754,0.52515,-0.83862,-0.01166,0.14418,-0.45477,-0.00660,-0.03701,
1641629337371385344,2.77739,-2.42028,1.84837,0.52059,-0.83741,-0.04053,0.16152,-0.46709,-0.02213,0.06975,
1641629337421385216,2.75458,-2.42121,1.85493,0.52103,-0.83231,-0.07132,0.17520,-0.43714,-0.02731,0.19759,
1641629337471385344,2.73424,-2.42228,1.86834,0.52739,-0.82300,-0.09914,0.18628,-0.36678,-0.03611,0.33536,
1641629337521385216,2.71848,-2.42407,1.88854,0.54131,-0.80826,-0.12245,0.19674,-0.25825,-0.05878,0.47187,
1641629337571386368,2.70841,-2.42722,1.91494,0.56085,-0.78866,-0.13817,0.21064,-0.14119,-0.08254,0.57604,
1641629337621385216,2.70373,-2.43162,1.94521,0.58285,-0.76725,-0.14708,0.22357,-0.04299,-0.09667,0.62388,
1641629337671385344,2.70367,-2.43695,1.97627,0.60502,-0.74676,-0.15100,0.23130,0.04542,-0.10497,0.61327,
1641629337711385344,2.70666,-2.44130,2.00008,0.62224,-0.73217,-0.14861,0.23380,0.11008,-0.10337,0.57336,
1641629337761385216,2.71391,-2.44630,2.02649,0.64188,-0.71660,-0.13882,0.23496,0.17434,-0.09850,0.47436,
1641629337821385216,2.72563,-2.45217,2.04985,0.66229,-0.70119,-0.12409,0.23303,0.21091,-0.08674,0.29254,
1641629337861385216,2.73394,-2.45530,2.05844,0.67389,-0.69448,-0.11351,0.22515,0.20718,-0.06549,0.14387,
1641629337921386240,2.74583,-2.45831,2.06060,0.68270,-0.69467,-0.09605,0.20526,0.18919,-0.03276,-0.06718,
1641629337961385216,2.75301,-2.45927,2.05551,0.68294,-0.69999,-0.08516,0.19069,0.18256,-0.01628,-0.18027,
1641629338021385216,2.76422,-2.46015,2.04172,0.67780,-0.71099,-0.07013,0.17366,0.20101,-0.00828,-0.26204,
1641629338051385088,2.77047,-2.46050,2.03400,0.67465,-0.71656,-0.06067,0.16645,0.21229,-0.00294,-0.25645,
1641629338111385088,2.78346,-2.46075,2.02110,0.66821,-0.72863,-0.04025,0.14481,0.20641,-0.00455,-0.15864,
1641629338161385216,2.79373,-2.46161,2.01727,0.66679,-0.73415,-0.02653,0.12532,0.18458,-0.02596,0.00248,
1641629338211385344,2.80182,-2.46359,2.02166,0.66974,-0.73391,-0.01744,0.11192,0.11766,-0.04977,0.15638,
1641629338261385216,2.80569,-2.46579,2.03184,0.67660,-0.72892,-0.01399,0.10339,0.02646,-0.06011,0.25671,
1641629338301385216,2.80508,-2.46747,2.04249,0.68312,-0.72319,-0.01539,0.10051,-0.06288,-0.04725,0.28649,
1641629338351385088,2.79980,-2.46886,2.05650,0.69014,-0.71621,-0.02254,0.10119,-0.17759,-0.02104,0.26473,
1641629338411385344,2.78687,-2.46937,2.07002,0.69732,-0.70761,-0.03749,0.10783,-0.30551,-0.00215,0.17673,
1641629338441385216,2.77851,-2.46924,2.07409,0.69928,-0.70434,-0.04641,0.11292,-0.36096,0.00174,0.11335,
1641629338491385344,2.76004,-2.46867,2.07627,0.69907,-0.70130,-0.06477,0.12359,-0.43432,0.00420,-0.01003,
1641629338541385216,2.73863,-2.46818,2.07229,0.69363,-0.70211,-0.08696,0.13549,-0.48092,0.00452,-0.13704,
1641629338591385088,2.71513,-2.46833,2.06291,0.68492,-0.70448,-0.11105,0.14922,-0.48827,-0.01498,-0.24333,
1641629338641385216,2.69166,-2.46936,2.04908,0.67267,-0.70724,-0.13483,0.17073,-0.47078,-0.03313,-0.32428,
1641629338691385344,2.66919,-2.47107,2.03151,0.65648,-0.71160,-0.15756,0.19452,-0.44193,-0.03492,-0.39735,
1641629338741385216,2.64830,-2.47280,2.01039,0.63534,-0.72041,-0.17775,0.21393,-0.39513,-0.03892,-0.46799,
1641629338791385088,2.63052,-2.47496,1.98650,0.61243,-0.73077,-0.19743,0.22788,-0.32052,-0.04504,-0.51174,
1641629338841385216,2.61678,-2.47748,1.96082,0.59125,-0.74161,-0.21564,0.23223,-0.21579,-0.05282,-0.52657,
1641629338891385344,2.60930,-2.48059,1.93536,0.57354,-0.75085,-0.22987,0.23331,-0.07875,-0.05090,-0.49990,
1641629338941385216,2.60839,-2.48297,1.91168,0.55696,-0.76170,-0.23579,0.23240,0.04972,-0.03002,-0.45384,
1641629338991385344,2.61382,-2.48465,1.89051,0.54351,-0.77300,-0.22979,0.23295,0.17414,-0.01307,-0.40428,
1641629339041385216,2.62496,-2.48479,1.87143,0.52853,-0.78642,-0.21728,0.23449,0.26914,0.00767,-0.36526,
1641629339091385088,2.64015,-2.48467,1.85381,0.51483,-0.79933,-0.20293,0.23417,0.33510,-0.00152,-0.34415,
1641629339141385216,2.65801,-2.48439,1.83797,0.50458,-0.81098,-0.18817,0.22869,0.38055,0.00487,-0.28352,
1641629339191385344,2.67794,-2.48412,1.82549,0.50044,-0.82158,-0.16741,0.21572,0.41870,0.00739,-0.21021,
1641629339241385216,2.69954,-2.48385,1.81781,-0.49848,0.83132,0.14504,-0.19848,0.44661,0.00352,-0.09298,
1641629339271385088,2.71309,-2.48423,1.81589,-0.49940,0.83544,0.13190,-0.18772,0.45734,-0.00452,-0.02676,
1641629339321385216,2.73596,-2.48465,1.81730,0.50449,-0.83951,-0.11186,0.16794,0.45562,-0.00420,0.08879,
1641629339371385344,2.75809,-2.48528,1.82485,0.51398,-0.84020,-0.09049,0.14732,0.42716,-0.01768,0.21497,
1641629339421385216,2.77779,-2.48650,1.83825,0.52682,-0.83714,-0.07139,0.12867,0.35400,-0.03712,0.31639,
1641629339471385344,2.79311,-2.48902,1.85618,0.54344,-0.82976,-0.05788,0.11318,0.24976,-0.06297,0.39971,
1641629339521386240,2.80256,-2.49260,1.87752,0.56239,-0.81882,-0.05284,0.10226,0.12421,-0.09281,0.44575,
1641629339571385088,2.80584,-2.49729,1.90078,0.58317,-0.80484,-0.05624,0.09478,0.00589,-0.10940,0.48041,
1641629339621385216,2.80362,-2.50260,1.92499,0.60658,-0.78753,-0.06245,0.08919,-0.09237,-0.11566,0.48414,
1641629339661385216,2.79886,-2.50719,1.94401,0.62421,-0.77331,-0.06934,0.08682,-0.15490,-0.11493,0.47466,
1641629339721385216,2.78769,-2.51358,1.97149,0.64590,-0.75364,-0.08187,0.09018,-0.23572,-0.10159,0.43912,
1641629339771386112,2.77476,-2.51808,1.99133,0.66048,-0.73841,-0.09400,0.09840,-0.29637,-0.08889,0.36284,
1641629339811385088,2.76284,-2.52110,2.00440,0.66801,-0.72855,-0.10509,0.10921,-0.33147,-0.08175,0.29683,
1641629339861385216,2.74579,-2.52432,2.01657,0.67386,-0.71770,-0.12052,0.12768,-0.37360,-0.06746,0.18972,
1641629339921385216,2.72292,-2.52738,2.02333,0.67461,-0.70771,-0.14387,0.15277,-0.41016,-0.04262,0.03047,
1641629339961385216,2.70635,-2.52802,2.02245,0.66981,-0.70561,-0.16114,0.16584,-0.42696,-0.02053,-0.07539,
1641629340011385088,2.68520,-2.52814,2.01577,0.66101,-0.70645,-0.18048,0.17725,-0.42341,-0.00683,-0.19511,
1641629340051385088,2.66896,-2.52799,2.00653,0.65138,-0.70883,-0.19470,0.18804,-0.39793,-0.00654,-0.27672,
1641629340101385216,2.65019,-2.52787,1.99064,0.63332,-0.71508,-0.21320,0.20519,-0.36448,-0.00248,-0.36994,
1641629340161385216,2.62944,-2.52781,1.96610,0.60692,-0.72607,-0.23297,0.22405,-0.32689,-0.01293,-0.45823,
1641629340211385344,2.61387,-2.52883,1.94245,0.58263,-0.73551,-0.25010,0.23878,-0.30030,-0.03084,-0.49259,
1641629340251389184,2.60210,-2.53094,1.92275,0.55872,-0.74511,-0.26596,0.24881,-0.28542,-0.07419,-0.50319,
1641629340311385088,2.58608,-2.53781,1.89324,0.52527,-0.75322,-0.29703,0.26177,-0.24467,-0.14676,-0.47187,
1641629340361385216,2.57535,-2.54670,1.87088,-0.49944,0.75434,0.32712,-0.27299,-0.18366,-0.19202,-0.41365,
1641629340411386368,2.56799,-2.55684,1.85255,-0.47836,0.75139,0.35240,-0.28705,-0.10986,-0.20359,-0.32158,
1641629340441386240,2.56533,-2.56310,1.84357,-0.47084,0.74773,0.36320,-0.29546,-0.06891,-0.20489,-0.28015,
1641629340491386112,2.56329,-2.57275,1.83142,-0.46161,0.74273,0.37622,-0.30616,-0.01756,-0.19644,-0.20000,
1641629340541385216,2.56338,-2.58214,1.82324,-0.45336,0.73557,0.38576,-0.32340,0.00807,-0.19292,-0.13400,
1641629340591385088,2.56327,-2.59097,1.81739,-0.44426,0.72682,0.39554,-0.34339,-0.01692,-0.17303,-0.10059,
1641629340641385216,2.56115,-2.59887,1.81270,-0.43363,0.72141,0.40352,-0.35876,-0.07154,-0.15849,-0.08966,
1641629340691385344,2.55607,-2.60709,1.80814,-0.42151,0.72079,0.41132,-0.36553,-0.11795,-0.18352,-0.09803,
1641629340741385216,2.54917,-2.61688,1.80333,-0.40938,0.71947,0.42205,-0.36965,-0.14543,-0.21808,-0.09195,
1641629340791385088,2.54170,-2.62871,1.79938,-0.39730,0.71439,0.43519,-0.37738,-0.14177,-0.25584,-0.06261,
1641629340841385216,2.53460,-2.64146,1.79761,-0.38648,0.70385,0.44944,-0.39144,-0.13407,-0.25851,-0.00563,
1641629340891385344,2.52728,-2.65372,1.79924,-0.37519,0.69236,0.46298,-0.40685,-0.13844,-0.23484,0.06230,
1641629340941390336,2.51919,-2.66419,1.80412,-0.36715,0.68112,0.47458,-0.41959,-0.14751,-0.20706,0.12846,
1641629340991385344,2.51124,-2.67284,1.81256,-0.36283,0.67026,0.48494,-0.42887,-0.13308,-0.18126,0.20745,
1641629341041385216,2.50498,-2.68011,1.82514,-0.35910,0.65758,0.49554,-0.43941,-0.09193,-0.16219,0.27321,
1641629341091385088,2.50084,-2.68589,1.84047,-0.35945,0.64139,0.50657,-0.45032,-0.04503,-0.13220,0.33019,
1641629341141385216,2.49944,-2.69045,1.85774,-0.36275,0.62595,0.51416,-0.46070,0.00642,-0.09738,0.34675,
1641629341191385344,2.50068,-2.69288,1.87493,-0.37167,0.61208,0.51835,-0.46747,0.04860,-0.02210,0.34566,
1641629341241385216,2.50382,-2.69072,1.89219,-0.38233,0.60646,0.51150,-0.47370,0.09388,0.05838,0.33835,
1641629341271385088,2.50664,-2.68725,1.90193,-0.38849,0.60426,0.50495,-0.47851,0.12271,0.10199,0.31299,
1641629341321385216,2.51329,-2.67947,1.91606,-0.39639,0.60229,0.49056,-0.48936,0.15591,0.15436,0.23774,
1641629341371385344,2.52084,-2.67020,1.92376,-0.40310,0.60298,0.47691,-0.49647,0.16076,0.18207,0.07423,
1641629341421385216,2.52855,-2.65957,1.92356,-0.41137,0.61524,0.45903,-0.49147,0.15986,0.20848,-0.08280,
1641629341471385344,2.53657,-2.64820,1.91558,-0.41510,0.64000,0.44079,-0.47307,0.18146,0.22476,-0.22067,
1641629341521385216,2.54704,-2.63638,1.90178,-0.41052,0.66929,0.42395,-0.45143,0.24682,0.22834,-0.32618,
1641629341571385088,2.56070,-2.62453,1.88428,-0.40062,0.69507,0.40500,-0.43859,0.31528,0.23113,-0.36681,
1641629341621385216,2.57728,-2.61305,1.86519,-0.38932,0.71887,0.38081,-0.43201,0.35491,0.21877,-0.40078,
1641629341661385216,2.59115,-2.60425,1.84960,-0.38077,0.73793,0.36035,-0.42498,0.35918,0.21302,-0.38387,
1641629341721386240,2.61177,-2.59185,1.82890,-0.37342,0.76613,0.33116,-0.40488,0.33907,0.18630,-0.30806,
1641629341761385216,2.62447,-2.58446,1.81872,-0.37739,0.78179,0.31738,-0.38164,0.31837,0.15818,-0.21971,
1641629341811385088,2.63911,-2.57672,1.81252,-0.38839,0.79710,0.30565,-0.34693,0.29045,0.12119,-0.03263,
1641629341861385216,2.65256,-2.57106,1.81574,-0.40014,0.80462,0.30098,-0.31921,0.26652,0.06911,0.14257,
1641629341911385344,2.66391,-2.56760,1.82671,-0.41566,0.80455,0.30424,-0.29558,0.20290,0.03549,0.28538,
1641629341961386240,2.67162,-2.56524,1.84343,-0.43665,0.79988,0.30942,-0.27163,0.13207,0.00673,0.37129,
1641629342011385088,2.67619,-2.56444,1.86312,-0.46120,0.79124,0.31596,-0.24779,0.06752,-0.01877,0.40877,
1641629342061385216,2.67776,-2.56517,1.88316,-0.48754,0.77927,0.32153,-0.22730,0.00236,-0.03402,0.38764,
1641629342111386368,2.67597,-2.56671,1.90090,0.50887,-0.76809,-0.32738,0.20955,-0.05461,-0.05177,0.32494,
1641629342161385216,2.67134,-2.56952,1.91463,0.52544,-0.75837,-0.33350,0.19383,-0.11085,-0.07033,0.22858,
1641629342211385344,2.66421,-2.57325,1.92258,0.53420,-0.75114,-0.34225,0.18241,-0.15522,-0.08845,0.09858,
1641629342261386240,2.65515,-2.57796,1.92381,0.53711,-0.74498,-0.35291,0.17881,-0.18367,-0.10821,-0.04105,
1641629342311385088,2.64525,-2.58357,1.91819,0.53040,-0.74188,-0.36659,0.18411,-0.20006,-0.12420,-0.17714,
1641629342361385216,2.63478,-2.58988,1.90649,0.51353,-0.74271,-0.38168,0.19745,-0.21940,-0.13004,-0.28662,
1641629342411385344,2.62223,-2.59616,1.88983,-0.49079,0.74641,0.39410,-0.21605,-0.24038,-0.13898,-0.36804,
1641629342441385216,2.61395,-2.60012,1.87824,-0.47693,0.74861,0.40072,-0.22703,-0.24685,-0.15546,-0.39258,
1641629342491385344,2.60046,-2.60820,1.85860,-0.44880,0.75347,0.41114,-0.24864,-0.25687,-0.18116,-0.38124,
1641629342541385216,2.58621,-2.61756,1.84005,-0.41820,0.75703,0.41972,-0.27539,-0.26575,-0.21114,-0.35334,
1641629342591385088,2.57225,-2.62875,1.82372,-0.39019,0.75748,0.42751,-0.30200,-0.26299,-0.24426,-0.28952,
1641629342641385216,2.55855,-2.64166,1.81121,-0.36451,0.75477,0.43405,-0.33022,-0.26051,-0.28230,-0.20853,
1641629342691386112,2.54571,-2.65655,1.80328,-0.34162,0.74833,0.44351,-0.35582,-0.23269,-0.31587,-0.10789,
1641629342741385216,2.53445,-2.67251,1.80106,-0.32133,0.73760,0.45956,-0.37617,-0.19534,-0.31686,0.02502,
1641629342791385088,2.52583,-2.68793,1.80568,-0.30777,0.72287,0.47732,-0.39357,-0.13007,-0.29030,0.16122,
1641629342841385216,2.52110,-2.70079,1.81695,-0.30516,0.70489,0.49252,-0.40919,-0.04365,-0.21654,0.29508,
1641629342891385344,2.52112,-2.70903,1.83408,-0.30903,0.68657,0.50166,-0.42598,0.05016,-0.10932,0.38884,
1641629342941385216,2.52575,-2.71132,1.85489,-0.32344,0.67296,0.49885,-0.44007,0.13108,0.02157,0.44864,
1641629342991385344,2.53420,-2.70723,1.87733,-0.34241,0.66722,0.48301,-0.45197,0.21107,0.13428,0.44861,
1641629343041385216,2.54625,-2.69830,1.89837,-0.36061,0.66991,0.45733,-0.46047,0.27964,0.20737,0.38739,
1641629343091385088,2.56130,-2.68710,1.91425,-0.37850,0.67731,0.42834,-0.46315,0.33556,0.23712,0.26041,
1641629343141385216,2.57861,-2.67515,1.92290,-0.39407,0.68792,0.39973,-0.46009,0.36980,0.22733,0.08931,
1641629343191385344,2.59690,-2.66381,1.92280,-0.40670,0.69848,0.37757,-0.45184,0.38254,0.22185,-0.07321,
1641629343241385216,2.61531,-2.65188,1.91567,-0.40696,0.71448,0.35894,-0.44167,0.37383,0.24079,-0.19866,
1641629343271385088,2.62600,-2.64409,1.90865,-0.40421,0.72753,0.34616,-0.43299,0.37504,0.25019,-0.25382,
1641629343321385216,2.64456,-2.63078,1.89364,-0.39985,0.75199,0.32197,-0.41349,0.38794,0.26290,-0.32743,
1641629343371385344,2.66393,-2.61684,1.87651,-0.39307,0.77646,0.29602,-0.39368,0.40819,0.27450,-0.33657,
1641629343421385216,2.68424,-2.60337,1.85978,-0.38532,0.79817,0.27216,-0.37466,0.41308,0.26491,-0.31271,
1641629343471385344,2.70447,-2.59061,1.84639,-0.37833,0.81838,0.25131,-0.35208,0.40577,0.23881,-0.21246,
1641629343521385216,2.72371,-2.57974,1.83873,-0.37551,0.83711,0.23795,-0.31878,0.37512,0.19266,-0.07438,
1641629343571385088,2.74155,-2.57169,1.83921,-0.38284,0.85146,0.23088,-0.27414,0.35022,0.12897,0.09722,
1641629343621385216,2.75810,-2.56673,1.84843,-0.40351,0.85635,0.22877,-0.22695,0.31841,0.07478,0.28548,
1641629343661385216,2.77030,-2.56499,1.86265,-0.42435,0.85272,0.22893,-0.20096,0.29338,0.01752,0.42336,
1641629343711385344,2.78348,-2.56559,1.88638,-0.45169,0.84125,0.23406,-0.18301,0.22885,-0.02888,0.51536,
1641629343761385216,2.79258,-2.56803,1.91261,-0.47977,0.82741,0.23953,-0.16687,0.13420,-0.05719,0.52326,
1641629343811385088,2.79630,-2.57174,1.93725,0.50598,-0.81326,-0.24622,0.14821,0.03484,-0.07798,0.46723,
1641629343861385216,2.79446,-2.57635,1.95816,0.52597,-0.80103,-0.25375,0.13162,-0.05920,-0.09547,0.37991,
1641629343911388160,2.78856,-2.58179,1.97354,0.54052,-0.78990,-0.26341,0.12049,-0.14222,-0.11991,0.24658,
1641629343961385216,2.77919,-2.58825,1.98172,0.54610,-0.78182,-0.27735,0.11664,-0.21049,-0.13534,0.08910,
1641629344011385088,2.76725,-2.59534,1.98184,0.54173,-0.77753,-0.29524,0.12166,-0.25685,-0.14712,-0.07853,
1641629344061385216,2.75313,-2.60294,1.97415,0.52849,-0.77662,-0.31541,0.13445,-0.28649,-0.15000,-0.22286,
1641629344111385088,2.73741,-2.61028,1.96015,0.50750,-0.77954,-0.33339,0.15366,-0.31228,-0.14365,-0.32424,
1641629344161385216,2.72043,-2.61760,1.94216,-0.48106,0.78493,0.34784,-0.17742,-0.33901,-0.16080,-0.37925,
1641629344211385344,2.70232,-2.62692,1.92250,-0.44858,0.79071,0.36285,-0.20466,-0.35657,-0.22082,-0.38791,
1641629344261385216,2.68386,-2.63970,1.90358,-0.41247,0.79084,0.38374,-0.23912,-0.35552,-0.28843,-0.34253,
1641629344311385088,2.66583,-2.65545,1.88855,-0.37649,0.78408,0.40914,-0.27582,-0.34570,-0.33466,-0.23848,
1641629344361385216,2.64973,-2.67266,1.88012,-0.35014,0.77055,0.43216,-0.31128,-0.30818,-0.34412,-0.09220,
1641629344411385344,2.63561,-2.68938,1.87941,-0.33155,0.75504,0.44910,-0.34394,-0.26068,-0.32124,0.05628,
1641629344441385216,2.62832,-2.69876,1.88229,-0.32404,0.74517,0.45722,-0.36149,-0.22777,-0.30298,0.13679,
1641629344491385344,2.61861,-2.71306,1.89270,-0.31443,0.72968,0.46761,-0.38736,-0.15940,-0.26517,0.28296,
1641629344541385216,2.61280,-2.72556,1.90954,-0.30976,0.71281,0.47556,-0.41207,-0.07858,-0.23356,0.38901,
1641629344591385088,2.61141,-2.73638,1.93077,-0.31052,0.69484,0.48365,-0.43226,0.00181,-0.18343,0.47107,
1641629344641385216,2.61425,-2.74465,1.95522,-0.31867,0.67805,0.48755,-0.44832,0.08630,-0.12914,0.50746,
1641629344691385344,2.62096,-2.75003,1.98028,-0.33645,0.66178,0.48781,-0.45922,0.16918,-0.06655,0.50114,
1641629344741385216,2.63156,-2.75198,2.00415,-0.35854,0.64723,0.48153,-0.46975,0.24492,0.00401,0.45209,
1641629344791385088,2.64552,-2.75087,2.02415,-0.38061,0.63782,0.47022,-0.47667,0.29423,0.07026,0.35522,
1641629344841385216,2.66120,-2.74625,2.03803,-0.40138,0.63478,0.45606,-0.47745,0.32171,0.12910,0.20357,
1641629344891387136,2.67721,-2.73845,2.04400,-0.42142,0.63883,0.44051,-0.46931,0.32236,0.19622,0.05501,
1641629344941385216,2.69360,-2.72715,2.04333,-0.43351,0.65272,0.42102,-0.45691,0.33668,0.25955,-0.07181,
1641629344991385344,2.71069,-2.71285,2.03667,-0.43846,0.67362,0.39782,-0.44241,0.34827,0.30760,-0.17596,
1641629345041385216,2.72840,-2.69646,2.02494,-0.43977,0.69846,0.37064,-0.42588,0.35866,0.33442,-0.28697,
1641629345091385088,2.74656,-2.67858,2.00813,-0.44121,0.72485,0.34235,-0.40339,0.37011,0.36907,-0.35037,
1641629345141385216,2.76569,-2.65955,1.98898,-0.43650,0.75334,0.30997,-0.38191,0.39438,0.36680,-0.39731,
1641629345191385344,2.78623,-2.64181,1.96884,-0.43176,0.77821,0.27919,-0.36059,0.42301,0.33332,-0.36464,
1641629345241385216,2.80770,-2.62647,1.95228,-0.42685,0.79929,0.24958,-0.34153,0.42054,0.27397,-0.26048,
1641629345271386112,2.82019,-2.61940,1.94543,-0.42706,0.81003,0.23261,-0.32765,0.40882,0.21523,-0.15409,
1641629345321385216,2.84002,-2.61241,1.94190,-0.42871,0.82373,0.21484,-0.30253,0.37414,0.08355,0.04433,
1641629345371385344,2.85761,-2.61233,1.94948,-0.43886,0.82803,0.20918,-0.27928,0.33503,-0.06157,0.27295,
1641629345421388032,2.87366,-2.61893,1.96744,-0.45370,0.82057,0.21755,-0.27108,0.29989,-0.17277,0.46198,
1641629345471385344,2.88824,-2.63010,1.99324,-0.47163,0.80599,0.23303,-0.27137,0.26566,-0.25654,0.56925,
1641629345521386240,2.90093,-2.64459,2.02303,-0.49198,0.78913,0.24942,-0.27023,0.22786,-0.30755,0.62729,
1641629345571387392,2.91194,-2.66180,2.05396,0.50789,-0.77722,-0.26143,0.26390,0.20816,-0.36607,0.61683,
1641629345621386240,2.92212,-2.68155,2.08332,0.52301,-0.76682,-0.26798,0.25813,0.20068,-0.40480,0.57225,
1641629345661385216,2.92971,-2.69792,2.10439,0.53484,-0.75851,-0.26613,0.26035,0.16999,-0.39971,0.50874,
1641629345711385344,2.93764,-2.71630,2.12569,0.54688,-0.74877,-0.26097,0.26864,0.09031,-0.35350,0.36847,
1641629345761385216,2.94025,-2.73115,2.13945,0.55694,-0.73896,-0.25761,0.27821,-0.04340,-0.26068,0.19389,
1641629345811385088,2.93412,-2.74192,2.14392,0.56164,-0.73379,-0.25914,0.28101,-0.20793,-0.14080,-0.00903,
1641629345861385216,2.92007,-2.74590,2.13931,0.55976,-0.73537,-0.26645,0.27368,-0.35146,-0.00928,-0.16514,
1641629345911386368,2.89969,-2.74316,2.12855,0.55224,-0.74057,-0.27671,0.26460,-0.45925,0.11320,-0.25503,
1641629345961385216,2.87469,-2.73526,2.11382,0.54157,-0.74531,-0.28582,0.26367,-0.54396,0.19909,-0.31444,
1641629346011385088,2.84585,-2.72445,2.09608,0.52437,-0.75103,-0.29716,0.26960,-0.61361,0.23758,-0.37910,
1641629346061385216,2.81421,-2.71209,2.07511,0.50308,-0.75635,-0.31463,0.27540,-0.65276,0.25404,-0.44259,
1641629346111385088,2.78200,-2.69939,2.05098,-0.48101,0.75520,0.33887,-0.28891,-0.65907,0.26257,-0.50607,
1641629346151385344,2.75663,-2.68904,2.03018,-0.45738,0.75594,0.36048,-0.29904,-0.65602,0.25960,-0.52151,
1641629346211385344,2.72059,-2.67442,1.99828,-0.41939,0.75690,0.39057,-0.31413,-0.57481,0.22423,-0.52884,
1641629346261385216,2.69410,-2.66448,1.97309,-0.38377,0.76271,0.41171,-0.31857,-0.49654,0.17084,-0.46234,
1641629346311386112,2.67325,-2.65785,1.95202,-0.35913,0.77077,0.42183,-0.31465,-0.37597,0.09712,-0.35910,
1641629346361387264,2.65931,-2.65501,1.93799,-0.34180,0.78011,0.42289,-0.30946,-0.24367,0.00146,-0.17899,
1641629346411386368,2.65188,-2.65795,1.93365,-0.32720,0.78552,0.42160,-0.31329,-0.12741,-0.10738,0.01728,
1641629346441385216,2.65010,-2.66252,1.93556,-0.32044,0.78625,0.42089,-0.31935,-0.07176,-0.17097,0.12583,
1641629346491385344,2.64906,-2.67357,1.94537,-0.31749,0.77901,0.42060,-0.33977,-0.01141,-0.24283,0.27715,
1641629346541385216,2.65013,-2.68712,1.96195,-0.31258,0.76631,0.42137,-0.37082,0.01747,-0.26863,0.38885,
1641629346591385088,2.65212,-2.70130,1.98345,-0.30046,0.75353,0.42223,-0.40452,0.04077,-0.26218,0.47600,
1641629346641385216,2.65608,-2.71478,2.00828,-0.29556,0.73903,0.42394,-0.43216,0.10101,-0.24429,0.52497,
1641629346691385344,2.66311,-2.72628,2.03489,-0.30187,0.72239,0.42313,-0.45606,0.16364,-0.18086,0.55289,
1641629346741385216,2.67298,-2.73439,2.06087,-0.31976,0.70773,0.41727,-0.47198,0.21810,-0.11334,0.50785,
1641629346791385088,2.68539,-2.73888,2.08352,-0.34542,0.69720,0.40574,-0.47956,0.27360,-0.03343,0.43460,
1641629346841385216,2.69971,-2.73932,2.10107,-0.36854,0.69131,0.39013,-0.48381,0.31224,0.03561,0.30311,
1641629346891385344,2.71594,-2.73597,2.11158,-0.38432,0.69134,0.37490,-0.48353,0.34837,0.10498,0.14247,
1641629346941385216,2.73372,-2.72892,2.11405,-0.39522,0.69571,0.35809,-0.48121,0.36567,0.18254,-0.02057,
1641629346991385344,2.75262,-2.71740,2.10921,-0.39803,0.70639,0.33533,-0.47972,0.38746,0.26545,-0.15229,
1641629347041385216,2.77270,-2.70253,2.09843,-0.39265,0.72245,0.30755,-0.47886,0.40743,0.30162,-0.26020,
1641629347091385088,2.79391,-2.68669,2.08406,-0.38627,0.74089,0.27485,-0.47575,0.44000,0.30772,-0.28349,
1641629347141385216,2.81704,-2.67203,2.06921,-0.38427,0.75510,0.24157,-0.47308,0.46530,0.25057,-0.27912,
1641629347191385344,2.84063,-2.66132,2.05642,-0.38739,0.76674,0.21753,-0.46337,0.47079,0.15501,-0.18844,
1641629347241385216,2.86433,-2.65725,2.04905,-0.39415,0.77710,0.20493,-0.44583,0.46598,0.00109,-0.07029,
1641629347271385088,2.87867,-2.65894,2.04740,-0.40375,0.78026,0.20462,-0.43165,0.46655,-0.08593,0.01009,
1641629347321385216,2.90238,-2.66642,2.05102,-0.42371,0.77960,0.20901,-0.41111,0.47514,-0.17989,0.14967,
1641629347371385344,2.92564,-2.67690,2.06104,-0.44743,0.77404,0.21477,-0.39312,0.45255,-0.21784,0.24744,
1641629347421385216,2.94716,-2.68789,2.07465,-0.47833,0.76999,0.21360,-0.36427,0.41546,-0.20401,0.30606,
1641629347471385344,2.96646,-2.69654,2.09080,0.51499,-0.76638,-0.20135,0.32695,0.37064,-0.13091,0.35895,
1641629347521385216,2.98329,-2.70125,2.10938,0.54715,-0.76637,-0.18044,0.28416,0.31788,-0.05401,0.39615,
1641629347571385088,2.99757,-2.70312,2.12962,0.57143,-0.76874,-0.15753,0.24017,0.27599,-0.02480,0.43321,
1641629347621385216,3.00968,-2.70429,2.15142,0.59116,-0.77105,-0.13203,0.19642,0.23294,-0.02123,0.44867,
1641629347671385344,3.01989,-2.70589,2.17359,0.60901,-0.77114,-0.10531,0.15285,0.19414,-0.04509,0.44934,
1641629347721385216,3.02804,-2.70894,2.19523,0.62645,-0.76718,-0.07980,0.11241,0.14465,-0.07892,0.42346,
1641629347761385216,3.03347,-2.71318,2.21116,0.64139,-0.75984,-0.06430,0.08444,0.11698,-0.11912,0.38459,
1641629347821385216,3.03942,-2.72070,2.23188,0.66213,-0.74640,-0.04475,0.04962,0.07836,-0.12048,0.29364,
1641629347871385344,3.04363,-2.72630,2.24431,0.67711,-0.73525,-0.02538,0.01673,0.08297,-0.08634,0.20306,
1641629347921385216,3.04851,-2.72927,2.25216,0.68796,-0.72555,0.00175,-0.01715,0.10256,-0.02645,0.10326,
1641629347971385344,3.05503,-2.72988,2.25486,0.69398,-0.71726,0.03546,-0.05165,0.12985,0.00941,0.00343,
1641629348011385088,3.06102,-2.72950,2.25346,0.69592,-0.71120,0.06314,-0.07679,0.15076,0.01939,-0.07116,
1641629348061385216,3.06882,-2.72869,2.24820,0.69383,-0.70750,0.09500,-0.09496,0.17014,0.01979,-0.13177,
1641629348111385088,3.07726,-2.72779,2.23991,0.69042,-0.70661,0.12213,-0.09540,0.17426,0.02735,-0.19684,
1641629348151385344,3.08487,-2.72672,2.23138,0.68590,-0.70852,0.14046,-0.08837,0.18183,0.05572,-0.24155,
1641629348211385344,3.09660,-2.72230,2.21508,0.67337,-0.71603,0.16634,-0.07879,0.17576,0.10791,-0.31049,
1641629348261385216,3.10738,-2.71696,2.19929,0.66131,-0.72196,0.18892,-0.07585,0.18125,0.14511,-0.34027,
1641629348301385216,3.11525,-2.71176,2.18507,0.65063,-0.72704,0.20750,-0.07097,0.16622,0.15429,-0.36496,
1641629348361385216,3.12534,-2.70302,2.16246,0.63836,-0.73250,0.22926,-0.05818,0.14676,0.15939,-0.38327,
1641629348401385216,3.13218,-2.69738,2.14717,0.63077,-0.73655,0.23978,-0.04616,0.14295,0.15484,-0.38247,
1641629348441385216,3.13876,-2.69164,2.13221,0.62244,-0.74104,0.24929,-0.03576,0.14835,0.16214,-0.35941,
1641629348491385344,3.14702,-2.68416,2.11527,0.60842,-0.74841,0.26249,-0.02844,0.14845,0.14992,-0.31209,
1641629348541385216,3.15541,-2.67842,2.10162,0.59447,-0.75553,0.27395,-0.02726,0.14107,0.11067,-0.22865,
1641629348591385088,3.16335,-2.67462,2.09274,0.58416,-0.76036,0.28256,-0.02783,0.13029,0.06695,-0.12182,
1641629348641386240,3.17112,-2.67331,2.08976,0.57638,-0.76318,0.29021,-0.03345,0.11344,0.02956,0.00924,
1641629348691385344,3.17730,-2.67388,2.09385,0.57417,-0.76217,0.29593,-0.04304,0.07848,-0.01130,0.15656,
1641629348741386240,3.18113,-2.67585,2.10486,0.57993,-0.75742,0.29535,-0.05258,0.03166,-0.03939,0.28959,
1641629348791385088,3.18282,-2.67911,2.12186,0.58992,-0.75106,0.28968,-0.06319,-0.01487,-0.05992,0.39520,
1641629348841385216,3.18242,-2.68356,2.14303,0.60270,-0.74220,0.28207,-0.07959,-0.05235,-0.07318,0.45879,
1641629348891385344,3.17991,-2.68866,2.16630,0.61632,-0.73165,0.27357,-0.09993,-0.08753,-0.09449,0.48133,
1641629348941385216,3.17591,-2.69542,2.18973,0.63019,-0.71988,0.26467,-0.12076,-0.10944,-0.10566,0.47041,
1641629348991385344,3.17091,-2.70170,2.21174,0.64409,-0.70653,0.25586,-0.14320,-0.12199,-0.10514,0.42230,
1641629349041385216,3.16581,-2.70770,2.23057,0.65516,-0.69522,0.24486,-0.16575,-0.11068,-0.09638,0.35166,
1641629349091385088,3.16235,-2.71371,2.24585,0.66307,-0.68443,0.23679,-0.18929,-0.06823,-0.09242,0.27556,
1641629349141385216,3.16144,-2.72016,2.25710,0.66934,-0.67195,0.23673,-0.21075,-0.00767,-0.09220,0.18389,
1641629349191385344,3.16359,-2.72514,2.26340,0.67217,-0.66161,0.24325,-0.22647,0.05879,-0.07302,0.07234,
1641629349241385216,3.16876,-2.72917,2.26410,0.67002,-0.65606,0.25505,-0.23582,0.11527,-0.05237,-0.04225,
1641629349271385088,3.17313,-2.73130,2.26177,0.66728,-0.65412,0.26436,-0.23870,0.14199,-0.03483,-0.10808,
1641629349321385216,3.18122,-2.73320,2.25389,0.66086,-0.65355,0.28114,-0.23896,0.16863,-0.00117,-0.20889,
1641629349371385344,3.19034,-2.73342,2.24173,0.65153,-0.65529,0.29949,-0.23750,0.18606,0.04771,-0.28411,
1641629349421385216,3.19971,-2.73099,2.22605,0.63612,-0.66037,0.31845,-0.24051,0.18123,0.10324,-0.34966,
1641629349471385344,3.20797,-2.72615,2.20774,0.61647,-0.66976,0.33449,-0.24392,0.14715,0.13726,-0.38525,
1641629349521385216,3.21393,-2.71990,2.18899,0.60058,-0.68201,0.34259,-0.23834,0.09615,0.15275,-0.36281,
1641629349571385088,3.21804,-2.71236,2.17340,0.58893,-0.69620,0.34599,-0.22083,0.06709,0.18352,-0.25382,
1641629349621385216,3.21996,-2.70422,2.16593,0.57878,-0.70938,0.34678,-0.20381,-0.00370,0.17401,-0.04488,
1641629349661385216,3.21840,-2.69897,2.16786,0.57889,-0.71094,0.34459,-0.20177,-0.08630,0.14563,0.12685,
1641629349721385216,3.20985,-2.69293,2.18183,0.59477,-0.70194,0.33438,-0.20424,-0.19945,0.11025,0.31337,
1641629349761385216,3.20068,-2.68832,2.19561,0.61124,-0.69409,0.32321,-0.20038,-0.25440,0.11581,0.36454,
1641629349821385216,3.18380,-2.68204,2.21791,0.63620,-0.68532,0.30072,-0.18750,-0.31933,0.14938,0.35921,
1641629349871385344,3.16688,-2.67539,2.23510,0.65431,-0.68078,0.27988,-0.17344,-0.37940,0.17101,0.31276,
1641629349921385216,3.14677,-2.66748,2.24949,0.67061,-0.67769,0.25812,-0.15618,-0.44306,0.17724,0.24910,
1641629349971385344,3.12345,-2.65928,2.26055,0.68660,-0.67568,0.23364,-0.13210,-0.50034,0.17778,0.17114,
1641629350021385216,3.09766,-2.65068,2.26775,0.69994,-0.67606,0.20558,-0.10377,-0.53945,0.17829,0.09371,
1641629350051385088,3.08149,-2.64562,2.27055,0.70646,-0.67679,0.18766,-0.08745,-0.55700,0.18240,0.04913,
1641629350101385216,3.05314,-2.63708,2.27160,0.71323,-0.68070,0.15588,-0.06053,-0.58280,0.17063,-0.03432,
1641629350161385216,3.01806,-2.62821,2.26708,0.71420,-0.69152,0.10591,-0.02229,-0.57778,0.15277,-0.12558,
1641629350201385216,2.99526,-2.62257,2.26162,0.71009,-0.70044,0.07175,0.00221,-0.56356,0.15008,-0.17008,
1641629350251385088,2.96797,-2.61595,2.25156,0.70354,-0.70946,0.02933,0.02903,-0.52653,0.12076,-0.24713,
1641629350301385216,2.94303,-2.61041,2.23811,0.68928,-0.72149,-0.01671,0.06370,-0.47386,0.11295,-0.30175,
1641629350351385088,2.92020,-2.60477,2.22178,0.67093,-0.73287,-0.05595,0.09812,-0.43256,0.11364,-0.36847,
1641629350401385216,2.89934,-2.59954,2.20180,0.64950,-0.74356,-0.08936,0.13148,-0.40143,0.09435,-0.44601,
1641629350441385216,2.88330,-2.59599,2.18289,0.62583,-0.75486,-0.12013,0.15520,-0.39336,0.08455,-0.51211,
1641629350491385344,2.86394,-2.59239,2.15649,0.58921,-0.77154,-0.15909,0.17959,-0.36875,0.05571,-0.53762,
1641629350541385216,2.84577,-2.59107,2.13013,0.56038,-0.78105,-0.18859,0.20094,-0.35811,-0.00140,-0.52539,
1641629350591385088,2.82796,-2.59291,2.10451,0.53104,-0.78950,-0.21575,0.21942,-0.34431,-0.07767,-0.49507,
1641629350641385216,2.81126,-2.59857,2.08162,0.50557,-0.79187,-0.24359,0.24083,-0.33539,-0.14293,-0.41380,
1641629350691385344,2.79499,-2.60690,2.06308,-0.48650,0.78741,0.26975,-0.26559,-0.32258,-0.18958,-0.32499,
1641629350741385216,2.77959,-2.61652,2.04927,-0.47356,0.77933,0.29128,-0.28904,-0.31596,-0.21268,-0.23396,
1641629350791385088,2.76437,-2.62715,2.03960,-0.46093,0.77055,0.31412,-0.30843,-0.31464,-0.21731,-0.14838,
1641629350841385216,2.74900,-2.63795,2.03433,-0.44469,0.76431,0.33616,-0.32416,-0.30334,-0.21932,-0.06123,
1641629350891385344,2.73503,-2.64909,2.03371,-0.43106,0.75461,0.35857,-0.34084,-0.26373,-0.22237,0.04109,
1641629350941385216,2.72288,-2.66022,2.03775,-0.41950,0.74322,0.37815,-0.35867,-0.22660,-0.20761,0.12902,
1641629350991386112,2.71278,-2.67046,2.04561,-0.41587,0.72925,0.39455,-0.37360,-0.18441,-0.18055,0.20710,
1641629351041386240,2.70539,-2.67887,2.05821,-0.41786,0.71636,0.40697,-0.38287,-0.12158,-0.13978,0.31235,
1641629351091385088,2.70159,-2.68445,2.07637,-0.42831,0.70303,0.41147,-0.39114,-0.04639,-0.09273,0.40784,
1641629351141385216,2.70211,-2.68787,2.09849,-0.44573,0.69028,0.40884,-0.39710,0.03980,-0.07445,0.46455,
1641629351191385344,2.70727,-2.68944,2.12260,-0.46467,0.67628,0.40535,-0.40302,0.13316,-0.04036,0.48510,
1641629351241385216,2.71685,-2.68916,2.14629,-0.48511,0.66287,0.39649,-0.40995,0.21082,-0.00491,0.44712,
1641629351271386112,2.72438,-2.68839,2.15891,-0.49836,0.65668,0.38905,-0.41114,0.24865,0.01640,0.41045,
1641629351321385216,2.73874,-2.68639,2.17746,0.52040,-0.64976,-0.37191,0.41071,0.30382,0.04799,0.32624,
1641629351371385344,2.75484,-2.68279,2.19069,0.54119,-0.64785,-0.35371,0.40286,0.32398,0.07345,0.20927,
1641629351421385216,2.77189,-2.67800,2.19866,0.55985,-0.65195,-0.33314,0.38800,0.34795,0.09553,0.11331,
1641629351471385344,2.79001,-2.67215,2.20240,0.57304,-0.66136,-0.31034,0.37136,0.36220,0.11528,0.03866,
1641629351521385216,2.80888,-2.66541,2.20254,0.58033,-0.67452,-0.28487,0.35650,0.37075,0.13296,-0.03409,
1641629351571385088,2.82793,-2.65807,2.19966,0.58301,-0.68979,-0.25706,0.34381,0.37507,0.14086,-0.07764,
1641629351621385216,2.84731,-2.65141,2.19435,0.58356,-0.70377,-0.22667,0.33583,0.37536,0.12325,-0.14287,
1641629351671385344,2.86612,-2.64581,2.18630,0.58036,-0.71734,-0.19826,0.33060,0.36088,0.10664,-0.18424,
1641629351721385216,2.88383,-2.64128,2.17597,0.57714,-0.72976,-0.16836,0.32560,0.33472,0.08630,-0.24104,
1641629351771386112,2.90054,-2.63777,2.16339,0.57517,-0.73926,-0.13831,0.32178,0.31639,0.06830,-0.27737,
1641629351821385216,2.91611,-2.63523,2.14905,0.57164,-0.74708,-0.10830,0.32152,0.28674,0.04691,-0.32122,
1641629351871385344,2.93027,-2.63352,2.13257,0.56638,-0.75413,-0.08277,0.32196,0.26076,0.03059,-0.35071,
1641629351921385216,2.94322,-2.63240,2.11529,0.55739,-0.76262,-0.06217,0.32227,0.23139,0.02323,-0.34708,
1641629351971385344,2.95531,-2.63158,2.09920,0.54779,-0.77223,-0.04491,0.31870,0.20608,0.02195,-0.31797,
1641629352021385216,2.96668,-2.63095,2.08559,0.53823,-0.78479,-0.02980,0.30582,0.19126,0.01219,-0.23225,
1641629352051385088,2.97373,-2.63122,2.07995,0.53268,-0.79256,-0.02285,0.29594,0.18585,-0.01595,-0.16405,
1641629352111385088,2.98609,-2.63397,2.07518,0.53016,-0.80333,-0.01785,0.27068,0.17174,-0.06067,0.00252,
1641629352151385344,2.99437,-2.63734,2.07798,0.53331,-0.80701,-0.01867,0.25293,0.15918,-0.08863,0.11650,
1641629352201385216,3.00295,-2.64280,2.08731,0.54361,-0.80723,-0.02394,0.22868,0.13931,-0.12176,0.24208,
1641629352261385216,3.01155,-2.65114,2.10613,0.56253,-0.80085,-0.03476,0.20245,0.10073,-0.15107,0.37258,
1641629352301385216,3.01588,-2.65760,2.12251,0.57759,-0.79377,-0.04294,0.18569,0.06319,-0.17052,0.43459,
1641629352351385088,3.01891,-2.66664,2.14537,0.59926,-0.78196,-0.05478,0.16255,0.00635,-0.18315,0.47300,
1641629352401385216,3.01888,-2.67591,2.16944,0.62039,-0.76843,-0.06716,0.14185,-0.04776,-0.17489,0.48574,
1641629352441385216,3.01700,-2.68250,2.18832,0.63409,-0.75934,-0.07513,0.12528,-0.09562,-0.15352,0.46408,
1641629352491385344,3.01152,-2.68978,2.21069,0.64926,-0.74850,-0.08331,0.10618,-0.13949,-0.14245,0.42621,
1641629352541385216,3.00399,-2.69624,2.23050,0.65908,-0.73981,-0.09460,0.09666,-0.18371,-0.12082,0.35885,
1641629352591385088,2.99429,-2.70136,2.24636,0.66363,-0.73461,-0.10850,0.09042,-0.22798,-0.10082,0.27147,
1641629352641385216,2.98256,-2.70563,2.25754,0.66624,-0.73000,-0.12562,0.08630,-0.26358,-0.09301,0.17080,
1641629352691385344,2.96907,-2.70919,2.26366,0.66672,-0.72574,-0.14576,0.08684,-0.28548,-0.08966,0.06547,
1641629352741385216,2.95441,-2.71253,2.26425,0.66601,-0.72136,-0.16608,0.09210,-0.30251,-0.07140,-0.05203,
1641629352791385088,2.93884,-2.71483,2.25884,0.66151,-0.72023,-0.18536,0.09653,-0.31539,-0.05534,-0.17197,
1641629352841385216,2.92268,-2.71645,2.24815,0.65334,-0.72108,-0.20566,0.10438,-0.31873,-0.03655,-0.26936,
1641629352891385344,2.90646,-2.71719,2.23311,0.64100,-0.72443,-0.22564,0.11580,-0.31826,-0.02083,-0.33575,
1641629352941389312,2.89023,-2.71737,2.21549,0.62652,-0.72833,-0.24219,0.13547,-0.32577,-0.00442,-0.38327,
1641629352991385344,2.87339,-2.71694,2.19535,0.60976,-0.73279,-0.25660,0.15927,-0.34667,0.00771,-0.43580,
1641629353041385216,2.85533,-2.71666,2.17291,0.58559,-0.73961,-0.27360,0.18763,-0.37863,0.01385,-0.49385,
1641629353091385088,2.83536,-2.71642,2.14781,0.55715,-0.74938,-0.29080,0.20844,-0.41423,0.00926,-0.51094,
1641629353141385216,2.81411,-2.71698,2.12272,0.53097,-0.75711,-0.30526,0.22731,-0.43251,-0.01846,-0.49936,
1641629353191385344,2.79231,-2.71952,2.09898,0.50002,-0.76582,-0.32019,0.24694,-0.43209,-0.08383,-0.45193,
1641629353241385216,2.77096,-2.72526,2.07759,-0.46885,0.76924,0.33894,-0.27125,-0.41553,-0.14486,-0.40368,
1641629353271385088,2.75873,-2.72968,2.06613,-0.45051,0.77000,0.34928,-0.28661,-0.40633,-0.16992,-0.35620,
1641629353321385216,2.73891,-2.73875,2.04991,-0.42957,0.76687,0.36154,-0.31091,-0.39861,-0.21205,-0.29271,
1641629353371385344,2.71971,-2.74993,2.03678,-0.41036,0.76252,0.37430,-0.33175,-0.38238,-0.24958,-0.22681,
1641629353421385216,2.70149,-2.76289,2.02695,-0.39016,0.75557,0.39308,-0.34983,-0.35131,-0.27494,-0.15997,
1641629353471385344,2.68522,-2.77613,2.02148,-0.37373,0.74451,0.41728,-0.36320,-0.30823,-0.25372,-0.04047,
1641629353521385216,2.67151,-2.78763,2.02283,-0.36437,0.73195,0.43814,-0.37352,-0.24634,-0.21021,0.10145,
1641629353571385088,2.66151,-2.79680,2.03070,-0.36665,0.71745,0.45367,-0.38082,-0.16641,-0.15303,0.22393,
1641629353621385216,2.65525,-2.80257,2.04493,-0.37548,0.70416,0.46070,-0.38850,-0.08936,-0.09162,0.34676,
1641629353661385216,2.65342,-2.80498,2.06002,-0.38897,0.69326,0.46014,-0.39543,-0.01911,-0.04984,0.41609,
1641629353711385344,2.65468,-2.80560,2.08247,-0.41265,0.67954,0.45232,-0.40417,0.05072,0.01539,0.48841,
1641629353771385088,2.66043,-2.80188,2.11287,-0.44642,0.66710,0.43101,-0.41221,0.12579,0.07454,0.51854,
1641629353821385216,2.66832,-2.79641,2.13882,-0.47433,0.65902,0.40903,-0.41642,0.17843,0.11115,0.51920,
1641629353871385344,2.67898,-2.78864,2.16401,-0.49963,0.65286,0.38379,-0.42053,0.23506,0.13347,0.48128,
1641629353921385216,2.69240,-2.78032,2.18673,0.51933,-0.64835,-0.35756,0.42671,0.28579,0.14402,0.42189,
1641629353971385344,2.70800,-2.77232,2.20532,0.53489,-0.64474,-0.33455,0.43161,0.32350,0.13085,0.31982,
1641629354021385216,2.72550,-2.76476,2.21890,0.55017,-0.63924,-0.31600,0.43453,0.35970,0.12936,0.22503,
1641629354051385088,2.73682,-2.76012,2.22462,0.55950,-0.63664,-0.30415,0.43490,0.37170,0.12728,0.16114,
1641629354101385216,2.75581,-2.75341,2.23002,0.57557,-0.63565,-0.28227,0.43011,0.37903,0.12876,0.05025,
1641629354151385344,2.77459,-2.74635,2.22960,0.59002,-0.63969,-0.25975,0.41857,0.35840,0.14535,-0.06179,
1641629354201385216,2.79253,-2.73839,2.22412,0.59826,-0.65236,-0.23469,0.40180,0.34762,0.16921,-0.16121,
1641629354251385088,2.81034,-2.72942,2.21352,0.60061,-0.67030,-0.20738,0.38335,0.35190,0.17838,-0.25610,
1641629354301385216,2.82876,-2.72043,2.19900,0.59835,-0.68990,-0.17766,0.36668,0.36864,0.17475,-0.32182,
1641629354351385088,2.84803,-2.71240,2.18158,0.59349,-0.70853,-0.14722,0.35225,0.37463,0.15214,-0.38349,
1641629354401386240,2.86687,-2.70588,2.16168,0.58687,-0.72595,-0.11766,0.33872,0.35453,0.11536,-0.42452,
1641629354441385216,2.88102,-2.70237,2.14476,0.58000,-0.73900,-0.09690,0.32878,0.32576,0.07259,-0.44413,
1641629354491385344,2.89697,-2.69987,2.12304,0.56906,-0.75409,-0.07234,0.31981,0.28921,0.03183,-0.44378,
1641629354541385216,2.91152,-2.69945,2.10213,0.55652,-0.76861,-0.04935,0.31158,0.26499,-0.01283,-0.40837,
1641629354591385088,2.92518,-2.70096,2.08426,0.54772,-0.78036,-0.02441,0.30073,0.24748,-0.04914,-0.32214,
1641629354641385216,2.93820,-2.70451,2.07094,0.54274,-0.78774,-0.00503,0.29133,0.23966,-0.08660,-0.22442,
1641629354691385344,2.95058,-2.70918,2.06293,0.54006,-0.79298,0.00495,0.28197,0.23743,-0.08543,-0.10048,
1641629354741385216,2.96295,-2.71322,2.06134,0.54388,-0.79651,0.01374,0.26378,0.23277,-0.05889,0.02778,
1641629354791385088,2.97517,-2.71596,2.06682,0.54808,-0.80269,0.02157,0.23416,0.23298,-0.04267,0.18324,
1641629354841385216,2.98688,-2.71887,2.07970,0.56062,-0.80392,0.03184,0.19598,0.21817,-0.06598,0.31762,
1641629354891385344,2.99786,-2.72392,2.09842,0.57706,-0.80064,0.03701,0.15687,0.19830,-0.10700,0.41880,
1641629354941385216,3.00767,-2.73049,2.12084,0.59632,-0.79294,0.04216,0.11779,0.17346,-0.13097,0.46500,
1641629354991385344,3.01670,-2.73836,2.14408,0.61575,-0.78257,0.05110,0.07633,0.15559,-0.14302,0.45686,
1641629355041385216,3.02463,-2.74628,2.16604,0.63333,-0.77035,0.06656,0.03204,0.13919,-0.14135,0.40914,
1641629355091385088,3.03174,-2.75470,2.18478,0.64668,-0.75808,0.08403,-0.00761,0.12784,-0.15200,0.33094,
1641629355141385216,3.03912,-2.76359,2.19890,0.65646,-0.74634,0.10227,-0.03971,0.12277,-0.14368,0.23756,
1641629355191385344,3.04602,-2.77136,2.20768,0.66219,-0.73611,0.12239,-0.06830,0.11746,-0.12458,0.12788,
1641629355241385216,3.05262,-2.77866,2.21128,0.66369,-0.72848,0.14179,-0.09343,0.11053,-0.11595,0.02769,
1641629355271385088,3.05632,-2.78286,2.21130,0.66434,-0.72382,0.15295,-0.10655,0.10941,-0.10350,-0.02340,
1641629355321385216,3.06256,-2.78821,2.20830,0.66319,-0.71697,0.17311,-0.12717,0.11634,-0.07948,-0.09283,
1641629355371385344,3.06924,-2.79260,2.20245,0.65929,-0.71291,0.19367,-0.13993,0.12191,-0.05445,-0.14601,
1641629355421385216,3.07584,-2.79537,2.19378,0.65478,-0.71151,0.21274,-0.14060,0.11242,-0.01469,-0.21092,
1641629355471385344,3.08145,-2.79546,2.18172,0.64768,-0.71448,0.22783,-0.13460,0.08967,0.03953,-0.28097,
1641629355521385216,3.08569,-2.79223,2.16683,0.63520,-0.72286,0.23957,-0.12884,0.06242,0.10226,-0.32303,
1641629355571385088,3.08800,-2.78559,2.15087,0.62117,-0.73140,0.25149,-0.12636,0.01492,0.17025,-0.32212,
1641629355621385216,3.08727,-2.77709,2.13610,0.60726,-0.74231,0.25673,-0.11958,-0.05953,0.20398,-0.27614,
1641629355671385344,3.08262,-2.76724,2.12461,0.59630,-0.75453,0.25293,-0.10557,-0.15127,0.23548,-0.19907,
1641629355721385216,3.07282,-2.75630,2.11735,0.58992,-0.76490,0.24167,-0.09229,-0.26178,0.23377,-0.10372,
1641629355761385216,3.06093,-2.74790,2.11498,0.59079,-0.76989,0.22640,-0.08357,-0.34360,0.22765,-0.02721,
1641629355821385216,3.03726,-2.73565,2.11661,0.59829,-0.77480,0.19276,-0.06763,-0.43833,0.20575,0.06884,
1641629355871385344,3.01415,-2.72633,2.12180,0.60889,-0.77580,0.15669,-0.05327,-0.48088,0.19133,0.12828,
1641629355921388032,2.98947,-2.71760,2.12925,0.61933,-0.77519,0.11881,-0.03731,-0.50507,0.17229,0.16092,
1641629355961385216,2.96887,-2.71155,2.13610,0.62683,-0.77391,0.08792,-0.02042,-0.52191,0.14278,0.17122,
1641629356021385216,2.93712,-2.70486,2.14597,0.63536,-0.77104,0.03864,0.01825,-0.52744,0.09423,0.15288,
1641629356051385088,2.92129,-2.70261,2.15035,0.63827,-0.76850,0.01368,0.04271,-0.52279,0.07051,0.12936,
1641629356101385216,2.89544,-2.69992,2.15563,0.64008,-0.76324,-0.02581,0.08426,-0.50867,0.04960,0.08135,
1641629356151385344,2.87037,-2.69798,2.15868,0.64045,-0.75584,-0.05880,0.12279,-0.49417,0.03508,0.03024,
1641629356201385216,2.84586,-2.69672,2.15907,0.63807,-0.74909,-0.08898,0.15430,-0.48749,0.02007,-0.02492,
1641629356251385088,2.82183,-2.69648,2.15706,0.62908,-0.74560,-0.11883,0.18497,-0.47254,0.00037,-0.06775,
1641629356301385216,2.79849,-2.69701,2.15291,0.61599,-0.74290,-0.14914,0.21544,-0.46419,-0.01404,-0.10981,
1641629356351385088,2.77560,-2.69885,2.14667,0.60025,-0.74104,-0.17922,0.24176,-0.44381,-0.04863,-0.15001,
1641629356401385216,2.75413,-2.70237,2.13865,0.58388,-0.73649,-0.21051,0.26898,-0.41404,-0.08122,-0.17990,
1641629356441385216,2.73801,-2.70643,2.13106,0.57130,-0.73071,-0.23527,0.29039,-0.38704,-0.10346,-0.20434,
1641629356491385344,2.71918,-2.71225,2.12027,0.55589,-0.72270,-0.26418,0.31448,-0.36768,-0.11707,-0.23890,
1641629356541385216,2.70089,-2.71882,2.10768,0.54034,-0.71648,-0.29282,0.33008,-0.35783,-0.12679,-0.27697,
1641629356591385088,2.68320,-2.72607,2.09364,0.52550,-0.71154,-0.32009,0.33928,-0.33350,-0.14233,-0.30606,
1641629356641385216,2.66743,-2.73480,2.07868,0.50908,-0.70590,-0.34829,0.34819,-0.28193,-0.16516,-0.30871,
1641629356691385344,2.65434,-2.74442,2.06384,-0.48953,0.69943,0.37458,-0.36172,-0.22192,-0.18850,-0.30369,
1641629356741385216,2.64416,-2.75519,2.04938,-0.47321,0.68906,0.39770,-0.37830,-0.16604,-0.20442,-0.28459,
1641629356791385088,2.63706,-2.76584,2.03595,-0.45584,0.67937,0.41690,-0.39606,-0.11142,-0.20467,-0.25617,
1641629356841385216,2.63243,-2.77598,2.02391,-0.44018,0.67117,0.42919,-0.41422,-0.07562,-0.19419,-0.22567,
1641629356891387136,2.62893,-2.78532,2.01411,-0.42529,0.66769,0.43635,-0.42768,-0.05439,-0.15751,-0.15383,
1641629356941385216,2.62642,-2.79129,2.01029,-0.41815,0.66345,0.43606,-0.44141,-0.04481,-0.07916,0.00359,
1641629356991385344,2.62426,-2.79343,2.01464,-0.41721,0.65942,0.43355,-0.45070,-0.04200,-0.00764,0.17019,
1641629357041385216,2.62306,-2.79235,2.02710,-0.42370,0.65434,0.43199,-0.45353,-0.01031,0.05883,0.32269,
1641629357091385088,2.62385,-2.78829,2.04554,-0.44129,0.64809,0.42757,-0.44993,0.03982,0.09658,0.40403,
1641629357141386240,2.62736,-2.78277,2.06716,-0.46345,0.64547,0.41991,-0.43848,0.10594,0.14073,0.45750,
1641629357191385344,2.63415,-2.77537,2.09001,-0.48474,0.64626,0.40682,-0.42647,0.16828,0.17405,0.44294,
1641629357241385216,2.64393,-2.76662,2.11162,0.50529,-0.64825,-0.38993,0.41522,0.22570,0.19457,0.41066,
1641629357271385088,2.65129,-2.76155,2.12310,0.51664,-0.64935,-0.37901,0.40961,0.24406,0.19271,0.34835,
1641629357321385216,2.66391,-2.75189,2.13816,0.53298,-0.65258,-0.36546,0.39561,0.25068,0.20691,0.26114,
1641629357371385344,2.67716,-2.74160,2.14954,0.54679,-0.65953,-0.34648,0.38209,0.26586,0.21249,0.17819,
1641629357421385216,2.69127,-2.73128,2.15647,0.56132,-0.66817,-0.32338,0.36592,0.28038,0.21300,0.10024,
1641629357471385344,2.70624,-2.72144,2.15944,0.57245,-0.67673,-0.29710,0.35508,0.30353,0.19822,0.00569,
1641629357521385216,2.72184,-2.71207,2.15772,0.57888,-0.68514,-0.27199,0.34857,0.30982,0.19290,-0.07588,
1641629357571385088,2.73781,-2.70307,2.15187,0.57808,-0.69621,-0.24646,0.34695,0.30478,0.18497,-0.16815,
1641629357621385216,2.75308,-2.69411,2.14146,0.57869,-0.70770,-0.21955,0.34070,0.28215,0.18419,-0.25767,
1641629357671385344,2.76765,-2.68544,2.12679,0.57931,-0.72046,-0.19196,0.32939,0.27749,0.17576,-0.33660,
1641629357721385216,2.78263,-2.67724,2.10951,0.57564,-0.73576,-0.16128,0.31826,0.27888,0.16401,-0.38121,
1641629357771385088,2.79782,-2.67008,2.08998,0.57028,-0.75095,-0.12952,0.30671,0.27842,0.13750,-0.41974,
1641629357821385216,2.81309,-2.66458,2.06994,0.56344,-0.76650,-0.09529,0.29316,0.28110,0.09019,-0.40405,
1641629357871385344,2.82817,-2.66166,2.05108,0.55834,-0.77992,-0.06358,0.27556,0.27536,0.03520,-0.36909,
1641629357921385216,2.84329,-2.66152,2.03478,0.55767,-0.79036,-0.03430,0.25131,0.28123,-0.01946,-0.29931,
1641629357971385344,2.85891,-2.66348,2.02248,0.55827,-0.79857,-0.01000,0.22477,0.28721,-0.05098,-0.21579,
1641629358021385216,2.87470,-2.66664,2.01484,0.56097,-0.80432,0.01486,0.19535,0.29685,-0.07158,-0.11357,
1641629358051385088,2.88465,-2.66896,2.01269,0.56020,-0.80822,0.02692,0.17955,0.30211,-0.08122,-0.05956,
1641629358101385216,2.90086,-2.67328,2.01219,0.55922,-0.81329,0.04602,0.15401,0.31651,-0.08281,0.02345,
1641629358151386368,2.91697,-2.67771,2.01517,0.55953,-0.81665,0.06737,0.12438,0.31553,-0.08823,0.08798,
1641629358201385216,2.93295,-2.68286,2.02196,0.56203,-0.81674,0.08958,0.09503,0.31395,-0.10690,0.17106,
1641629358251385088,2.94835,-2.68899,2.03218,0.56824,-0.81246,0.11143,0.06774,0.29528,-0.12454,0.22609,
1641629358301385216,2.96266,-2.69575,2.04478,0.57536,-0.80626,0.13192,0.03868,0.27560,-0.13438,0.26813,
1641629358351385088,2.97597,-2.70269,2.05904,0.58247,-0.79790,0.15505,0.00688,0.25184,-0.13593,0.29954,
1641629358401385216,2.98789,-2.71001,2.07451,0.58790,-0.78824,0.17959,-0.02820,0.20424,-0.13651,0.31984,
1641629358441385216,2.99571,-2.71616,2.08776,0.59211,-0.77947,0.19661,-0.05637,0.15504,-0.14371,0.33886,
1641629358491392256,3.00245,-2.72381,2.10500,0.59982,-0.76604,0.21287,-0.08994,0.09284,-0.13999,0.35542,
1641629358541391104,3.00618,-2.73068,2.12286,0.60939,-0.75115,0.22498,-0.11750,0.03531,-0.11380,0.35849,
1641629358591385088,3.00663,-2.73536,2.14012,0.61788,-0.73794,0.23098,-0.14255,-0.02656,-0.06109,0.33628,
1641629358641385216,3.00376,-2.73706,2.15662,0.62440,-0.72913,0.23043,-0.15937,-0.08460,-0.00902,0.32766,
1641629358691385344,2.99837,-2.73592,2.17301,0.63196,-0.72265,0.22350,-0.16867,-0.13685,0.06002,0.32775,
1641629358741385216,2.99051,-2.73197,2.18903,0.64317,-0.71607,0.21135,-0.17001,-0.17521,0.10626,0.31545,
1641629358791385088,2.98127,-2.72640,2.20494,0.65328,-0.71263,0.19647,-0.16367,-0.20056,0.14356,0.32155,
1641629358841385216,2.97076,-2.71924,2.22112,0.66546,-0.70760,0.18319,-0.15136,-0.22344,0.15390,0.31872,
1641629358891385344,2.95873,-2.71261,2.23685,0.67488,-0.70486,0.16996,-0.13719,-0.26336,0.13176,0.30232,
1641629358941385216,2.94455,-2.70666,2.25172,0.68812,-0.69847,0.15491,-0.12094,-0.29767,0.12643,0.28351,
1641629358991385344,2.92868,-2.70049,2.26442,0.69784,-0.69546,0.13762,-0.10208,-0.34248,0.12279,0.21347,
1641629359041385216,2.91051,-2.69539,2.27338,0.70417,-0.69556,0.11508,-0.08426,-0.38976,0.09414,0.13252,
1641629359091385088,2.89093,-2.69163,2.27802,0.71076,-0.69575,0.08494,-0.05946,-0.40393,0.09082,0.03375,
1641629359141385216,2.87095,-2.68739,2.27800,0.71021,-0.70119,0.05545,-0.02910,-0.40140,0.10361,-0.04456,
1641629359191385344,2.85127,-2.68307,2.27483,0.70355,-0.70996,0.03102,0.00299,-0.39624,0.09909,-0.09879,
1641629359231385344,2.83556,-2.67963,2.27021,0.69577,-0.71746,0.01434,0.03097,-0.39991,0.09549,-0.15647,
1641629359271385088,2.81919,-2.67651,2.26248,0.68875,-0.72306,-0.00410,0.05284,-0.41355,0.09039,-0.23762,
1641629359321385216,2.79826,-2.67326,2.24916,0.68119,-0.72769,-0.02725,0.07555,-0.41092,0.07169,-0.29786,
1641629359371385344,2.77783,-2.67132,2.23314,0.67361,-0.73028,-0.05484,0.09969,-0.38861,0.04387,-0.35432,
1641629359421385216,2.75883,-2.67086,2.21406,0.66203,-0.73406,-0.08338,0.12615,-0.34909,0.02390,-0.41441,
1641629359471385344,2.74192,-2.67035,2.19238,0.64967,-0.73683,-0.11076,0.15081,-0.31101,0.03393,-0.46778,
1641629359521385216,2.72681,-2.66931,2.16769,0.63676,-0.74012,-0.13315,0.17037,-0.27131,0.04395,-0.52298,
1641629359571385088,2.71365,-2.66706,2.14115,0.62370,-0.74392,-0.15031,0.18707,-0.24030,0.07147,-0.55140,
1641629359621385216,2.70141,-2.66359,2.11321,0.60967,-0.75121,-0.16051,0.19551,-0.22453,0.08771,-0.57143,
1641629359671385344,2.68989,-2.65938,2.08507,0.59198,-0.76258,-0.16880,0.19885,-0.22815,0.08587,-0.56162,
1641629359721385216,2.67784,-2.65609,2.05798,0.57048,-0.77505,-0.18334,0.20057,-0.23660,0.04808,-0.51560,
1641629359771385088,2.66579,-2.65558,2.03417,0.54640,-0.78392,-0.20545,0.21146,-0.23334,-0.00974,-0.44210,
1641629359821385216,2.65340,-2.65753,2.01391,0.51984,-0.79049,-0.23249,0.22549,-0.24893,-0.05447,-0.36547,
1641629359871385344,2.64107,-2.66181,1.99825,-0.49707,0.79272,0.25767,-0.24107,-0.24309,-0.11163,-0.25851,
1641629359921385216,2.62927,-2.66848,1.98814,-0.47949,0.78835,0.27951,-0.26546,-0.23366,-0.15144,-0.14760,
1641629359971385344,2.61830,-2.67670,1.98317,-0.46045,0.77956,0.30055,-0.29991,-0.21512,-0.16552,-0.05102,
1641629360021385216,2.60737,-2.68495,1.98272,-0.44389,0.76825,0.31862,-0.33352,-0.22073,-0.14703,0.03151,
1641629360051385088,2.60052,-2.68994,1.98442,-0.43454,0.76200,0.32779,-0.35084,-0.21493,-0.13824,0.08057,
1641629360101385216,2.59012,-2.69758,1.99040,-0.42298,0.74999,0.34198,-0.37636,-0.18806,-0.13081,0.16270,
1641629360151385344,2.58202,-2.70521,2.00003,-0.41658,0.73509,0.35769,-0.39770,-0.13466,-0.12720,0.23747,
1641629360201385216,2.57682,-2.71320,2.01339,-0.41645,0.71712,0.37344,-0.41576,-0.08305,-0.10795,0.31462,
1641629360251385088,2.57410,-2.71901,2.03070,-0.42420,0.69770,0.38534,-0.42987,-0.03120,-0.07288,0.38221,
1641629360301385216,2.57389,-2.72322,2.05060,-0.43890,0.67886,0.39367,-0.43764,0.01973,-0.04209,0.41887,
1641629360351385088,2.57632,-2.72604,2.07210,-0.45449,0.66096,0.40258,-0.44103,0.07295,0.00124,0.45044,
1641629360401385216,2.58096,-2.72607,2.09518,-0.47039,0.64668,0.40623,-0.44217,0.11807,0.04398,0.46517,
1641629360441385216,2.58642,-2.72484,2.11358,-0.48453,0.63767,0.40600,-0.44018,0.16233,0.07246,0.45139,
1641629360491385344,2.59532,-2.72133,2.13547,0.50032,-0.63108,-0.40133,0.43630,0.20591,0.10479,0.41522,
1641629360541385216,2.60618,-2.71638,2.15496,0.51568,-0.62903,-0.39284,0.42903,0.24450,0.13423,0.36541,
1641629360591385088,2.61830,-2.70979,2.17238,0.53241,-0.63156,-0.37721,0.41878,0.27418,0.15706,0.31743,
1641629360641385216,2.63218,-2.70244,2.18680,0.55071,-0.63778,-0.35612,0.40389,0.32024,0.15523,0.25263,
1641629360691385344,2.64932,-2.69546,2.19829,0.56591,-0.64376,-0.33161,0.39415,0.38688,0.13833,0.18851,
1641629360741385216,2.66899,-2.68939,2.20632,0.57891,-0.64617,-0.30755,0.39081,0.43037,0.13011,0.11828,
1641629360791385088,2.69085,-2.68333,2.21081,0.58777,-0.64914,-0.28151,0.39229,0.46171,0.12667,0.03952,
1641629360841385216,2.71362,-2.67711,2.21090,0.59854,-0.65137,-0.25300,0.39174,0.46327,0.13544,-0.04733,
1641629360891385344,2.73617,-2.67052,2.20683,0.60613,-0.65805,-0.22193,0.38773,0.44488,0.13699,-0.13369,
1641629360941385216,2.75788,-2.66430,2.19842,0.61284,-0.66652,-0.19198,0.37857,0.43111,0.12230,-0.21343,
1641629360991386112,2.77962,-2.65901,2.18726,0.61240,-0.67578,-0.16498,0.37560,0.42888,0.10608,-0.25259,
1641629361041385216,2.80064,-2.65439,2.17420,0.61087,-0.68428,-0.13869,0.37332,0.39820,0.09042,-0.30056,
1641629361091385088,2.82041,-2.65098,2.15879,0.60963,-0.69379,-0.11533,0.36567,0.36689,0.06424,-0.33785,
1641629361141385216,2.83836,-2.64870,2.14209,0.60681,-0.70486,-0.09288,0.35543,0.32684,0.03209,-0.36980,
1641629361191385344,2.85493,-2.64827,2.12358,0.60294,-0.71758,-0.07255,0.34100,0.30647,-0.00348,-0.39431,
1641629361241385216,2.87146,-2.64955,2.10479,0.59716,-0.72921,-0.05056,0.33031,0.31113,-0.04422,-0.39920,
1641629361271385088,2.88199,-2.65122,2.09350,0.59564,-0.73382,-0.03743,0.32452,0.31389,-0.05806,-0.39757,
1641629361321385216,2.89879,-2.65438,2.07465,0.59285,-0.73990,-0.01321,0.31766,0.30833,-0.06674,-0.38020,
1641629361371385344,2.91443,-2.65807,2.05625,0.58828,-0.74825,0.00997,0.30652,0.28266,-0.07022,-0.35878,
1641629361421385216,2.92865,-2.66193,2.03940,0.58225,-0.75928,0.03270,0.28881,0.25892,-0.08062,-0.32303,
1641629361471385344,2.94258,-2.66705,2.02474,0.57405,-0.77307,0.05513,0.26419,0.25491,-0.10971,-0.26867,
1641629361521385216,2.95621,-2.67376,2.01302,0.57058,-0.78327,0.08180,0.23291,0.25654,-0.13709,-0.19864,
1641629361571385088,2.96970,-2.68069,2.00545,0.57376,-0.78622,0.10978,0.20151,0.24099,-0.10883,-0.11410,
1641629361621385216,2.98148,-2.68572,2.00197,0.57335,-0.79121,0.13260,0.16636,0.20766,-0.07506,-0.03221,
1641629361671385344,2.99134,-2.68939,2.00290,0.56937,-0.79857,0.14521,0.13047,0.17531,-0.05279,0.05600,
1641629361721385216,2.99960,-2.69192,2.00833,0.56475,-0.80572,0.15389,0.09045,0.15769,-0.03997,0.14916,
1641629361771385088,3.00726,-2.69459,2.01863,0.56308,-0.80823,0.16472,0.05074,0.15236,-0.05233,0.24193,
1641629361821385216,3.01448,-2.69767,2.03353,0.56654,-0.80407,0.17973,0.01435,0.12932,-0.05861,0.33036,
1641629361871385344,3.01951,-2.70103,2.05182,0.57441,-0.79521,0.19290,-0.02208,0.07401,-0.05887,0.37594,
1641629361921385216,3.02120,-2.70378,2.07266,0.58578,-0.78364,0.19935,-0.05507,0.01309,-0.04437,0.41986,
1641629361971385344,3.01977,-2.70565,2.09542,0.59859,-0.77318,0.19540,-0.07556,-0.03796,-0.02116,0.45572,
1641629362021385216,3.01535,-2.70538,2.11938,0.61173,-0.76430,0.18447,-0.08721,-0.08138,0.01342,0.46337,
1641629362051385088,3.01164,-2.70490,2.13374,0.61885,-0.76007,0.17545,-0.09239,-0.10652,0.03065,0.46745,
1641629362101385216,3.00475,-2.70296,2.15728,0.63117,-0.75271,0.15914,-0.09864,-0.14023,0.05390,0.46070,
1641629362151385344,2.99666,-2.70062,2.17995,0.64271,-0.74510,0.14290,-0.10641,-0.16430,0.05788,0.43830,
1641629362201385216,2.98770,-2.69857,2.20134,0.65425,-0.73628,0.12915,-0.11475,-0.16712,0.04410,0.41566,
1641629362251385088,2.97879,-2.69684,2.22133,0.66675,-0.72666,0.11849,-0.11561,-0.16523,0.03625,0.37619,
1641629362301386240,2.97009,-2.69551,2.23854,0.67761,-0.71835,0.10936,-0.11339,-0.15982,0.03332,0.31256,
1641629362351385088,2.96158,-2.69426,2.25229,0.68782,-0.71061,0.10070,-0.10857,-0.15787,0.03592,0.23663,
1641629362401385216,2.95298,-2.69222,2.26187,0.69468,-0.70566,0.09374,-0.10329,-0.16656,0.04837,0.14767,
1641629362441385216,2.94590,-2.69038,2.26605,0.69844,-0.70318,0.08761,-0.10022,-0.17393,0.06242,0.06296,
1641629362491385344,2.93706,-2.68684,2.26658,0.70131,-0.70187,0.07931,-0.09624,-0.17923,0.09831,-0.04518,
1641629362541385216,2.92762,-2.68152,2.26121,0.70102,-0.70327,0.07206,-0.09373,-0.18633,0.13608,-0.17068,
1641629362591386368,2.91783,-2.67450,2.25010,0.69877,-0.70682,0.06458,-0.08918,-0.19549,0.17296,-0.27072,
1641629362641385216,2.90724,-2.66590,2.23477,0.69386,-0.71359,0.05659,-0.07838,-0.21408,0.19134,-0.35543,
1641629362691385344,2.89576,-2.65649,2.21592,0.68528,-0.72473,0.04212,-0.05821,-0.23373,0.20031,-0.41603,
1641629362741385216,2.88283,-2.64673,2.19451,0.67604,-0.73572,0.02498,-0.03268,-0.26408,0.20004,-0.45823,
1641629362791385088,2.86856,-2.63745,2.17150,0.66335,-0.74830,0.00208,-0.00354,-0.28498,0.17895,-0.48170,
1641629362841385216,2.85294,-2.62966,2.14757,0.64959,-0.75936,-0.02273,0.02982,-0.31082,0.15085,-0.49971,
1641629362891385344,2.83642,-2.62298,2.12296,0.63529,-0.76833,-0.05231,0.05773,-0.31761,0.13464,-0.49853,
1641629362941385216,2.81997,-2.61706,2.09947,0.61887,-0.77722,-0.07883,0.08197,-0.30959,0.12103,-0.45427,
1641629362991385344,2.80390,-2.61228,2.07776,0.61063,-0.77939,-0.09854,0.09984,-0.30564,0.08593,-0.42847,
1641629363041385216,2.78808,-2.60977,2.05763,0.60141,-0.78120,-0.11869,0.11814,-0.29378,0.03884,-0.38450,
1641629363091385088,2.77284,-2.60908,2.03977,0.59187,-0.78020,-0.14072,0.14550,-0.28961,0.00983,-0.34467,
1641629363141385216,2.75782,-2.60966,2.02318,0.58300,-0.77565,-0.16574,0.17609,-0.29566,-0.01159,-0.32847,
1641629363191385344,2.74199,-2.61124,2.00675,0.56257,-0.77715,-0.19508,0.20371,-0.31866,-0.03233,-0.33836,
1641629363241385216,2.72518,-2.61427,1.99001,0.53652,-0.77972,-0.22913,0.22735,-0.33978,-0.07819,-0.33709,
1641629363271385088,2.71463,-2.61742,1.97999,0.51949,-0.78019,-0.25213,0.24054,-0.34815,-0.10824,-0.33609,
1641629363321385216,2.69712,-2.62414,1.96379,-0.49807,0.77451,0.28961,-0.26113,-0.34550,-0.14483,-0.31101,
1641629363371385344,2.67952,-2.63205,1.94939,-0.48250,0.76640,0.32133,-0.27672,-0.34821,-0.16057,-0.26656,
1641629363421385216,2.66240,-2.64060,1.93749,-0.47052,0.75695,0.34753,-0.29131,-0.33467,-0.15998,-0.20925,
1641629363471385344,2.64526,-2.64882,1.92870,-0.45349,0.74988,0.36907,-0.30955,-0.34000,-0.15192,-0.15107,
1641629363521385216,2.62837,-2.65723,1.92267,-0.43878,0.74169,0.38755,-0.32737,-0.32905,-0.15981,-0.09442,
1641629363571385088,2.61259,-2.66567,1.92013,-0.41918,0.73514,0.40458,-0.34666,-0.29707,-0.15917,-0.01229,
1641629363621385216,2.59876,-2.67394,1.92130,-0.40148,0.72639,0.41852,-0.36880,-0.24904,-0.16076,0.06026,
1641629363671385344,2.58769,-2.68213,1.92623,-0.39399,0.71170,0.43089,-0.39062,-0.19734,-0.14419,0.15086,
1641629363721385216,2.57890,-2.68914,1.93611,-0.39151,0.69630,0.44089,-0.40926,-0.15734,-0.10262,0.25844,
1641629363771385088,2.57214,-2.69426,1.95170,-0.39709,0.68227,0.44667,-0.42109,-0.10752,-0.06342,0.37859,
1641629363821385216,2.56823,-2.69787,1.97347,-0.40811,0.66723,0.45036,-0.43062,-0.04416,-0.01808,0.49562,
1641629363871385344,2.56784,-2.69945,1.99991,-0.42535,0.65082,0.45034,-0.43899,0.03401,0.01648,0.55473,
1641629363911385344,2.57055,-2.70126,2.02206,-0.44420,0.63576,0.44943,-0.44330,0.10072,0.04804,0.57794,
1641629363971385344,2.57930,-2.69931,2.05813,-0.47176,0.61733,0.43869,-0.45155,0.20069,0.10840,0.60613,
1641629364021385216,2.59046,-2.69685,2.08666,-0.49843,0.60375,0.42459,-0.45472,0.26316,0.14793,0.55792,
1641629364051385088,2.59804,-2.69560,2.10300,0.51229,-0.59985,-0.41274,0.45540,0.29837,0.17015,0.53810,
1641629364101385216,2.61352,-2.68810,2.12772,0.53359,-0.59830,-0.38922,0.45368,0.33949,0.19985,0.44659,
1641629364151385344,2.63122,-2.67791,2.14873,0.55363,-0.60034,-0.36500,0.44705,0.38222,0.22687,0.39312,
1641629364201385216,2.65077,-2.66685,2.16685,0.56914,-0.60572,-0.34071,0.43944,0.39723,0.23487,0.32503,
1641629364251385088,2.67053,-2.65546,2.18221,0.58180,-0.61540,-0.31893,0.42553,0.40265,0.23307,0.28894,
1641629364301385216,2.69133,-2.64458,2.19573,0.59371,-0.62458,-0.29660,0.41163,0.42108,0.21984,0.23828,
1641629364351385088,2.71228,-2.63383,2.20598,0.60490,-0.63758,-0.27564,0.38937,0.41968,0.21910,0.16247,
1641629364401385216,2.73388,-2.62361,2.21213,0.61568,-0.65418,-0.24919,0.36178,0.44344,0.19890,0.06950,
1641629364441385216,2.75205,-2.61599,2.21320,0.62745,-0.66681,-0.22247,0.33493,0.46293,0.19836,-0.01820,
1641629364491385344,2.77604,-2.60638,2.21057,0.63696,-0.68371,-0.17945,0.30759,0.49718,0.18967,-0.10378,
1641629364541385216,2.80120,-2.59790,2.20249,0.63596,-0.69911,-0.13961,0.29548,0.49825,0.16930,-0.23380,
1641629364591385088,2.82543,-2.59038,2.18829,0.62573,-0.71400,-0.10671,0.29544,0.45810,0.14616,-0.34730,
1641629364641385216,2.84692,-2.58413,2.16851,0.61323,-0.72900,-0.07366,0.29509,0.39445,0.11573,-0.45678,
1641629364691385344,2.86573,-2.57962,2.14421,0.60346,-0.74303,-0.04324,0.28615,0.33570,0.07684,-0.52714,
1641629364741385216,2.88212,-2.57748,2.11684,0.60218,-0.75205,-0.01428,0.26759,0.29702,0.02234,-0.57224,
1641629364791385088,2.89711,-2.57788,2.08880,0.60021,-0.75791,0.01021,0.25537,0.28755,-0.02926,-0.55616,
1641629364841385216,2.91227,-2.58031,2.06153,0.59571,-0.76304,0.03234,0.24870,0.27687,-0.05144,-0.53945,
1641629364891385344,2.92611,-2.58268,2.03578,0.58968,-0.77214,0.05976,0.22916,0.25328,-0.04040,-0.49243,
1641629364941385216,2.93915,-2.58504,2.01322,0.58062,-0.78537,0.08878,0.19545,0.24791,-0.05000,-0.40357,
1641629364991385344,2.95168,-2.58833,1.99603,0.57112,-0.79713,0.11555,0.15832,0.24677,-0.08015,-0.27864,
1641629365041385216,2.96435,-2.59331,1.98583,0.56519,-0.80409,0.13982,0.12018,0.23966,-0.11314,-0.13169,
1641629365091385088,2.97677,-2.59916,1.98325,0.56230,-0.80727,0.15785,0.08494,0.21720,-0.10371,0.02343,
1641629365141385216,2.98739,-2.60439,1.98859,0.56111,-0.80874,0.16825,0.05268,0.17483,-0.08800,0.18407,
1641629365191385344,2.99519,-2.60868,2.00164,0.56320,-0.80795,0.17190,0.02174,0.12117,-0.07071,0.33339,
1641629365241385216,3.00059,-2.61228,2.02149,0.57300,-0.80116,0.17217,-0.01323,0.06724,-0.05850,0.44660,
1641629365271385088,3.00305,-2.61425,2.03558,0.58066,-0.79500,0.17163,-0.03678,0.03792,-0.04461,0.48802,
1641629365321385216,3.00446,-2.61637,2.06118,0.59324,-0.78273,0.17195,-0.07638,-0.01283,-0.02052,0.53011,
1641629365371385344,3.00297,-2.61747,2.08793,0.60457,-0.77110,0.16894,-0.10660,-0.06976,0.00096,0.53375,
1641629365421385216,2.99850,-2.61760,2.11461,0.61399,-0.76260,0.16072,-0.12504,-0.12811,0.01380,0.52660,
1641629365471385344,2.99136,-2.61685,2.14043,0.62558,-0.75390,0.14798,-0.13559,-0.17104,0.03708,0.49628,
1641629365521385216,2.98239,-2.61517,2.16471,0.63845,-0.74358,0.13648,-0.14438,-0.20409,0.05104,0.46753,
1641629365571385088,2.97174,-2.61311,2.18745,0.65275,-0.73151,0.12747,-0.15020,-0.24442,0.05571,0.43166,
1641629365621385216,2.95906,-2.61154,2.20768,0.66779,-0.72022,0.11630,-0.14769,-0.29288,0.05711,0.36301,
1641629365671385344,2.94411,-2.60942,2.22354,0.68045,-0.71345,0.09905,-0.13478,-0.32287,0.06644,0.25967,
1641629365721385216,2.92755,-2.60569,2.23360,0.68864,-0.71041,0.08054,-0.12083,-0.34577,0.10411,0.13362,
1641629365771385088,2.90961,-2.60060,2.23673,0.69021,-0.71163,0.06264,-0.11520,-0.36826,0.12021,-0.00127,
1641629365821385216,2.89046,-2.59552,2.23472,0.69340,-0.71238,0.04373,-0.09895,-0.38416,0.09672,-0.07916,
1641629365871385344,2.87125,-2.59180,2.22895,0.70112,-0.70918,0.02414,-0.07003,-0.38931,0.08061,-0.16318,
1641629365921385216,2.85150,-2.58808,2.21951,0.70330,-0.71026,0.00083,-0.02995,-0.40599,0.07728,-0.22776,
1641629365971385344,2.83056,-2.58536,2.20709,0.70385,-0.70963,-0.02610,0.01816,-0.42318,0.06274,-0.28271,
1641629366021385216,2.80903,-2.58298,2.19176,0.70055,-0.70761,-0.05961,0.07041,-0.42530,0.05301,-0.34056,
1641629366051385088,2.79606,-2.58200,2.18111,0.69469,-0.70726,-0.08203,0.10226,-0.42016,0.04444,-0.38639,
1641629366101385216,2.77511,-2.58014,2.16022,0.67828,-0.70978,-0.12018,0.14732,-0.40600,0.05245,-0.44689,
1641629366151385344,2.75550,-2.57841,2.13650,0.65862,-0.71257,-0.15534,0.18530,-0.36553,0.03801,-0.51620,
1641629366201385216,2.73751,-2.57697,2.10994,0.63589,-0.71713,-0.18793,0.21460,-0.33674,0.05322,-0.55618,
1641629366251385088,2.72049,-2.57417,2.08202,0.61248,-0.72470,-0.21259,0.23343,-0.32742,0.06975,-0.58129,
1641629366301385216,2.70410,-2.57131,2.05368,0.58800,-0.73603,-0.23252,0.24176,-0.31246,0.05994,-0.56227,
1641629366351385088,2.68836,-2.56914,2.02658,0.56669,-0.74359,-0.25130,0.25057,-0.29857,0.04858,-0.53009,
1641629366401385216,2.67336,-2.56751,2.00189,0.54621,-0.75049,-0.26823,0.25784,-0.29015,0.03331,-0.46873,
1641629366441385216,2.66186,-2.56706,1.98393,0.53266,-0.75506,-0.27861,0.26178,-0.27558,0.00704,-0.43010,
1641629366491385344,2.64842,-2.56794,1.96377,0.51616,-0.75899,-0.28991,0.27105,-0.25919,-0.03330,-0.38501,
1641629366541385216,2.63599,-2.57081,1.94510,-0.49768,0.76030,0.30478,-0.28526,-0.24349,-0.07504,-0.35462,
1641629366591386368,2.62373,-2.57533,1.92857,-0.48083,0.75820,0.31898,-0.30364,-0.24878,-0.08783,-0.31082,
1641629366641385216,2.61079,-2.58016,1.91498,-0.46744,0.75623,0.32846,-0.31895,-0.26385,-0.08333,-0.22360,
1641629366691385344,2.59728,-2.58511,1.90642,-0.45139,0.75451,0.33573,-0.33800,-0.26353,-0.08965,-0.12565,
1641629366741385216,2.58384,-2.59082,1.90340,-0.43461,0.74746,0.34881,-0.36160,-0.26365,-0.06913,0.00648,
1641629366791385088,2.57065,-2.59399,1.90745,-0.41881,0.74006,0.35985,-0.38396,-0.25855,-0.03248,0.15209,
1641629366841385216,2.55863,-2.59630,1.91776,-0.41309,0.73031,0.36779,-0.40091,-0.22020,-0.02094,0.26687,
1641629366891385344,2.54909,-2.59779,1.93370,-0.41442,0.71594,0.37673,-0.41684,-0.16286,0.01050,0.38587,
1641629366941385216,2.54291,-2.59730,1.95529,-0.41889,0.69972,0.38267,-0.43415,-0.09187,0.04224,0.48114,
1641629366991385344,2.54049,-2.59606,1.98101,-0.43442,0.67946,0.38285,-0.45060,-0.00540,0.08032,0.56294,
1641629367041385216,2.54234,-2.59376,2.01038,-0.45234,0.65817,0.37558,-0.47025,0.07999,0.10249,0.61211,
1641629367091385088,2.54807,-2.59063,2.04029,-0.47370,0.63600,0.36752,-0.48583,0.14461,0.11293,0.60493,
1641629367141385216,2.55669,-2.58709,2.06977,-0.49245,0.61760,0.35816,-0.49778,0.18774,0.12880,0.58889,
1641629367191385344,2.56683,-2.58374,2.09717,0.51153,-0.60431,-0.34998,0.50066,0.22118,0.11876,0.52501,
1641629367241385216,2.57891,-2.58159,2.12082,0.53243,-0.59252,-0.34488,0.49648,0.26650,0.09390,0.42958,
1641629367271385088,2.58690,-2.58143,2.13257,0.54481,-0.58708,-0.34183,0.49160,0.29295,0.07723,0.36553,
1641629367321387264,2.60293,-2.58024,2.14765,0.55891,-0.58241,-0.33475,0.48617,0.35639,0.04797,0.23010,
1641629367371385344,2.62108,-2.57941,2.15485,0.56642,-0.58083,-0.32676,0.48480,0.37676,0.03498,0.04718,
1641629367421385216,2.63948,-2.57874,2.15230,0.57262,-0.58330,-0.31832,0.48015,0.36553,0.02641,-0.15289,
1641629367471386112,2.65702,-2.57790,2.14069,0.57604,-0.59164,-0.30818,0.47240,0.33023,0.03221,-0.31122,
1641629367521385216,2.67261,-2.57737,2.12173,0.57388,-0.61098,-0.29872,0.45621,0.29573,0.01224,-0.45131,
1641629367571385088,2.68764,-2.57818,2.09751,0.56513,-0.63203,-0.29500,0.44062,0.30568,-0.01788,-0.52024,
1641629367621385216,2.70347,-2.58103,2.07109,0.55291,-0.65151,-0.29340,0.42865,0.31907,-0.06390,-0.54456,
1641629367671385344,2.72040,-2.58622,2.04531,0.53739,-0.66784,-0.29443,0.42251,0.34695,-0.10973,-0.49905,
1641629367721386240,2.73888,-2.59336,2.02239,0.52552,-0.67915,-0.29328,0.42019,0.36436,-0.14965,-0.43755,
1641629367771385088,2.75770,-2.60154,2.00367,0.51468,-0.69061,-0.29288,0.41519,0.36384,-0.16174,-0.32151,
1641629367821385216,2.77629,-2.61004,1.99064,0.50330,-0.70325,-0.28864,0.41087,0.34729,-0.17552,-0.21599,
1641629367871385344,2.79364,-2.61954,1.98252,-0.49717,0.71554,0.28637,-0.39852,0.32501,-0.19505,-0.11250,
1641629367921385216,2.80943,-2.62987,1.97956,-0.49476,0.72608,0.28510,-0.38306,0.29665,-0.20416,-0.01364,
1641629367971388416,2.82336,-2.64069,1.98083,-0.49714,0.73400,0.28372,-0.36551,0.26945,-0.20229,0.06312,
1641629368021385216,2.83537,-2.65126,1.98546,0.50509,-0.73872,-0.28298,0.34511,0.22734,-0.18338,0.12116,
1641629368051385088,2.84164,-2.65742,1.98949,0.50777,-0.74236,-0.28307,0.33308,0.20578,-0.17376,0.14324,
1641629368111385088,2.85304,-2.66834,1.99860,0.51028,-0.74824,-0.28406,0.31475,0.16941,-0.16137,0.13950,
1641629368151388160,2.85916,-2.67563,2.00425,0.51240,-0.74938,-0.28335,0.30917,0.14211,-0.14061,0.12232,
1641629368201385216,2.86414,-2.68260,2.00960,0.51967,-0.74570,-0.27796,0.31083,0.06337,-0.08550,0.06301,
1641629368251390208,2.86447,-2.68460,2.01029,0.52075,-0.74553,-0.27560,0.31152,-0.05218,-0.00900,-0.03425,
1641629368311385088,2.85695,-2.68420,2.00568,0.51764,-0.74998,-0.27449,0.30699,-0.19077,0.06165,-0.14667,
1641629368351385088,2.84764,-2.68091,1.99908,0.51536,-0.75345,-0.27725,0.29974,-0.25779,0.09589,-0.19342,
1641629368401385216,2.83331,-2.67504,1.98914,0.51077,-0.75457,-0.28135,0.30096,-0.32415,0.12947,-0.22017,
1641629368441385216,2.81937,-2.67000,1.98059,0.50515,-0.75381,-0.28699,0.30697,-0.36954,0.13896,-0.25457,
1641629368491385344,2.79960,-2.66305,1.96639,-0.49764,0.75100,0.29800,-0.31551,-0.43310,0.14604,-0.29937,
1641629368541385216,2.77698,-2.65568,1.95144,-0.48815,0.74941,0.31159,-0.32096,-0.48292,0.15433,-0.31371,
1641629368591385088,2.75214,-2.64825,1.93615,-0.47433,0.75031,0.32606,-0.32515,-0.52113,0.15588,-0.30968,
1641629368641385216,2.72534,-2.64061,1.92210,-0.45811,0.75154,0.34125,-0.32996,-0.53183,0.14107,-0.27392,
1641629368691385344,2.69878,-2.63430,1.91018,-0.44329,0.74777,0.35839,-0.34043,-0.52972,0.11104,-0.23153,
1641629368741386240,2.67216,-2.62907,1.90030,-0.43025,0.74058,0.37622,-0.35340,-0.52178,0.08569,-0.19293,
1641629368791385088,2.64586,-2.62496,1.89122,-0.42277,0.72952,0.39522,-0.36452,-0.51603,0.05890,-0.17601,
1641629368841386240,2.61978,-2.62093,1.88287,-0.41932,0.71881,0.41424,-0.36864,-0.49066,0.04798,-0.16068,
1641629368891386368,2.59590,-2.61735,1.87550,-0.41697,0.70861,0.43162,-0.37110,-0.44981,0.06009,-0.13209,
1641629368941385216,2.57412,-2.61287,1.87020,-0.41079,0.70461,0.44370,-0.37135,-0.39805,0.08336,-0.07884,
1641629368991385344,2.55564,-2.60830,1.86898,-0.40461,0.70543,0.44801,-0.37142,-0.30871,0.06465,0.01253,
1641629369041387264,2.54279,-2.60522,1.87309,-0.40073,0.70417,0.45159,-0.37366,-0.18617,0.02601,0.14412,
1641629369091385088,2.53670,-2.60450,1.88363,-0.40388,0.69756,0.45263,-0.38133,-0.06716,0.00653,0.27961,
1641629369141385216,2.53552,-2.60262,1.90137,-0.41439,0.68781,0.44964,-0.39118,0.02163,0.02411,0.40509,
1641629369191385344,2.53855,-2.59934,1.92458,-0.42986,0.67967,0.44171,-0.39770,0.10348,0.05001,0.50009,
1641629369241386240,2.54556,-2.59427,1.95184,-0.45084,0.67347,0.42888,-0.39907,0.18256,0.08193,0.56701,
1641629369271385088,2.55162,-2.59028,1.96959,-0.46741,0.67084,0.41565,-0.39841,0.23452,0.09069,0.58682,
1641629369321385216,2.56527,-2.58461,1.99946,-0.49349,0.66732,0.39243,-0.39642,0.30611,0.09706,0.59871,
1641629369371385344,2.58242,-2.57915,2.02949,0.51535,-0.66481,-0.36641,0.39772,0.37241,0.08613,0.58236,
1641629369421385216,2.60251,-2.57484,2.05734,0.53417,-0.66196,-0.34414,0.39754,0.40812,0.06764,0.52191,
1641629369471385344,2.62349,-2.57144,2.08196,0.55395,-0.66025,-0.32317,0.39085,0.42208,0.05073,0.46208,
1641629369521385216,2.64474,-2.56925,2.10361,0.57565,-0.65960,-0.30280,0.37665,0.43106,0.03508,0.40375,
1641629369571385088,2.66641,-2.56780,2.12228,0.59626,-0.66076,-0.28229,0.35803,0.43824,0.02140,0.34447,
1641629369621385216,2.68850,-2.56707,2.13780,0.61356,-0.66275,-0.26217,0.33996,0.44971,0.00593,0.27040,
1641629369671385344,2.71100,-2.56711,2.14922,0.62939,-0.66429,-0.24170,0.32275,0.45978,-0.00840,0.18619,
1641629369721385216,2.73427,-2.56785,2.15672,0.64326,-0.66673,-0.21499,0.30898,0.46876,-0.01613,0.10929,
1641629369771385088,2.75724,-2.56856,2.15974,0.65515,-0.67048,-0.18379,0.29574,0.45280,-0.00897,0.00124,
1641629369821385216,2.77907,-2.56842,2.15743,0.66573,-0.67530,-0.15033,0.27959,0.42042,0.02018,-0.10035,
1641629369871385344,2.79918,-2.56698,2.14983,0.67458,-0.68110,-0.11544,0.26021,0.38789,0.04385,-0.21036,
1641629369921385216,2.81759,-2.56450,2.13721,0.67876,-0.69024,-0.07676,0.23868,0.34824,0.07054,-0.30511,
1641629369971385344,2.83410,-2.56120,2.11958,0.67830,-0.70245,-0.03783,0.21223,0.31862,0.06849,-0.40560,
1641629370021385216,2.84969,-2.55836,2.09779,0.67438,-0.71384,-0.00745,0.18864,0.30664,0.06201,-0.46928,
1641629370051385088,2.85888,-2.55662,2.08376,0.67070,-0.72077,0.00990,0.17479,0.30011,0.06338,-0.48368,
1641629370101385216,2.87411,-2.55419,2.05963,0.66126,-0.73323,0.03642,0.15423,0.30295,0.03531,-0.48642,
1641629370151385344,2.88943,-2.55309,2.03628,0.64952,-0.74590,0.06176,0.13393,0.30101,0.01044,-0.44941,
1641629370201385216,2.90434,-2.55345,2.01524,0.63883,-0.75572,0.08860,0.11372,0.29712,-0.02200,-0.39403,
1641629370251385088,2.91897,-2.55537,1.99708,0.62854,-0.76419,0.11363,0.08968,0.27785,-0.05161,-0.33060,
1641629370301385216,2.93276,-2.55911,1.98237,0.62092,-0.76926,0.13757,0.06140,0.26682,-0.08423,-0.25686,
1641629370351385088,2.94611,-2.56420,1.97196,0.61409,-0.77181,0.16181,0.03211,0.25846,-0.11379,-0.15411,
1641629370401388288,2.95874,-2.57131,1.96709,0.60767,-0.77257,0.18371,0.01085,0.24359,-0.15118,-0.04358,
1641629370441385216,2.96817,-2.57746,1.96706,0.60554,-0.77019,0.20017,-0.00769,0.21937,-0.14221,0.03384,
1641629370491385344,2.97797,-2.58431,1.97105,0.60594,-0.76444,0.21711,-0.03648,0.17489,-0.12273,0.11874,
1641629370541385216,2.98501,-2.58992,1.97917,0.60744,-0.75808,0.22799,-0.06592,0.10443,-0.09588,0.19385,
1641629370591385088,2.98780,-2.59438,1.99073,0.60997,-0.75282,0.22986,-0.09145,0.01342,-0.07670,0.25028,
1641629370641385216,2.98547,-2.59740,2.00464,0.61481,-0.74845,0.22285,-0.11028,-0.08596,-0.05411,0.26863,
1641629370691385344,2.97807,-2.59884,2.01855,0.62107,-0.74579,0.20600,-0.12505,-0.17613,-0.02085,0.25101,
1641629370741385216,2.96591,-2.59857,2.03123,0.62647,-0.74587,0.18343,-0.13257,-0.26323,0.00363,0.20846,
1641629370791385088,2.94870,-2.59744,2.04051,0.63079,-0.75019,0.14993,-0.12979,-0.35078,0.01108,0.11628,
1641629370841385216,2.92785,-2.59668,2.04438,0.63377,-0.75684,0.10632,-0.11929,-0.41295,-0.00165,0.01537,
1641629370891385344,2.90458,-2.59697,2.04322,0.63464,-0.76518,0.05822,-0.09136,-0.44570,-0.03120,-0.07191,
1641629370941385216,2.88044,-2.59886,2.03760,0.63478,-0.77144,0.00703,-0.04332,-0.44986,-0.05328,-0.16408,
1641629370991385344,2.85688,-2.60101,2.02710,0.63073,-0.77473,-0.04280,0.01186,-0.44153,-0.03680,-0.25365,
1641629371041385216,2.83387,-2.60245,2.01259,0.61926,-0.77748,-0.08956,0.06341,-0.43404,-0.03489,-0.31478,
1641629371091385088,2.81195,-2.60397,1.99591,0.60497,-0.77662,-0.13428,0.11330,-0.42246,-0.01235,-0.34633,
1641629371141385216,2.79039,-2.60387,1.97790,0.58651,-0.77723,-0.17119,0.15035,-0.42029,0.02065,-0.36217,
1641629371191385344,2.76993,-2.60286,1.95990,0.56783,-0.77557,-0.20316,0.18649,-0.38932,0.03022,-0.35695,
1641629371241385216,2.75063,-2.60083,1.94230,0.54454,-0.77613,-0.22753,0.22208,-0.37969,0.05070,-0.34380,
1641629371271385088,2.73925,-2.59940,1.93214,0.53172,-0.77658,-0.23725,0.24063,-0.37379,0.04766,-0.33360,
1641629371321385216,2.72060,-2.59704,1.91611,0.51595,-0.77354,-0.24983,0.27023,-0.37228,0.04106,-0.30619,
1641629371371385344,2.70171,-2.59561,1.90174,0.50112,-0.76944,-0.26226,0.29675,-0.38649,0.01088,-0.26890,
1641629371421385216,2.68200,-2.59551,1.88939,-0.48789,0.76247,0.27956,-0.32009,-0.39800,-0.00163,-0.22492,
1641629371471385344,2.66179,-2.59626,1.87929,-0.47212,0.75571,0.30170,-0.33909,-0.40213,-0.02480,-0.18431,
1641629371521385216,2.64176,-2.59849,1.87163,-0.45976,0.74804,0.32595,-0.35045,-0.36999,-0.03333,-0.12599,
1641629371571385088,2.62449,-2.60096,1.86774,-0.44915,0.73501,0.34860,-0.36947,-0.30630,-0.02199,-0.04025,
1641629371621386240,2.61067,-2.60239,1.86819,-0.43703,0.72241,0.36695,-0.39048,-0.23453,-0.01087,0.05152,
1641629371671387136,2.60090,-2.60365,1.87267,-0.43200,0.71194,0.37868,-0.40389,-0.15055,-0.01806,0.12895,
1641629371721385216,2.59581,-2.60598,1.88032,-0.43213,0.70336,0.38946,-0.40850,-0.04208,-0.03226,0.18640,
1641629371771386112,2.59670,-2.61048,1.89005,-0.43430,0.69389,0.39994,-0.41225,0.08444,-0.05003,0.21650,
1641629371811385088,2.60163,-2.61535,1.89824,-0.43727,0.68668,0.40770,-0.41357,0.18669,-0.06874,0.20987,
1641629371871385344,2.61606,-2.62197,1.91005,-0.44635,0.67864,0.41185,-0.41305,0.31179,-0.07445,0.18967,
1641629371921385216,2.63253,-2.62875,1.91872,-0.45564,0.67589,0.40763,-0.41158,0.39539,-0.07941,0.15993,
1641629371971386112,2.65251,-2.63596,1.92572,-0.46232,0.67747,0.40119,-0.40785,0.44002,-0.09240,0.12353,
1641629372021385216,2.67378,-2.64284,1.93079,-0.47121,0.68324,0.39155,-0.39728,0.45653,-0.11517,0.08148,
1641629372051385088,2.68604,-2.64709,1.93320,-0.47730,0.68856,0.38501,-0.38708,0.45930,-0.13197,0.06524,
1641629372101385216,2.70839,-2.65439,1.93645,-0.48213,0.69911,0.37698,-0.36971,0.47986,-0.15575,0.05763,
1641629372151385344,2.73168,-2.66226,1.93936,-0.48202,0.70953,0.37101,-0.35577,0.47899,-0.16110,0.04588,
1641629372201386240,2.75446,-2.66977,1.94220,-0.48074,0.72113,0.36213,-0.34311,0.44511,-0.13949,0.05631,
1641629372251385088,2.77524,-2.67589,1.94510,-0.48222,0.73203,0.34578,-0.33470,0.39400,-0.11249,0.04885,
1641629372301385216,2.79356,-2.68097,1.94769,-0.48338,0.74137,0.32714,-0.33120,0.33330,-0.09500,0.04567,
1641629372351385088,2.80807,-2.68531,1.94884,-0.48528,0.74627,0.31073,-0.33321,0.23800,-0.08016,-0.01174,
1641629372411385344,2.81822,-2.68896,1.94574,-0.49280,0.74919,0.29591,-0.32910,0.09794,-0.04373,-0.09698,
1641629372441385216,2.82015,-2.68979,1.94227,-0.49562,0.75107,0.29108,-0.32486,0.02136,-0.01789,-0.14064,
1641629372491385344,2.81833,-2.68963,1.93392,-0.49551,0.75655,0.28877,-0.31418,-0.09675,0.02177,-0.19517,
1641629372541385216,2.81120,-2.68782,1.92334,-0.48664,0.76446,0.29472,-0.30320,-0.18240,0.04320,-0.21903,
1641629372591385088,2.80111,-2.68555,1.91255,-0.47397,0.77010,0.30555,-0.29823,-0.22648,0.03917,-0.21258,
1641629372641385216,2.78950,-2.68367,1.90269,-0.46302,0.77066,0.31721,-0.30178,-0.24095,0.02963,-0.17081,
1641629372691386112,2.77746,-2.68216,1.89580,-0.45250,0.76730,0.32563,-0.31693,-0.25521,0.01986,-0.10518,
1641629372741385216,2.76454,-2.68126,1.89158,-0.44377,0.75947,0.33423,-0.33846,-0.27156,0.00491,-0.06345,
1641629372791385088,2.75079,-2.68101,1.88917,-0.43627,0.74843,0.34534,-0.36093,-0.28815,0.00191,-0.02393,
1641629372841385216,2.73602,-2.68068,1.88893,-0.42958,0.73598,0.35614,-0.38336,-0.30964,0.00424,0.00951,
1641629372891385344,2.72036,-2.68061,1.88988,-0.42078,0.72508,0.37091,-0.39954,-0.31375,-0.00445,0.03058,
1641629372941385216,2.70469,-2.68062,1.89229,-0.41036,0.71424,0.38652,-0.41481,-0.29747,-0.00390,0.05730,
1641629372991385344,2.69014,-2.68039,1.89597,-0.40122,0.70415,0.40013,-0.42788,-0.27063,0.00085,0.09214,
1641629373041385216,2.67724,-2.67948,1.90246,-0.39224,0.69605,0.40821,-0.44162,-0.23362,0.01829,0.16249,
1641629373091385088,2.66671,-2.67819,1.91186,-0.38766,0.68644,0.41260,-0.45638,-0.17889,0.02525,0.21178,
1641629373141385216,2.65929,-2.67603,1.92426,-0.38626,0.67646,0.41472,-0.47032,-0.11452,0.05428,0.27997,
1641629373191385344,2.65514,-2.67241,1.93919,-0.39055,0.66916,0.40929,-0.48184,-0.04458,0.07881,0.30678,
1641629373241386240,2.65493,-2.66742,1.95492,-0.40182,0.66396,0.39933,-0.48809,0.04049,0.10802,0.31504,
1641629373271385088,2.65693,-2.66379,1.96443,-0.41099,0.66194,0.38867,-0.49179,0.08617,0.12388,0.30975,
1641629373321385216,2.66279,-2.65682,1.97868,-0.42452,0.66170,0.36562,-0.49826,0.14423,0.14275,0.24758,
1641629373371385344,2.67088,-2.64952,1.98835,-0.43624,0.66680,0.33988,-0.49955,0.18757,0.13396,0.13651,
1641629373421385216,2.68054,-2.64357,1.99167,-0.44779,0.67252,0.31932,-0.49522,0.21889,0.09245,-0.00002,
1641629373471385344,2.69140,-2.63937,1.98899,-0.45643,0.67952,0.30643,-0.48582,0.23111,0.06667,-0.09837,
1641629373521385216,2.70245,-2.63599,1.98235,-0.46208,0.68989,0.29466,-0.47297,0.23833,0.05774,-0.16921,
1641629373571385088,2.71402,-2.63288,1.97265,-0.46767,0.70285,0.28216,-0.45572,0.24631,0.06056,-0.21526,
1641629373621385216,2.72619,-2.62937,1.96197,-0.47008,0.71803,0.26626,-0.43883,0.26307,0.06933,-0.22432,
1641629373671385344,2.73954,-2.62606,1.95060,-0.46966,0.73326,0.25127,-0.42262,0.28324,0.06082,-0.23929,
1641629373721385216,2.75373,-2.62301,1.93978,-0.46667,0.74620,0.23689,-0.41144,0.29482,0.05738,-0.21173,
1641629373771385088,2.76796,-2.62016,1.93032,-0.46324,0.75862,0.22380,-0.39978,0.28977,0.04385,-0.18268,
1641629373821385216,2.78189,-2.61778,1.92290,-0.46210,0.77019,0.21283,-0.38467,0.28206,0.02930,-0.13667,
1641629373871385344,2.79478,-2.61556,1.91815,-0.46408,0.78142,0.20486,-0.36338,0.25966,0.02159,-0.06337,
1641629373921385216,2.80688,-2.61388,1.91739,-0.46685,0.79224,0.19942,-0.33858,0.24371,0.00369,0.01870,
1641629373971385344,2.81789,-2.61332,1.92065,-0.47466,0.79894,0.19789,-0.31183,0.21800,-0.01494,0.10976,
1641629374021385216,2.82750,-2.61397,1.92824,-0.48662,0.80186,0.19839,-0.28437,0.18896,-0.03633,0.18964,
1641629374051385088,2.83229,-2.61500,1.93462,-0.49421,0.80226,0.20037,-0.26830,0.16514,-0.04747,0.22955,
1641629374101386240,2.83917,-2.61806,1.94747,0.50791,-0.80002,-0.20685,0.24334,0.12131,-0.06392,0.27985,
1641629374151385344,2.84356,-2.62203,1.96239,0.52439,-0.79386,-0.21468,0.22072,0.07675,-0.08048,0.31061,
1641629374201385216,2.84587,-2.62702,1.97843,0.54272,-0.78460,-0.22236,0.20101,0.03404,-0.09479,0.32322,
1641629374251385088,2.84594,-2.63267,1.99427,0.55858,-0.77470,-0.23191,0.18450,-0.01814,-0.10354,0.30212,
1641629374301385216,2.84288,-2.63847,2.00834,0.57101,-0.76522,-0.24427,0.16943,-0.07032,-0.09992,0.24526,
1641629374351385088,2.83741,-2.64404,2.01929,0.57751,-0.75808,-0.25877,0.15760,-0.11262,-0.08597,0.17561,
1641629374401385216,2.82996,-2.64822,2.02589,0.57861,-0.75414,-0.27188,0.15020,-0.15399,-0.05711,0.07303,
1641629374441386240,2.82359,-2.65006,2.02683,0.57688,-0.75265,-0.28220,0.14524,-0.17062,-0.04017,-0.02724,
1641629374491385344,2.81435,-2.65180,2.02305,0.57023,-0.75286,-0.29531,0.14433,-0.18188,-0.01896,-0.12977,
1641629374541385216,2.80508,-2.65235,2.01400,0.55851,-0.75562,-0.30818,0.14874,-0.18961,-0.00035,-0.23040,
1641629374591385088,2.79550,-2.65201,2.00093,0.54550,-0.75899,-0.31894,0.15697,-0.19455,0.01658,-0.30439,
1641629374641385216,2.78561,-2.65064,1.98456,0.53013,-0.76412,-0.32674,0.16832,-0.20864,0.03352,-0.36812,
1641629374691385344,2.77501,-2.64872,1.96609,0.50925,-0.77271,-0.33404,0.17891,-0.21795,0.03276,-0.38603,
1641629374741386240,2.76451,-2.64732,1.94787,-0.48603,0.78141,0.34026,-0.19341,-0.20947,0.01576,-0.36515,
1641629374791385088,2.75456,-2.64702,1.93123,-0.46539,0.78707,0.34337,-0.21456,-0.19165,-0.01553,-0.32285,
1641629374841385216,2.74563,-2.64867,1.91677,-0.45305,0.78649,0.34368,-0.24098,-0.17174,-0.05590,-0.27187,
1641629374891385344,2.73718,-2.65161,1.90515,-0.44504,0.78097,0.34443,-0.27090,-0.16951,-0.07075,-0.19691,
1641629374941385216,2.72813,-2.65517,1.89697,-0.43716,0.77471,0.34311,-0.30165,-0.18138,-0.08379,-0.13818,
1641629374991385344,2.71864,-2.65947,1.89099,-0.43194,0.76569,0.34462,-0.32921,-0.18991,-0.09952,-0.09521,
1641629375041385216,2.70898,-2.66465,1.88776,-0.42713,0.75590,0.34738,-0.35426,-0.19029,-0.11849,-0.03114,
1641629375091385088,2.69985,-2.67066,1.88788,-0.41981,0.74485,0.35413,-0.37888,-0.17098,-0.13137,0.03660,
1641629375141385216,2.69195,-2.67707,1.89169,-0.40734,0.73337,0.36424,-0.40445,-0.15100,-0.13179,0.11004,
1641629375191385344,2.68503,-2.68340,1.89876,-0.39388,0.72232,0.37712,-0.42533,-0.12893,-0.13130,0.16150,
1641629375241385216,2.67917,-2.68994,1.90819,-0.38870,0.71167,0.39072,-0.43564,-0.11170,-0.11857,0.22362,
1641629375271386112,2.67592,-2.69314,1.91563,-0.38923,0.70606,0.39692,-0.43868,-0.09598,-0.10163,0.26937,
1641629375321385216,2.67221,-2.69774,1.93060,-0.39366,0.69733,0.40356,-0.44261,-0.04508,-0.08697,0.32403,
1641629375371385344,2.67101,-2.70167,1.94783,-0.40183,0.68516,0.40957,-0.44871,0.00671,-0.07492,0.35598,
1641629375421385216,2.67190,-2.70462,1.96562,-0.41320,0.67281,0.41301,-0.45390,0.04852,-0.05338,0.35355,
1641629375471385344,2.67466,-2.70611,1.98255,-0.42725,0.66262,0.41179,-0.45697,0.09250,-0.02865,0.32348,
1641629375521385216,2.67952,-2.70678,1.99705,-0.44296,0.65383,0.40791,-0.45816,0.13073,-0.00747,0.26551,
1641629375571386368,2.68624,-2.70595,2.00870,-0.45612,0.64875,0.40170,-0.45796,0.16894,0.02050,0.20564,
1641629375621385216,2.69484,-2.70371,2.01704,-0.46640,0.64760,0.39257,-0.45714,0.20391,0.04761,0.13265,
1641629375671385344,2.70554,-2.70008,2.02190,-0.47086,0.65057,0.38306,-0.45641,0.25049,0.07573,0.07188,
1641629375721385216,2.71852,-2.69508,2.02397,-0.47144,0.65542,0.36986,-0.45975,0.28843,0.10077,0.00667,
1641629375771387392,2.73301,-2.68899,2.02231,-0.47296,0.66150,0.35444,-0.46162,0.31328,0.12360,-0.06663,
1641629375821385216,2.74853,-2.68195,2.01751,-0.47415,0.66928,0.33559,-0.46329,0.32538,0.13396,-0.13685,
1641629375871387136,2.76463,-2.67533,2.00881,-0.47380,0.67961,0.31921,-0.46016,0.32889,0.11567,-0.21285,
1641629375921385216,2.78083,-2.67000,1.99757,-0.46946,0.69043,0.30865,-0.45569,0.32381,0.09140,-0.24580,
1641629375971385344,2.79680,-2.66584,1.98582,-0.45912,0.70431,0.29951,-0.45106,0.32080,0.06885,-0.23204,
1641629376021385216,2.81224,-2.66281,1.97494,-0.45178,0.71737,0.28757,-0.44562,0.29507,0.04080,-0.22921,
1641629376051385088,2.82072,-2.66130,1.96871,-0.45005,0.72589,0.28108,-0.43765,0.28119,0.03288,-0.20691,
1641629376101385216,2.83435,-2.65946,1.95995,-0.45090,0.74092,0.26513,-0.42123,0.26511,0.02532,-0.15627,
1641629376151385344,2.84709,-2.65796,1.95427,-0.45328,0.75645,0.24833,-0.40082,0.24956,0.01896,-0.06613,
1641629376201385216,2.85882,-2.65731,1.95316,-0.45798,0.76876,0.23418,-0.38002,0.21257,-0.00609,0.01059,
1641629376251385088,2.86851,-2.65811,1.95560,-0.46553,0.77930,0.22693,-0.35281,0.17733,-0.03291,0.09156,
1641629376301385216,2.87649,-2.66014,1.96234,-0.47292,0.78685,0.22446,-0.32686,0.13484,-0.04837,0.17841,
1641629376351385088,2.88212,-2.66313,1.97310,-0.47999,0.79255,0.22384,-0.30228,0.09016,-0.06735,0.25236,
1641629376401385216,2.88559,-2.66746,1.98661,-0.48948,0.79366,0.22616,-0.28170,0.04526,-0.09711,0.28317,
1641629376441385216,2.88652,-2.67218,1.99779,-0.49748,0.79162,0.23148,-0.26882,0.00650,-0.11513,0.28461,
1641629376491385344,2.88555,-2.67854,2.01152,0.50676,-0.78741,-0.23889,0.25713,-0.04682,-0.11817,0.26438,
1641629376541385216,2.88179,-2.68405,2.02342,0.51776,-0.78158,-0.24576,0.24629,-0.10309,-0.10343,0.20656,
1641629376591387392,2.87539,-2.68912,2.03155,0.52618,-0.77659,-0.25256,0.23718,-0.15689,-0.07681,0.12015,
1641629376641385216,2.86654,-2.69209,2.03516,0.52891,-0.77410,-0.26001,0.23113,-0.20243,-0.04236,0.02004,
1641629376691385344,2.85630,-2.69381,2.03344,0.52675,-0.77316,-0.26887,0.22906,-0.23284,-0.00740,-0.08264,
1641629376741386240,2.84398,-2.69305,2.02729,0.52017,-0.77362,-0.27762,0.23207,-0.25717,0.03691,-0.16096,
1641629376791386112,2.83093,-2.69068,2.01746,0.51090,-0.77531,-0.28056,0.24323,-0.28667,0.07372,-0.24229,
1641629376841385216,2.81567,-2.68673,2.00324,-0.49761,0.77859,0.28365,-0.25635,-0.33418,0.09935,-0.32979,
1641629376891385344,2.79804,-2.68187,1.98523,-0.47707,0.78590,0.28663,-0.26945,-0.38209,0.10480,-0.39023,
1641629376941385216,2.77843,-2.67739,1.96510,-0.45615,0.79260,0.29118,-0.28094,-0.42054,0.08918,-0.40656,
1641629376991385344,2.75744,-2.67432,1.94482,-0.43714,0.79726,0.29741,-0.29126,-0.44192,0.04733,-0.38857,
1641629377041386240,2.73561,-2.67303,1.92645,-0.42058,0.80045,0.30390,-0.30006,-0.45007,0.00202,-0.32288,
1641629377091385088,2.71383,-2.67371,1.91207,-0.40866,0.79979,0.30968,-0.31214,-0.43718,-0.04302,-0.23878,
1641629377141385216,2.69290,-2.67642,1.90228,-0.40129,0.79571,0.31661,-0.32492,-0.40514,-0.07811,-0.14143,
1641629377191385344,2.67386,-2.68024,1.89755,-0.40016,0.78717,0.32368,-0.33980,-0.35688,-0.09056,-0.03841,
1641629377241385216,2.65758,-2.68412,1.89820,-0.40096,0.77731,0.32945,-0.35565,-0.30015,-0.07487,0.07222,
1641629377271386112,2.64925,-2.68601,1.90087,-0.40093,0.77258,0.33257,-0.36300,-0.25619,-0.06551,0.12565,
1641629377321386240,2.63854,-2.68851,1.90900,-0.40467,0.76548,0.33802,-0.36882,-0.17323,-0.03468,0.21472,
1641629377371385344,2.63242,-2.68898,1.92157,-0.41767,0.75924,0.33824,-0.36702,-0.07425,0.00716,0.29362,
1641629377421385216,2.63144,-2.68722,1.93754,-0.43998,0.75360,0.33211,-0.35806,0.02688,0.05493,0.35324,
1641629377471385344,2.63558,-2.68283,1.95630,-0.46764,0.74837,0.31555,-0.34885,0.13300,0.10624,0.40081,
1641629377521385216,2.64476,-2.67611,1.97672,-0.49425,0.74440,0.28847,-0.34406,0.22331,0.14553,0.40925,
1641629377571386368,2.65801,-2.66746,1.99648,0.51807,-0.74155,-0.25510,0.34152,0.29840,0.17447,0.37584,
1641629377621385216,2.67471,-2.65785,2.01331,0.54117,-0.74023,-0.21774,0.33434,0.35634,0.18694,0.29241,
1641629377671385344,2.69404,-2.64764,2.02557,0.56135,-0.74274,-0.17865,0.31828,0.39711,0.20298,0.19966,
1641629377721385216,2.71472,-2.63739,2.03229,0.57466,-0.74978,-0.14007,0.29662,0.41677,0.18862,0.06615,
1641629377771385088,2.73600,-2.62850,2.03219,0.58238,-0.75851,-0.11100,0.27052,0.42519,0.16155,-0.06260,
1641629377821385216,2.75757,-2.62110,2.02664,0.58527,-0.76916,-0.08641,0.24164,0.43194,0.13524,-0.15346,
1641629377871385344,2.77979,-2.61526,2.01725,0.58945,-0.77818,-0.05864,0.20868,0.44751,0.10286,-0.22261,
1641629377921385216,2.80229,-2.61057,2.00473,0.59285,-0.78595,-0.02827,0.17322,0.44939,0.08257,-0.26933,
1641629377971385344,2.82495,-2.60730,1.99047,0.58826,-0.79570,-0.00002,0.14424,0.44761,0.04761,-0.30137,
1641629378021385216,2.84739,-2.60575,1.97473,0.58230,-0.80355,0.02331,0.12121,0.44075,0.02193,-0.32233,
1641629378051385088,2.86072,-2.60534,1.96517,0.57736,-0.80830,0.03759,0.10908,0.42939,0.01077,-0.32109,
1641629378101385216,2.88160,-2.60540,1.94941,0.56909,-0.81558,0.06036,0.08557,0.39861,-0.00574,-0.30204,
1641629378151385344,2.90106,-2.60592,1.93619,0.55932,-0.82268,0.08227,0.05990,0.37200,-0.01430,-0.22602,
1641629378201385216,2.91887,-2.60714,1.92740,0.55079,-0.82802,0.09966,0.03277,0.34553,-0.02986,-0.11298,
1641629378251385088,2.93557,-2.60874,1.92543,0.54509,-0.83063,0.11340,0.00912,0.32095,-0.03112,0.03379,
1641629378301385216,2.95073,-2.61073,1.93051,0.54383,-0.82971,0.12518,-0.01269,0.28797,-0.04628,0.17095,
1641629378351385088,2.96451,-2.61384,1.94243,0.54735,-0.82516,0.13578,-0.03299,0.25157,-0.06323,0.29842,
1641629378401385216,2.97627,-2.61777,1.95979,0.55663,-0.81585,0.14670,-0.05508,0.20361,-0.07895,0.38612,
1641629378441385216,2.98402,-2.62148,1.97656,0.56665,-0.80592,0.15497,-0.07345,0.16281,-0.09096,0.44267,
1641629378491385344,2.99107,-2.62693,2.00002,0.58166,-0.79107,0.16440,-0.09412,0.10123,-0.11385,0.48808,
1641629378541385216,2.99470,-2.63319,2.02449,0.60034,-0.77331,0.16986,-0.11285,0.03394,-0.11885,0.48706,
1641629378591385088,2.99503,-2.63917,2.04766,0.61727,-0.75819,0.16681,-0.12769,-0.02618,-0.10805,0.44381,
1641629378641385216,2.99281,-2.64406,2.06829,0.62987,-0.74727,0.15814,-0.14089,-0.06899,-0.07228,0.37792,
1641629378691385344,2.98837,-2.64689,2.08504,0.64054,-0.73632,0.15118,-0.15711,-0.10199,-0.03414,0.29003,
1641629378741385216,2.98200,-2.64814,2.09640,0.64838,-0.72841,0.14492,-0.16742,-0.13592,-0.01240,0.16193,
1641629378791385088,2.97434,-2.64827,2.10093,0.65290,-0.72625,0.13394,-0.16832,-0.15731,0.01721,0.02391,
1641629378841385216,2.96567,-2.64670,2.09874,0.65493,-0.72774,0.12262,-0.16254,-0.16622,0.05294,-0.10542,
1641629378891385344,2.95665,-2.64313,2.09019,0.65506,-0.73161,0.11181,-0.15210,-0.16364,0.09316,-0.21876,
1641629378941386240,2.94745,-2.63724,2.07710,0.64863,-0.74174,0.10297,-0.13603,-0.17646,0.13785,-0.29206,
1641629378991385344,2.93707,-2.63008,2.06075,0.63780,-0.75498,0.09375,-0.12008,-0.20683,0.14112,-0.35104,
1641629379041385216,2.92504,-2.62325,2.04229,0.62557,-0.76892,0.08217,-0.10334,-0.24066,0.13781,-0.37059,
1641629379091385088,2.91120,-2.61653,2.02339,0.61191,-0.78335,0.06751,-0.08585,-0.27407,0.13685,-0.37852,
1641629379141385216,2.89604,-2.61063,2.00421,0.59900,-0.79647,0.04974,-0.06605,-0.29835,0.11552,-0.38347,
1641629379191385344,2.88020,-2.60542,1.98510,0.58521,-0.80907,0.02790,-0.04645,-0.31789,0.10103,-0.38078,
1641629379241385216,2.86320,-2.60070,1.96690,0.57284,-0.81916,0.00611,-0.02812,-0.34274,0.09005,-0.34976,
1641629379271385088,2.85225,-2.59866,1.95686,0.56602,-0.82420,-0.00805,-0.01581,-0.35559,0.05383,-0.33167,
1641629379321385216,2.83342,-2.59838,1.94135,0.55455,-0.83114,-0.03947,0.01106,-0.37692,-0.03734,-0.29123,
1641629379371385344,2.81399,-2.60195,1.92799,0.54283,-0.83478,-0.07784,0.04906,-0.37766,-0.09544,-0.25525,
1641629379421385216,2.79458,-2.60756,1.91582,0.53006,-0.83530,-0.11776,0.08629,-0.38248,-0.12440,-0.23660,
1641629379471385344,2.77557,-2.61422,1.90502,0.51926,-0.83159,-0.15768,0.11816,-0.36342,-0.13249,-0.19672,
1641629379521385216,2.75754,-2.62095,1.89608,0.50759,-0.82561,-0.19643,0.14875,-0.34782,-0.12627,-0.16380,
1641629379571385088,2.74027,-2.62674,1.88961,-0.49712,0.81746,0.22902,-0.17940,-0.33368,-0.11322,-0.09854,
1641629379621385216,2.72391,-2.63286,1.88642,-0.48464,0.80837,0.25782,-0.21258,-0.31154,-0.13188,-0.02782,
1641629379671385344,2.70926,-2.64004,1.88758,-0.47347,0.79661,0.28621,-0.24355,-0.26753,-0.14967,0.07583,
1641629379721385216,2.69724,-2.64790,1.89392,-0.46566,0.78264,0.31322,-0.26932,-0.20426,-0.15617,0.17738,
1641629379771385088,2.68874,-2.65602,1.90501,-0.46722,0.76592,0.33247,-0.29074,-0.12671,-0.14775,0.26265,
1641629379821385216,2.68406,-2.66386,1.91935,-0.47530,0.74899,0.34211,-0.30995,-0.04759,-0.12537,0.32105,
1641629379871385344,2.68321,-2.67078,1.93593,-0.48527,0.73485,0.34280,-0.32709,0.02618,-0.10271,0.35264,
1641629379921385216,2.68528,-2.67684,1.95371,-0.49359,0.72412,0.33813,-0.34305,0.07483,-0.07419,0.36743,
1641629379971385344,2.68944,-2.68065,1.97149,0.50172,-0.71689,-0.32992,0.35425,0.10426,-0.03909,0.35387,
1641629380021385216,2.69505,-2.68282,1.98874,0.50723,-0.71330,-0.32189,0.36098,0.12705,-0.01139,0.34302,
1641629380051385088,2.69918,-2.68330,1.99875,0.50866,-0.71311,-0.31842,0.36243,0.13564,-0.00958,0.31618,
1641629380101386240,2.70682,-2.68501,2.01261,0.51196,-0.71205,-0.31998,0.35848,0.16625,-0.03127,0.23900,
1641629380151389184,2.71591,-2.68712,2.02314,0.51723,-0.70843,-0.32752,0.35118,0.18380,-0.02628,0.19762,
1641629380201385216,2.72563,-2.68842,2.03228,0.51453,-0.71425,-0.32520,0.34547,0.20070,-0.00842,0.16348,
1641629380251385088,2.73621,-2.68887,2.03831,0.51243,-0.71971,-0.31726,0.34465,0.23326,0.00158,0.07000,
1641629380301385216,2.74877,-2.68884,2.03904,0.51369,-0.72109,-0.31696,0.34013,0.24907,0.01546,-0.03819,
1641629380351385088,2.76154,-2.68716,2.03431,0.52324,-0.71940,-0.31578,0.33011,0.24702,0.05401,-0.13642,
1641629380401385216,2.77443,-2.68359,2.02501,0.53134,-0.72179,-0.30891,0.31822,0.22774,0.10238,-0.21894,
1641629380441385216,2.78429,-2.67962,2.01405,0.53490,-0.72651,-0.30096,0.30902,0.20781,0.12412,-0.30825,
1641629380491385344,2.79493,-2.67413,1.99442,0.53773,-0.73482,-0.28936,0.29523,0.18320,0.10067,-0.46341,
1641629380541385216,2.80453,-2.67047,1.96653,0.54389,-0.73926,-0.28038,0.28118,0.15673,0.07359,-0.61581,
1641629380591385088,2.81172,-2.66893,1.93251,0.54738,-0.74575,-0.27113,0.26593,0.10406,-0.00470,-0.70714,
1641629380641385216,2.81580,-2.67126,1.89545,0.55322,-0.74841,-0.26259,0.25470,0.04322,-0.06275,-0.73968,
1641629380691385344,2.81584,-2.67465,1.85843,0.55099,-0.75535,-0.25226,0.24943,-0.02916,-0.07986,-0.70942,
1641629380741385216,2.81276,-2.67870,1.82408,0.54124,-0.76600,-0.23693,0.25333,-0.08923,-0.10273,-0.66500,
1641629380791385088,2.80704,-2.68453,1.79221,0.53275,-0.77232,-0.23044,0.25807,-0.15107,-0.13526,-0.60515,
1641629380841385216,2.79849,-2.69046,1.76326,0.52824,-0.77414,-0.23080,0.26154,-0.21545,-0.10707,-0.55206,
1641629380891385344,2.78643,-2.69417,1.73795,0.51924,-0.77818,-0.23349,0.26515,-0.28674,-0.05392,-0.47286,
1641629380941385216,2.77097,-2.69544,1.71531,0.50796,-0.78245,-0.24358,0.26538,-0.34898,-0.00665,-0.41912,
1641629380991385344,2.75229,-2.69442,1.69624,0.50270,-0.78450,-0.25087,0.26251,-0.40015,0.03226,-0.34931,
1641629381041385216,2.73246,-2.69201,1.68075,0.50525,-0.77881,-0.26425,0.26144,-0.41263,0.06021,-0.26418,
1641629381091385088,2.71192,-2.68747,1.66928,0.51374,-0.76803,-0.27199,0.26875,-0.42471,0.11104,-0.18012,
1641629381141386240,2.69133,-2.68118,1.66338,0.52068,-0.75701,-0.27181,0.28626,-0.40239,0.12797,-0.05898,
1641629381191385344,2.67224,-2.67394,1.66171,0.52697,-0.74100,-0.27240,0.31468,-0.37171,0.15722,-0.01040,
1641629381241385216,2.65398,-2.66492,1.66243,0.52484,-0.72917,-0.28213,0.33653,-0.37497,0.19093,0.04723,
1641629381271385088,2.64309,-2.65872,1.66456,0.52412,-0.72508,-0.28643,0.34281,-0.36966,0.20293,0.10036,
1641629381321385216,2.62615,-2.64877,1.67217,0.52817,-0.71923,-0.28750,0.34798,-0.31410,0.18086,0.20807,
1641629381371385344,2.61313,-2.64068,1.68516,0.53539,-0.71007,-0.28678,0.35625,-0.21171,0.13389,0.31252,
1641629381421385216,2.60540,-2.63472,1.70211,0.54507,-0.69892,-0.28388,0.36580,-0.09642,0.10220,0.36317,
1641629381471385344,2.60390,-2.63046,1.72011,0.55641,-0.68941,-0.28177,0.36840,0.02705,0.06862,0.35215,
1641629381521385216,2.60790,-2.62737,1.73658,0.56594,-0.68605,-0.28049,0.36107,0.13204,0.05505,0.30381,
1641629381571386368,2.61703,-2.62483,1.75040,0.57707,-0.68531,-0.27719,0.34713,0.22126,0.05670,0.24483,
1641629381621385216,2.63033,-2.62166,1.76147,0.58523,-0.68921,-0.27335,0.32830,0.28884,0.08411,0.18492,
1641629381671385344,2.64625,-2.61659,1.76969,0.59076,-0.69811,-0.26614,0.30465,0.32496,0.12741,0.13927,
1641629381721385216,2.66329,-2.60991,1.77564,0.59583,-0.71088,-0.25226,0.27568,0.34147,0.14496,0.09122,
1641629381771385088,2.68036,-2.60265,1.77917,0.60358,-0.72164,-0.23538,0.24396,0.32420,0.14757,0.05086,
1641629381821385216,2.69578,-2.59602,1.78074,0.61149,-0.72977,-0.21928,0.21314,0.27735,0.12853,0.00833,
1641629381871385344,2.70786,-2.59041,1.78025,0.61601,-0.73645,-0.21003,0.18454,0.19429,0.10071,-0.03555,
1641629381921386240,2.71533,-2.58663,1.77770,0.61986,-0.73884,-0.20668,0.16488,0.08993,0.06127,-0.06692,
1641629381971387136,2.71693,-2.58469,1.77443,0.61817,-0.74287,-0.20231,0.15840,-0.03674,0.01544,-0.07578,
1641629382021385216,2.71204,-2.58566,1.77059,0.61500,-0.74436,-0.19694,0.17007,-0.16771,-0.05128,-0.10133,
1641629382051385088,2.70609,-2.58769,1.76733,0.61018,-0.74506,-0.19827,0.18238,-0.24551,-0.08146,-0.13426,
1641629382101385216,2.69082,-2.59302,1.75911,0.59784,-0.74622,-0.20903,0.20507,-0.36349,-0.12893,-0.18907,
1641629382151385344,2.67063,-2.60072,1.74895,0.58498,-0.74488,-0.22514,0.22862,-0.45180,-0.17657,-0.21680,
1641629382201385216,2.64691,-2.61075,1.73781,0.56788,-0.74303,-0.24527,0.25546,-0.49921,-0.22384,-0.22392,
1641629382251385088,2.62228,-2.62341,1.72721,0.54712,-0.73828,-0.26794,0.28950,-0.50354,-0.27551,-0.20653,
1641629382301385216,2.59793,-2.63823,1.71688,0.52240,-0.73067,-0.29372,0.32704,-0.47572,-0.30796,-0.21164,
1641629382351385088,2.57555,-2.65343,1.70691,-0.49709,0.72176,0.32150,-0.35861,-0.42722,-0.29260,-0.19083,
1641629382401385216,2.55608,-2.66699,1.69746,-0.47697,0.71503,0.33955,-0.38201,-0.34525,-0.24410,-0.19044,
1641629382441385216,2.54362,-2.67564,1.69002,-0.46134,0.71206,0.35601,-0.39165,-0.26185,-0.18484,-0.19066,
1641629382491386112,2.53374,-2.68236,1.68083,-0.44677,0.70863,0.38176,-0.39051,-0.12182,-0.06747,-0.16786,
1641629382541385216,2.53119,-2.68159,1.67477,-0.44585,0.70775,0.39195,-0.38299,0.01376,0.10527,-0.06274,
1641629382591386368,2.53540,-2.67290,1.67459,-0.45025,0.71543,0.37801,-0.37756,0.15532,0.24119,0.05278,
1641629382641386240,2.54698,-2.65842,1.67925,-0.45796,0.72143,0.35732,-0.37701,0.29778,0.32836,0.11392,
1641629382691385344,2.56437,-2.64035,1.68487,-0.47167,0.72590,0.33313,-0.37367,0.38425,0.38910,0.09842,
1641629382741385216,2.58436,-2.62004,1.68842,-0.48509,0.73663,0.31115,-0.35391,0.40717,0.40928,0.03273,
1641629382791385088,2.60434,-2.60012,1.68896,0.50321,-0.75052,-0.29070,0.31463,0.38959,0.37466,-0.01181,
1641629382841385216,2.62277,-2.58251,1.68845,0.52457,-0.76130,-0.26825,0.27073,0.33720,0.29978,-0.01580,
1641629382891385344,2.63784,-2.57004,1.68926,0.53753,-0.76962,-0.24744,0.23985,0.25368,0.17234,0.04503,
1641629382941385216,2.64754,-2.56497,1.69270,0.54726,-0.77075,-0.22615,0.23519,0.10597,0.01692,0.07236,
1641629382991386112,2.64775,-2.56781,1.69613,0.55216,-0.76831,-0.21141,0.24520,-0.11227,-0.14142,0.04344,
1641629383041385216,2.63696,-2.57913,1.69696,0.54791,-0.76471,-0.21677,0.26083,-0.32018,-0.30524,-0.02347,
1641629383091385088,2.61688,-2.59790,1.69372,0.53509,-0.75856,-0.24588,0.27894,-0.46989,-0.42934,-0.10099,
1641629383141385216,2.59223,-2.62116,1.68839,0.51886,-0.74856,-0.28587,0.29785,-0.51177,-0.48627,-0.10536,
1641629383191385344,2.56674,-2.64540,1.68372,0.50842,-0.73415,-0.31205,0.32427,-0.49992,-0.47358,-0.08586,
1641629383241385216,2.54391,-2.66730,1.67959,-0.49252,0.72276,0.33181,-0.35347,-0.40631,-0.38642,-0.08294,
1641629383271385088,2.53306,-2.67748,1.67701,-0.48061,0.71779,0.34381,-0.36823,-0.30979,-0.28603,-0.08568,
1641629383321385216,2.52239,-2.68592,1.67244,-0.46617,0.71141,0.36396,-0.37962,-0.11567,-0.03112,-0.09429,
1641629383371385344,2.52143,-2.67972,1.66850,-0.46379,0.71510,0.36827,-0.37136,0.09123,0.27315,-0.04997,
1641629383421385216,2.53180,-2.65946,1.66907,-0.47104,0.73054,0.34383,-0.35526,0.33090,0.51504,0.07579,
1641629383471385344,2.55365,-2.63031,1.67492,-0.48881,0.74451,0.30342,-0.33869,0.52558,0.62000,0.12474,
1641629383521385216,2.58119,-2.59928,1.68087,0.51957,-0.75466,-0.26521,0.30032,0.55497,0.61464,0.12849,
1641629383571385088,2.60645,-2.57165,1.68781,0.55450,-0.76689,-0.20851,0.24685,0.43783,0.45945,0.13433,
1641629383621385216,2.62316,-2.55588,1.69443,0.58132,-0.76960,-0.16494,0.20632,0.21398,0.15880,0.13100,
1641629383671385344,2.62673,-2.55643,1.69930,0.58742,-0.76639,-0.15503,0.20866,-0.07963,-0.17692,0.05082,
1641629383721385216,2.61478,-2.57203,1.69896,0.57724,-0.76100,-0.17818,0.23649,-0.39339,-0.43573,-0.07480,
1641629383771385088,2.58909,-2.59844,1.69101,0.55328,-0.75716,-0.22342,0.26584,-0.60200,-0.62775,-0.24062,
1641629383821385216,2.55780,-2.63287,1.67621,0.52055,-0.75235,-0.28295,0.28800,-0.62630,-0.74320,-0.34123,
1641629383871385344,2.53043,-2.66924,1.65941,-0.48756,0.74129,0.34576,-0.30534,-0.44789,-0.67924,-0.30367,
1641629383921385216,2.51479,-2.69664,1.64788,-0.46926,0.72446,0.39020,-0.32047,-0.17665,-0.38426,-0.14717,
1641629383971386112,2.51257,-2.70423,1.64578,-0.47176,0.71502,0.39643,-0.33020,0.07610,0.09022,0.05636,
1641629384021385216,2.52211,-2.68898,1.65104,-0.48650,0.72524,0.36130,-0.32682,0.30275,0.49030,0.13277,
1641629384051385088,2.53331,-2.67187,1.65524,-0.49485,0.73706,0.33670,-0.31385,0.43964,0.63592,0.15202,
1641629384101385216,2.55998,-2.63773,1.66332,0.51266,-0.75598,-0.29208,0.28348,0.61159,0.70108,0.17899,
1641629384151385344,2.59183,-2.60542,1.67414,0.53313,-0.77399,-0.22714,0.25519,0.64843,0.56485,0.24254,
1641629384201385216,2.62246,-2.58526,1.68512,0.54590,-0.78442,-0.17267,0.23845,0.55018,0.23080,0.18621,
1641629384251385088,2.64496,-2.58255,1.69147,0.55528,-0.78345,-0.15841,0.22973,0.33843,-0.09714,0.05087,
1641629384301386240,2.65636,-2.59297,1.68875,0.55353,-0.78376,-0.17999,0.21660,0.12470,-0.29584,-0.17089,
1641629384351385088,2.65790,-2.60998,1.67424,0.54338,-0.78714,-0.21839,0.19352,-0.07458,-0.35488,-0.39489,
1641629384401385216,2.64735,-2.62744,1.65307,0.52142,-0.79918,-0.24922,0.16531,-0.35607,-0.36365,-0.39067,
1641629384491385344,2.59802,-2.67600,1.63660,-0.48200,0.80039,0.28915,-0.20842,-0.64450,-0.74425,0.01430,
1641629384541385216,2.56790,-2.71420,1.63892,-0.46581,0.76784,0.34237,-0.27610,-0.55072,-0.74135,0.05452,
1641629384591385088,2.54495,-2.74465,1.64073,-0.44528,0.73718,0.39297,-0.32227,-0.36751,-0.44203,0.01762,
1641629384641388288,2.53348,-2.75569,1.64068,-0.43054,0.72911,0.41273,-0.33569,-0.08276,0.01811,-0.01793,
1641629384691385344,2.53814,-2.74272,1.63947,-0.43349,0.73460,0.40899,-0.32431,0.25488,0.49465,-0.02463,
1641629384891385344,2.64375,-2.61728,1.67622,0.52670,-0.80234,-0.16348,0.22828,0.33453,0.01810,0.14536,
1641629384941388032,2.65281,-2.62787,1.67844,0.52565,-0.80164,-0.18043,0.22023,0.05079,-0.40910,-0.06634,
1641629384991385344,2.64893,-2.65531,1.66895,0.51832,-0.79925,-0.22194,0.20807,-0.17210,-0.64073,-0.31234,
1641629385041385216,2.63501,-2.68871,1.64962,-0.49600,0.80026,0.27438,-0.19567,-0.35507,-0.66075,-0.42049,
1641629385091385088,2.61290,-2.72032,1.63167,-0.47009,0.79985,0.31853,-0.19439,-0.49784,-0.58865,-0.24733,
1641629385241385216,2.54739,-2.77302,1.67685,-0.46779,0.73969,0.36951,-0.31224,-0.21406,-0.05653,0.80578,
1641629385271385088,2.54328,-2.77360,1.70256,-0.48033,0.72722,0.35507,-0.33818,-0.06371,0.00895,0.89580,
1641629385321385216,2.54694,-2.77257,1.74753,0.50196,-0.70855,-0.32987,0.37038,0.19738,0.00098,0.86557,
1641629385371385344,2.56202,-2.77287,1.78550,0.52631,-0.68669,-0.31739,0.38822,0.35979,-0.05495,0.62389,
1641629385421385216,2.58131,-2.77379,1.80864,0.55517,-0.66570,-0.31274,0.38835,0.35871,-0.04612,0.29400,
1641629385471385344,2.59719,-2.77410,1.81497,0.56917,-0.66842,-0.30764,0.36689,0.26182,-0.00592,-0.04069,
1641629385521385216,2.60852,-2.77372,1.80444,0.56209,-0.69197,-0.30280,0.33697,0.19220,-0.02476,-0.37613,
1641629385571385088,2.61699,-2.77682,1.77786,0.53720,-0.72302,-0.30440,0.30984,0.17741,-0.10106,-0.66782,
1641629385621385216,2.62598,-2.78421,1.73956,-0.49561,0.75883,0.31375,-0.28305,0.20575,-0.18486,-0.83308,
1641629385671385344,2.63691,-2.79556,1.69827,-0.45573,0.78976,0.32540,-0.25039,0.22649,-0.25654,-0.76367,
1641629385721385216,2.64703,-2.80806,1.66725,-0.42926,0.81133,0.32933,-0.22142,0.16163,-0.24968,-0.43885,
1641629385771385088,2.65261,-2.81791,1.65814,-0.41385,0.82297,0.32746,-0.21028,0.03990,-0.18516,0.08863,
1641629385871385344,2.65132,-2.82960,1.71095,-0.45022,0.78524,0.33325,-0.26390,-0.04721,-0.06446,0.85876,
1641629385921385216,2.64981,-2.83140,1.75794,-0.48663,0.75318,0.33494,-0.28936,-0.01716,-0.04869,0.98880,
1641629385971385344,2.65105,-2.83440,1.80564,0.52874,-0.72027,-0.32082,0.31420,0.06858,-0.10416,0.88119,
1641629386021385216,2.65618,-2.84044,1.84219,0.55797,-0.69227,-0.30390,0.34217,0.11690,-0.16424,0.54923,
1641629386051385088,2.65951,-2.84472,1.85461,0.56252,-0.68295,-0.30054,0.35612,0.11257,-0.18569,0.27005,
1641629386101385216,2.66401,-2.85335,1.85515,0.54991,-0.68230,-0.31418,0.36517,0.07917,-0.18771,-0.24533,
1641629386151385344,2.66748,-2.86216,1.83161,0.52036,-0.70352,-0.33396,0.35037,0.06369,-0.17343,-0.67292,
1641629386201385216,2.67187,-2.87046,1.79128,-0.48385,0.74000,0.34022,-0.32022,0.10749,-0.17951,-0.88997,
1641629386251385088,2.67839,-2.87947,1.74886,-0.44105,0.77660,0.34340,-0.29058,0.14685,-0.17978,-0.73302,
1641629386301385216,2.68546,-2.88752,1.72357,-0.40122,0.80370,0.34273,-0.27499,0.13486,-0.14445,-0.25120,
1641629386351387136,2.69213,-2.89400,1.72367,-0.39165,0.81257,0.33254,-0.27525,0.15845,-0.11979,0.22167,
1641629386441385216,2.71526,-2.90327,1.75662,-0.44045,0.78514,0.32530,-0.28938,0.36285,-0.07623,0.35683,
1641629386491385344,2.73590,-2.90571,1.76923,-0.46242,0.77854,0.32181,-0.27655,0.44352,-0.05141,0.12015,
1641629386541385216,2.75854,-2.90870,1.76708,-0.47201,0.78652,0.31871,-0.23876,0.43535,-0.09199,-0.20310,
1641629386591386368,2.77719,-2.91506,1.75104,-0.45795,0.81002,0.31138,-0.19284,0.27675,-0.17989,-0.39243,
1641629386641386240,2.78416,-2.92588,1.73293,-0.43574,0.83031,0.30514,-0.16616,-0.01092,-0.28042,-0.26437,
1641629386841385216,2.72957,-3.00743,1.79507,-0.40138,0.74375,0.39686,-0.35809,0.05166,-0.24677,0.35141,
1641629386891385344,2.73944,-3.01142,1.80544,-0.39290,0.72876,0.41106,-0.38153,0.31871,0.08680,0.05106,
1641629386941386240,2.75957,-2.99785,1.80260,-0.41993,0.74262,0.39589,-0.33977,0.47803,0.44868,-0.10597,
1641629387091387392,2.84609,-2.93782,1.82274,0.50472,-0.81193,-0.21806,0.19613,0.40514,-0.06686,0.30283,
1641629387141385216,2.85857,-2.95224,1.83595,0.50735,-0.80577,-0.21049,0.22142,0.08333,-0.49895,0.19254,
1641629387191386112,2.85455,-2.98506,1.83947,-0.49832,0.79410,0.23494,-0.25670,-0.24308,-0.79032,-0.06166,
1641629387241386240,2.83682,-3.02975,1.82998,-0.46677,0.78822,0.28683,-0.28030,-0.43020,-0.97444,-0.29838,
1641629387271385088,2.82270,-3.06017,1.81955,-0.43676,0.78550,0.32766,-0.29132,-0.46153,-1.05441,-0.37917,
1641629387471387136,2.79455,-3.21603,1.78017,-0.31807,0.71615,0.51726,-0.34408,0.22430,-0.08031,0.11170,
1641629387521385216,2.80952,-3.21144,1.78784,-0.33916,0.72768,0.49561,-0.33141,0.39419,0.24899,0.19861,
1641629387671385344,2.90985,-3.14258,1.84104,-0.44428,0.78445,0.35965,-0.24063,0.90594,0.45914,0.46010,
1641629387821385216,3.04670,-3.11204,1.93962,0.50059,-0.82026,-0.22213,0.16503,0.74242,-0.12846,0.97849,
1641629387871386368,3.07927,-3.12350,1.99372,0.52819,-0.80869,-0.19916,0.16543,0.54282,-0.33153,1.17065,
1641629387921385216,3.10095,-3.14290,2.05524,0.55591,-0.78957,-0.19972,0.16629,0.33187,-0.40228,1.28082,
1641629387971385344,3.11331,-3.16437,2.12089,0.57603,-0.77435,-0.20736,0.15994,0.19381,-0.44177,1.34007,
1641629388021385216,3.12232,-3.18716,2.18842,0.59416,-0.75837,-0.21974,0.15350,0.15291,-0.51782,1.35315,
1641629388051385088,3.12744,-3.20159,2.22892,0.60581,-0.74646,-0.22912,0.15266,0.15947,-0.55053,1.34286,
1641629388101385216,3.13581,-3.22739,2.29499,0.62410,-0.72755,-0.23875,0.15547,0.19806,-0.58382,1.28736,
1641629388151385344,3.14477,-3.25497,2.35642,0.64167,-0.71104,-0.23591,0.16442,0.23950,-0.56999,1.15258,
1641629388201385216,3.14838,-3.28039,2.40860,0.65143,-0.70314,-0.22625,0.17333,0.27542,-0.51352,0.92708,
1641629388251385088,3.15596,-3.30465,2.44910,0.65607,-0.70000,-0.21702,0.18020,0.31313,-0.45345,0.68958,
1641629388301385216,3.16576,-3.32679,2.47752,0.65652,-0.70272,-0.20100,0.18645,0.31003,-0.39528,0.45408,
1641629388351385088,3.17800,-3.34612,2.49457,0.64524,-0.71516,-0.18559,0.19431,0.30597,-0.36613,0.23375,
1641629388401385216,3.19082,-3.36294,2.50061,0.63040,-0.72671,-0.17736,0.20745,0.30273,-0.34430,0.01398,
1641629388441385216,3.20001,-3.37468,2.49815,0.61461,-0.73888,-0.17114,0.21683,0.28276,-0.31797,-0.13100,
1641629388491385344,3.21021,-3.38814,2.48696,0.60197,-0.75012,-0.16269,0.22018,0.25835,-0.27600,-0.30986,
1641629388541385216,3.21413,-3.39649,2.46711,0.59238,-0.76317,-0.15538,0.20618,0.21040,-0.20556,-0.45316,
1641629388591385088,3.20991,-3.39834,2.44199,0.57804,-0.78118,-0.14376,0.18695,0.14654,-0.19073,-0.53201,
1641629388641385216,3.20508,-3.40014,2.41282,0.55636,-0.80016,-0.13939,0.17544,0.12141,-0.19717,-0.58968,
1641629388691385344,3.20299,-3.40310,2.38273,0.53867,-0.81484,-0.12720,0.17233,0.14840,-0.20737,-0.56548,
1641629388741385216,3.20727,-3.41009,2.35579,0.52444,-0.82655,-0.11765,0.16712,0.22015,-0.22889,-0.45015,
1641629388791385088,3.21756,-3.41732,2.33661,0.51417,-0.83564,-0.10847,0.15990,0.33030,-0.22172,-0.28081,
1641629388841385216,3.23400,-3.42108,2.32567,0.50862,-0.84223,-0.09706,0.15014,0.40933,-0.17750,-0.07874,
1641629388891385344,3.25187,-3.42287,2.32546,-0.49965,0.85133,0.08153,-0.13759,0.44144,-0.13216,0.12142,
1641629388941385216,3.26989,-3.42399,2.33556,-0.49774,0.85694,0.06738,-0.11565,0.41993,-0.13451,0.31972,
1641629388991385344,3.28788,-3.42915,2.35545,0.50766,-0.85484,-0.06040,0.08882,0.36011,-0.18412,0.50288,
1641629389041385216,3.30264,-3.43818,2.38393,0.52959,-0.84357,-0.06121,0.06466,0.27775,-0.24526,0.64393,
1641629389091385088,3.31367,-3.44964,2.41769,0.55490,-0.82767,-0.06790,0.04934,0.18882,-0.27944,0.72082,
1641629389141385216,3.31963,-3.46198,2.45373,0.57617,-0.81282,-0.07698,0.03774,0.10289,-0.28922,0.73566,
1641629389191385344,3.31994,-3.47244,2.48936,0.59699,-0.79710,-0.08512,0.03134,0.02226,-0.27724,0.71788,
1641629389241385216,3.31756,-3.48321,2.52226,0.61788,-0.77989,-0.09353,0.03539,-0.05055,-0.27674,0.63921,
1641629389271385088,3.31444,-3.48899,2.53948,0.63045,-0.76851,-0.10034,0.04305,-0.08859,-0.27822,0.57279,
1641629389321385216,3.30850,-3.50146,2.56364,0.64905,-0.74996,-0.11374,0.05790,-0.14253,-0.27179,0.40613,
1641629389371385344,3.30040,-3.51285,2.57832,0.66350,-0.73295,-0.13591,0.06390,-0.15887,-0.24138,0.20192,
1641629389421385216,3.29134,-3.52124,2.58350,0.67271,-0.72035,-0.15340,0.07084,-0.14928,-0.19431,0.02468,
1641629389471385344,3.28322,-3.52716,2.57968,0.67218,-0.71614,-0.16500,0.08994,-0.12441,-0.14162,-0.16382,
1641629389521385216,3.27580,-3.52957,2.56563,0.66052,-0.72038,-0.17674,0.11632,-0.12553,-0.07050,-0.38118,
1641629389571385088,3.26737,-3.52735,2.53969,0.63576,-0.73330,-0.19464,0.14210,-0.13159,-0.01630,-0.61833,
1641629389621385216,3.25867,-3.52298,2.50312,0.61009,-0.74454,-0.21400,0.16631,-0.12905,0.00516,-0.81575,
1641629389671386368,3.25056,-3.51912,2.45714,0.59168,-0.75009,-0.22786,0.18805,-0.13381,-0.02621,-0.97315,
1641629389721385216,3.24231,-3.51918,2.40521,0.57214,-0.75835,-0.23134,0.20989,-0.11994,-0.11663,-1.05287,
1641629389771385088,3.23603,-3.52491,2.34975,0.56172,-0.75412,-0.24091,0.24030,-0.06561,-0.24590,-1.07682,
1641629389821387264,3.23181,-3.53377,2.29389,0.54652,-0.75213,-0.25291,0.26769,-0.06757,-0.29821,-1.03191,
1641629389871386368,3.22871,-3.54495,2.24146,0.52758,-0.75832,-0.26413,0.27721,-0.08626,-0.31764,-0.92413,
1641629389921385216,3.22413,-3.55946,2.19904,0.50399,-0.77385,-0.26856,0.27389,-0.09050,-0.36104,-0.72275,
1641629389971385344,3.21985,-3.57650,2.16789,-0.48829,0.78238,0.27445,-0.27226,-0.07227,-0.37212,-0.52364,
1641629390021388288,3.21636,-3.59388,2.14582,-0.47264,0.78811,0.29251,-0.26446,-0.06373,-0.35789,-0.34233,
1641629390051385088,3.21480,-3.60301,2.13731,-0.46901,0.78892,0.30100,-0.25891,-0.05219,-0.33249,-0.21418,
1641629390101385216,3.21226,-3.61734,2.12999,-0.47015,0.78735,0.30589,-0.25589,-0.06155,-0.26795,-0.09379,
1641629390151386368,3.20782,-3.62929,2.12736,-0.46159,0.78852,0.31614,-0.25539,-0.12329,-0.23306,0.00113,
1641629390201385216,3.19963,-3.64087,2.13080,-0.45295,0.78799,0.32710,-0.25869,-0.20608,-0.24826,0.15814,
1641629390251385088,3.18733,-3.65492,2.14259,-0.44782,0.78283,0.33263,-0.27569,-0.28458,-0.30930,0.30015,
1641629390301385216,3.17365,-3.67260,2.15849,-0.43750,0.76730,0.35933,-0.30122,-0.23826,-0.38079,0.32307,
1641629390401385216,3.15978,-3.69629,2.18833,-0.44317,0.73514,0.38942,-0.33395,-0.01002,-0.03884,0.21542,
1641629390491385344,3.17608,-3.68724,2.19989,-0.45957,0.74982,0.36910,-0.30054,0.37563,0.20151,0.06710,
1641629390541385216,3.19982,-3.67529,2.20277,-0.46710,0.76827,0.34639,-0.26757,0.57111,0.24089,0.07368,
1641629390591385088,3.23246,-3.66386,2.20656,-0.46866,0.78945,0.31432,-0.24151,0.71698,0.17665,0.09193,
1641629390641387264,3.26897,-3.65871,2.20927,-0.47150,0.80538,0.28588,-0.21755,0.70567,0.01354,0.03030,
1641629390691385344,3.29960,-3.66260,2.20843,-0.47796,0.81613,0.26718,-0.18469,0.49766,-0.18425,-0.04585,
1641629390741386240,3.31751,-3.67643,2.20358,-0.47508,0.82522,0.26310,-0.15521,0.22512,-0.35893,-0.12281,
1641629390791385088,3.32227,-3.69691,2.19756,-0.45718,0.83188,0.27695,-0.14924,-0.01531,-0.44908,-0.08396,
1641629390841386240,3.31694,-3.71814,2.19794,-0.43912,0.83263,0.28970,-0.17316,-0.17438,-0.39376,0.12446,
1641629390891386368,3.30667,-3.73468,2.21076,-0.42688,0.82680,0.30202,-0.20726,-0.22261,-0.25999,0.39943,
1641629390941388032,3.29617,-3.74301,2.23839,-0.42858,0.81386,0.31763,-0.23035,-0.19971,-0.09174,0.71657,
1641629390991386112,3.28911,-3.74435,2.28285,-0.44538,0.79820,0.32689,-0.24012,-0.08984,0.01419,1.07167,
1641629391041385216,3.28837,-3.74250,2.34467,-0.47313,0.77676,0.33652,-0.24400,0.05304,0.05414,1.39186,
1641629391091385088,3.29444,-3.73993,2.42040,0.50526,-0.75229,-0.34376,0.24618,0.18707,0.01883,1.62214,
1641629391141385216,3.30693,-3.74119,2.50435,0.53761,-0.72404,-0.34835,0.25571,0.30566,-0.06972,1.71516,
1641629391191385344,3.32400,-3.74669,2.58970,0.56671,-0.69720,-0.34877,0.26667,0.38430,-0.14987,1.67896,
1641629391241385216,3.34385,-3.75541,2.67013,0.58979,-0.67666,-0.34736,0.27132,0.41545,-0.20426,1.54041,
1641629391271385088,3.35613,-3.76147,2.71462,0.60148,-0.66892,-0.34277,0.27071,0.42240,-0.24073,1.42906,
1641629391321385216,3.37722,-3.77437,2.77971,0.62340,-0.65807,-0.32755,0.26652,0.42665,-0.28960,1.16488,
1641629391371390464,3.39790,-3.78864,2.83090,0.64205,-0.64947,-0.31573,0.25745,0.40639,-0.30165,0.88385,
1641629391421385216,3.41701,-3.80358,2.86724,0.65537,-0.64672,-0.29929,0.25032,0.37348,-0.30862,0.56248,
1641629391471385344,3.43476,-3.81901,2.88725,0.65666,-0.65265,-0.29326,0.23842,0.33871,-0.31472,0.24747,
1641629391521385216,3.45087,-3.83527,2.89271,0.65115,-0.66573,-0.28734,0.22417,0.31710,-0.32438,-0.02676,
1641629391571385088,3.46645,-3.85106,2.88573,0.65197,-0.67575,-0.27840,0.20193,0.30733,-0.31736,-0.21707,
1641629391621385216,3.48194,-3.86485,2.87255,0.66057,-0.68270,-0.25625,0.17861,0.31279,-0.25388,-0.28488,
1641629391671385344,3.49746,-3.87451,2.85683,0.65687,-0.70395,-0.22431,0.15052,0.34937,-0.19632,-0.30357,
1641629391721385216,3.51675,-3.88348,2.84138,0.64287,-0.72896,-0.19750,0.12780,0.45633,-0.18976,-0.29157,
1641629391771385088,3.54102,-3.89119,2.82639,0.62907,-0.74971,-0.17557,0.10670,0.55982,-0.13948,-0.26058,
1641629391821385216,3.56996,-3.89511,2.81445,0.61854,-0.76865,-0.14566,0.07326,0.64770,-0.07990,-0.16571,
1641629391871385344,3.60255,-3.89751,2.80796,0.61834,-0.77859,-0.10213,0.03201,0.69503,-0.06193,-0.03537,
1641629391921385216,3.63549,-3.89908,2.80768,0.62506,-0.77896,-0.05024,-0.00229,0.65166,-0.07633,0.08405,
1641629391971387136,3.66028,-3.90067,2.81085,0.63161,-0.77496,-0.00173,-0.02222,0.46500,-0.09139,0.15138,
1641629392021385216,3.67144,-3.90319,2.81560,0.63287,-0.77323,0.02906,-0.02732,0.08786,-0.08820,0.09438,
1641629392051385088,3.66721,-3.90526,2.81581,0.63194,-0.77415,0.02445,-0.02727,-0.17417,-0.12101,0.01764,
1641629392101385216,3.64676,-3.91181,2.81341,0.62821,-0.77770,-0.01917,-0.01305,-0.52965,-0.17536,-0.06563,
1641629392151385344,3.61199,-3.92049,2.80744,0.62386,-0.77756,-0.07442,0.02578,-0.73397,-0.23967,-0.11491,
1641629392201385216,3.57301,-3.93328,2.79936,0.60640,-0.77935,-0.13648,0.07920,-0.74910,-0.29789,-0.16075,
1641629392251385088,3.53849,-3.94813,2.79083,0.57580,-0.78087,-0.20786,0.12446,-0.57948,-0.31363,-0.11392,
1641629392301385216,3.51528,-3.96225,2.78634,0.55659,-0.77460,-0.25237,0.16283,-0.32410,-0.26098,-0.03111,
1641629392351386368,3.50544,-3.97258,2.78614,0.54406,-0.77075,-0.27627,0.18333,-0.04879,-0.17595,0.03811,
1641629392401385216,3.50914,-3.97947,2.78836,0.54731,-0.76286,-0.28988,0.18566,0.18795,-0.10268,0.07139,
1641629392441386240,3.51895,-3.98239,2.79061,0.55705,-0.75607,-0.29353,0.17857,0.30394,-0.04503,0.07141,
1641629392491385344,3.53465,-3.98183,2.79271,0.56371,-0.75743,-0.28391,0.16712,0.36064,0.01763,0.03749,
1641629392541385216,3.55244,-3.97938,2.79107,0.56198,-0.76623,-0.26719,0.16026,0.35205,0.03223,-0.07783,
1641629392591386368,3.56904,-3.97912,2.78177,0.56234,-0.77153,-0.25253,0.15731,0.30402,-0.03413,-0.27594,
1641629392641385216,3.58182,-3.98183,2.76156,0.56892,-0.76881,-0.24449,0.15968,0.22011,-0.10193,-0.51488,
1641629392691385344,3.58904,-3.98821,2.72938,0.56909,-0.76831,-0.24067,0.16706,0.11108,-0.18421,-0.75070,
1641629392741385216,3.59251,-3.99947,2.68705,0.56015,-0.76929,-0.24802,0.18140,0.02610,-0.26533,-0.93154,
1641629392791385088,3.59093,-4.01443,2.63736,0.55444,-0.76700,-0.25167,0.20238,-0.05216,-0.36191,-1.03266,
1641629392841385216,3.58673,-4.03383,2.58418,0.54013,-0.76842,-0.25690,0.22757,-0.09955,-0.42490,-1.07643,
1641629392891385344,3.58115,-4.05604,2.52916,0.51675,-0.77332,-0.27386,0.24484,-0.11788,-0.47219,-1.07069,
1641629392941385216,3.57438,-4.07923,2.47721,-0.49328,0.78161,0.29106,-0.24709,-0.11985,-0.47581,-0.97596,
1641629392991385344,3.56759,-4.10198,2.43296,-0.46849,0.79601,0.30373,-0.23375,-0.12798,-0.45636,-0.74562,
1641629393041385216,3.55983,-4.12498,2.40326,-0.44323,0.81329,0.30463,-0.22206,-0.16406,-0.50998,-0.43378,
1641629393091385088,3.55161,-4.15178,2.38921,-0.42676,0.81579,0.31650,-0.22843,-0.11316,-0.57707,-0.13871,
1641629393141385216,3.54872,-4.17842,2.38679,-0.41928,0.79836,0.35363,-0.24854,0.02070,-0.49130,0.02895,
1641629393241388288,3.56447,-4.19743,2.40095,-0.44368,0.76879,0.38508,-0.25264,0.28824,0.12976,0.24263,
1641629393271385088,3.57478,-4.19134,2.40867,-0.45532,0.77340,0.36766,-0.24364,0.38786,0.26175,0.27581,
1641629393321385216,3.59754,-4.17505,2.42371,-0.47427,0.78516,0.32927,-0.22399,0.50334,0.35987,0.33301,
1641629393371385344,3.62256,-4.15883,2.44131,-0.48997,0.80062,0.27801,-0.20405,0.47532,0.23852,0.35395,
1641629393421385216,3.64264,-4.15407,2.45730,0.50909,-0.80540,-0.23813,0.18828,0.29847,-0.07982,0.28397,
1641629393471385344,3.65074,-4.16746,2.46816,0.52226,-0.80073,-0.23153,0.18019,0.02184,-0.46233,0.13898,
1641629393521385216,3.64635,-4.19854,2.46998,0.51832,-0.79040,-0.26631,0.18893,-0.17470,-0.75267,-0.06521,
1641629393571386368,3.63576,-4.23887,2.46219,-0.49256,0.78330,0.31437,-0.21215,-0.22345,-0.81245,-0.23509,
1641629393621385216,3.62654,-4.27704,2.44779,-0.45680,0.78457,0.34584,-0.23701,-0.13253,-0.68132,-0.32574,
1641629393671385344,3.62309,-4.30450,2.43185,-0.42665,0.78908,0.36469,-0.24964,-0.02051,-0.40664,-0.27212,
1641629393721385216,3.62427,-4.31664,2.42591,-0.40991,0.79914,0.36812,-0.24049,0.05723,-0.11639,0.08515,
1641629393871385344,3.66184,-4.30041,2.54260,-0.47752,0.77782,0.32713,-0.24484,0.35758,0.19978,1.31511,
1641629393971385344,3.70055,-4.29271,2.68909,0.54264,-0.74881,-0.31398,0.21507,0.42308,-0.10761,1.55235,
1641629394021385216,3.72164,-4.30211,2.76673,0.56957,-0.73223,-0.30990,0.20831,0.42039,-0.25242,1.54641,
1641629394051385088,3.73388,-4.31142,2.81262,0.57947,-0.72631,-0.30615,0.20726,0.41839,-0.33189,1.51304,
1641629394101385216,3.75459,-4.33115,2.88557,0.59533,-0.71448,-0.30084,0.21117,0.42611,-0.45005,1.39700,
1641629394151385344,3.77592,-4.35458,2.95129,0.61847,-0.69453,-0.29426,0.22027,0.43395,-0.51026,1.22928,
1641629394201385216,3.79739,-4.37882,3.00792,0.63941,-0.67560,-0.28541,0.23078,0.43578,-0.51992,1.03316,
1641629394251385088,3.81851,-4.40338,3.05409,0.65437,-0.66362,-0.27501,0.23617,0.43187,-0.51400,0.80825,
1641629394301385216,3.83913,-4.42675,3.08795,0.66697,-0.65760,-0.25555,0.23961,0.42074,-0.48471,0.53942,
1641629394351385088,3.85934,-4.44790,3.10788,0.67380,-0.65708,-0.24325,0.23467,0.43636,-0.44466,0.25802,
1641629394401385216,3.88085,-4.46719,3.11457,0.67853,-0.65768,-0.24642,0.21527,0.47280,-0.36592,0.02553,
1641629394441385216,3.89978,-4.47978,3.11388,0.68291,-0.65990,-0.24904,0.19010,0.48612,-0.26418,-0.03645,
1641629394491385344,3.92308,-4.48844,3.11188,0.69541,-0.66444,-0.22303,0.15869,0.41818,-0.14539,-0.01944,
1641629394541385216,3.93855,-4.49289,3.11227,0.70632,-0.67455,-0.15905,0.14423,0.22727,-0.16178,0.02646,
1641629394591385088,3.94297,-4.50299,3.10967,0.67984,-0.70337,-0.11713,0.17135,0.01523,-0.36882,-0.16265,
1641629394651385344,3.93665,-4.52894,3.09210,0.63740,-0.72254,-0.18100,0.19722,-0.11126,-0.53713,-0.38059,
1641629394691385344,3.93148,-4.54669,3.07686,0.62682,-0.72030,-0.23386,0.18325,-0.02930,-0.47413,-0.34870,
1641629394741389312,3.93421,-4.56333,3.06434,0.63361,-0.71496,-0.25715,0.14576,0.19823,-0.27872,-0.13785,
1641629394791385088,3.95035,-4.57178,3.06313,0.65240,-0.70849,-0.24541,0.11044,0.42601,-0.08404,0.11773,
1641629394841385216,3.97399,-4.57157,3.07428,0.65993,-0.71540,-0.20724,0.09873,0.49760,-0.01760,0.35375,
1641629394891385344,3.99395,-4.57431,3.09352,0.67019,-0.71685,-0.15130,0.11864,0.30771,-0.20183,0.42730,
1641629394941385216,4.00022,-4.58849,3.11064,0.67503,-0.70950,-0.13066,0.15449,-0.03848,-0.42119,0.26831,
1641629394981385216,3.99279,-4.60723,3.11783,0.67188,-0.70176,-0.15872,0.17582,-0.29007,-0.52780,0.10183,
1641629395041385216,3.96807,-4.63849,3.11696,0.66127,-0.69023,-0.22491,0.18900,-0.45398,-0.51328,-0.10078,
1641629395081385216,3.94987,-4.65740,3.11119,0.64532,-0.68874,-0.27006,0.19045,-0.38747,-0.45506,-0.15986,
1641629395131385344,3.93403,-4.67649,3.10186,0.62427,-0.68511,-0.32024,0.19585,-0.19366,-0.34282,-0.18237,
1641629395191385344,3.92917,-4.69053,3.09020,0.60402,-0.68124,-0.35784,0.20744,0.02704,-0.16104,-0.19326,
1641629395241386240,3.93371,-4.69412,3.07792,0.59418,-0.68407,-0.35983,0.22253,0.15649,-0.06385,-0.29371,
1641629395271387392,3.93859,-4.69408,3.06688,0.59106,-0.68653,-0.35511,0.23068,0.19182,-0.03907,-0.42828,
1641629395321385216,3.94624,-4.69392,3.03828,0.58800,-0.69194,-0.34855,0.23238,0.15948,-0.04904,-0.70277,
1641629395371386368,3.95307,-4.69712,2.99645,0.58528,-0.69698,-0.34767,0.22537,0.11619,-0.10577,-0.97062,
1641629395421385216,3.95607,-4.70062,2.94201,0.57795,-0.70219,-0.35400,0.21813,0.07789,-0.15478,-1.15864,
1641629395471385344,3.95821,-4.70725,2.88021,0.56163,-0.71484,-0.35621,0.21606,0.04732,-0.21683,-1.27921,
1641629395521385216,3.95847,-4.71660,2.81531,0.53712,-0.73574,-0.34812,0.22134,0.01452,-0.29738,-1.27891,
1641629395571385088,3.95917,-4.73086,2.75182,0.50768,-0.75819,-0.33682,0.23229,0.02039,-0.39272,-1.20648,
1641629395621385216,3.96067,-4.74958,2.69613,-0.47981,0.77967,0.32126,-0.24227,0.04287,-0.47794,-0.99236,
1641629395671385344,3.96390,-4.77110,2.65441,-0.46353,0.79515,0.30363,-0.24633,0.07972,-0.53704,-0.66889,
1641629395721385216,3.96801,-4.79297,2.62779,-0.45311,0.80494,0.29112,-0.24902,0.09117,-0.52006,-0.41682,
1641629395771385088,3.97073,-4.81465,2.61284,-0.45079,0.80527,0.29977,-0.24179,0.00123,-0.45441,-0.18605,
1641629395821385216,3.96579,-4.83560,2.60932,-0.46097,0.79867,0.30853,-0.23333,-0.18657,-0.45039,0.04170,
1641629395871385344,3.95411,-4.85960,2.61548,-0.46177,0.78826,0.31915,-0.25212,-0.25932,-0.56300,0.17575,
1641629395921385216,3.94241,-4.88981,2.62361,-0.44327,0.76533,0.36266,-0.29368,-0.19436,-0.63076,0.12863,
1641629396021386240,3.93586,-4.93883,2.62783,-0.39944,0.71804,0.46451,-0.33029,0.08970,-0.25315,0.00399,
1641629396051392256,3.93968,-4.94284,2.62822,-0.40511,0.71519,0.46982,-0.32196,0.18680,-0.05926,0.02461,
1641629396101385216,3.95351,-4.93772,2.63064,-0.42519,0.72197,0.45815,-0.29677,0.37160,0.23949,0.08473,
1641629396151386368,3.97609,-4.92015,2.63746,-0.44933,0.73545,0.42892,-0.27062,0.52620,0.43088,0.19106,
1641629396301385216,4.05780,-4.87447,2.67331,-0.49379,0.78515,0.30159,-0.22080,0.37453,-0.10443,0.18739,
1641629396351389184,4.07055,-4.89010,2.67934,-0.49237,0.79091,0.29722,-0.20903,0.13676,-0.53424,0.06140,
1641629396491385344,4.07015,-5.00248,2.66707,-0.45653,0.76533,0.37335,-0.25779,0.01791,-0.72042,-0.21090,
1641629396541386240,4.07186,-5.03100,2.65615,-0.43646,0.76771,0.38501,-0.26814,0.07349,-0.43095,-0.20264,
1641629396591386368,4.07643,-5.04571,2.65232,-0.42331,0.78141,0.37905,-0.25794,0.12464,-0.17790,0.09452,
1641629396641387264,4.08511,-5.05082,2.66801,-0.42881,0.78710,0.36358,-0.25377,0.22524,-0.04920,0.52745,
1641629396691385344,4.09909,-5.05053,2.70301,-0.45124,0.77554,0.35644,-0.26052,0.29324,0.00390,0.85235,
1641629396741385216,4.11430,-5.05012,2.75153,-0.47718,0.75980,0.35571,-0.26167,0.30218,-0.02856,1.07185,
1641629396791385088,4.12988,-5.05287,2.80800,-0.49947,0.74769,0.35141,-0.26076,0.29681,-0.11781,1.16891,
1641629396841385216,4.14511,-5.06028,2.86639,0.51019,-0.74416,-0.34373,0.26035,0.29744,-0.24968,1.14819,
1641629396891385344,4.15987,-5.07589,2.92167,0.51736,-0.73795,-0.34358,0.26404,0.30242,-0.36593,1.06053,
1641629396941385216,4.17436,-5.09501,2.97226,0.52540,-0.72821,-0.34901,0.26806,0.31184,-0.43447,0.96000,
1641629396991385344,4.18940,-5.11558,3.01788,0.53142,-0.72094,-0.35410,0.26918,0.30339,-0.44913,0.86746,
1641629397041386240,4.20352,-5.13450,3.05890,0.53500,-0.71593,-0.35994,0.26770,0.30085,-0.46153,0.76168,
1641629397091385088,4.21647,-5.15196,3.09338,0.54590,-0.70350,-0.36667,0.26952,0.26691,-0.44298,0.60837,
1641629397141385216,4.22705,-5.16807,3.11990,0.54906,-0.69925,-0.36913,0.27080,0.21522,-0.41136,0.44489,
1641629397191385344,4.23481,-5.18524,3.13811,0.53775,-0.70742,-0.37041,0.27054,0.15750,-0.43369,0.27826,
1641629397241385216,4.24020,-5.20590,3.14788,0.52892,-0.71108,-0.37424,0.27303,0.12859,-0.51978,0.11497,
1641629397271385088,4.24392,-5.22241,3.15029,0.52311,-0.71090,-0.38023,0.27641,0.09495,-0.56489,0.05218,
1641629397321385216,4.24551,-5.24691,3.15205,0.51181,-0.70832,-0.39632,0.28153,0.04099,-0.62193,0.02151,
1641629397371385344,4.24435,-5.27042,3.15434,0.50708,-0.69912,-0.41281,0.28929,0.01654,-0.61966,0.06591,
1641629397421386240,4.24228,-5.29068,3.16014,0.50527,-0.68784,-0.42779,0.29762,0.03666,-0.56694,0.15391,
1641629397471386112,4.23885,-5.30364,3.17143,0.50200,-0.67944,-0.43653,0.30953,0.06633,-0.45336,0.26505,
1641629397521385216,4.23621,-5.31092,3.18721,-0.49397,0.67502,0.44062,-0.32588,0.12097,-0.32175,0.35624,
1641629397571385088,4.23877,-5.31675,3.20572,-0.48845,0.67036,0.43535,-0.35001,0.19218,-0.20458,0.38290,
1641629397621386240,4.24560,-5.31882,3.22239,-0.48393,0.66746,0.42494,-0.37381,0.25753,-0.11280,0.27966,
1641629397671387136,4.25672,-5.31973,3.23130,-0.47687,0.67459,0.41557,-0.38056,0.32071,-0.07280,0.09302,
1641629397721385216,4.27252,-5.32028,3.22961,-0.47172,0.68813,0.40284,-0.37638,0.41390,-0.05088,-0.14036,
1641629397771385088,4.29593,-5.32250,3.21752,-0.46370,0.70601,0.39221,-0.36429,0.51189,-0.02123,-0.32550,
1641629397821385216,4.32124,-5.32033,3.19789,-0.44848,0.73293,0.37723,-0.34552,0.59507,0.00182,-0.41408,
1641629397871385344,4.35093,-5.31727,3.17609,-0.43642,0.76021,0.35419,-0.32583,0.68318,-0.00604,-0.40803,
1641629397921385216,4.38458,-5.31483,3.15641,-0.42519,0.78610,0.32960,-0.30435,0.74607,-0.03463,-0.32543,
1641629397971385344,4.42111,-5.31324,3.14225,-0.42149,0.80592,0.30264,-0.28505,0.78864,-0.06278,-0.19608,
1641629398021385216,4.45933,-5.31218,3.13473,-0.42237,0.82162,0.27988,-0.26118,0.79804,-0.07916,-0.04156,
1641629398051385088,4.48164,-5.30983,3.13353,-0.42708,0.82893,0.26525,-0.24517,0.78399,-0.08239,0.06164,
1641629398101385216,4.51742,-5.30907,3.13952,-0.44103,0.83780,0.23749,-0.21722,0.71783,-0.09416,0.24968,
1641629398151385344,4.54902,-5.31065,3.15490,-0.45374,0.84364,0.21252,-0.19292,0.61857,-0.14932,0.41378,
1641629398201385216,4.57591,-5.31750,3.17775,-0.47210,0.84093,0.19920,-0.17401,0.48546,-0.22491,0.52308,
1641629398251385088,4.59576,-5.32781,3.20455,-0.49271,0.83266,0.19559,-0.16018,0.34796,-0.28536,0.56268,
1641629398301385216,4.60894,-5.34075,3.23159,0.51577,-0.81964,-0.19631,0.15373,0.21313,-0.31539,0.53332,
1641629398351385088,4.61583,-5.35473,3.25551,0.53010,-0.80957,-0.19836,0.15571,0.09654,-0.32248,0.43977,
1641629398401385216,4.61752,-5.36933,3.27351,0.53522,-0.80302,-0.20463,0.16382,0.00319,-0.32154,0.29443,
1641629398441385216,4.61555,-5.38078,3.28176,0.53635,-0.79804,-0.21437,0.17178,-0.06062,-0.32197,0.14515,
1641629398491385344,4.61036,-5.39514,3.28384,0.53742,-0.78920,-0.23545,0.18140,-0.12498,-0.29562,-0.03195,
1641629398541385216,4.60163,-5.40710,3.27805,0.53309,-0.78430,-0.25504,0.18878,-0.18501,-0.24768,-0.16705,
1641629398591385088,4.58953,-5.41736,3.26690,0.52361,-0.78476,-0.26668,0.19713,-0.22974,-0.22676,-0.25475,
1641629398641385216,4.57558,-5.42844,3.25292,0.50644,-0.78807,-0.28094,0.20866,-0.25696,-0.24272,-0.29885,
1641629398691385344,4.56118,-5.44082,3.23765,-0.48687,0.78842,0.30305,-0.22251,-0.27554,-0.27380,-0.29867,
1641629398741385216,4.54577,-5.45445,3.22435,-0.46932,0.78566,0.32619,-0.23680,-0.29452,-0.29371,-0.22208,
1641629398791385088,4.52969,-5.46878,3.21616,-0.45428,0.78299,0.34231,-0.25174,-0.30073,-0.31007,-0.09616,
1641629398841385216,4.51399,-5.48322,3.21505,-0.44266,0.77655,0.35644,-0.27199,-0.26207,-0.31366,0.05532,
1641629398891385344,4.50148,-5.49817,3.22119,-0.43511,0.76502,0.37026,-0.29719,-0.19436,-0.30943,0.19011,
1641629398941385216,4.49243,-5.51236,3.23366,-0.42936,0.75173,0.38401,-0.32106,-0.11452,-0.28548,0.30645,
1641629398991385344,4.48755,-5.52505,3.25114,-0.43051,0.73650,0.39515,-0.34071,-0.02929,-0.25182,0.40048,
1641629399041385216,4.48579,-5.53545,3.27305,-0.44007,0.72137,0.39718,-0.35808,0.04286,-0.21938,0.46824,
1641629399091385088,4.48862,-5.54457,3.29653,-0.45204,0.70617,0.39813,-0.37213,0.11704,-0.19614,0.48229,
1641629399141385216,4.49504,-5.55297,3.31988,-0.46122,0.69327,0.40001,-0.38293,0.17056,-0.16351,0.45789,
1641629399191385344,4.50368,-5.55898,3.34092,-0.46865,0.68454,0.40246,-0.38704,0.22125,-0.12704,0.38777,
1641629399241386240,4.51443,-5.56312,3.35699,-0.48313,0.67748,0.39822,-0.38604,0.26542,-0.09137,0.27313,
1641629399271385088,4.52114,-5.56425,3.36342,-0.49075,0.67692,0.39295,-0.38280,0.28914,-0.06626,0.18885,
1641629399321385216,4.53531,-5.56563,3.36852,-0.49955,0.68083,0.38303,-0.37445,0.34087,-0.02938,0.03229,
1641629399371385344,4.55151,-5.56431,3.36561,0.50544,-0.68887,-0.37010,0.36472,0.37841,0.02276,-0.12566,
1641629399421385216,4.56890,-5.55877,3.35514,0.50255,-0.70424,-0.35759,0.35157,0.41429,0.09211,-0.25116,
1641629399471385344,4.58754,-5.55021,3.34011,-0.49359,0.72733,0.34114,-0.33314,0.45593,0.12195,-0.30489,
1641629399521385216,4.60924,-5.54211,3.32392,-0.48441,0.75318,0.32243,-0.30676,0.53751,0.06850,-0.28534,
1641629399571385088,4.63539,-5.53716,3.31111,-0.47679,0.77404,0.30688,-0.28170,0.61120,0.00240,-0.17097,
1641629399621385216,4.66359,-5.53489,3.30550,-0.47341,0.78945,0.28842,-0.26357,0.63490,-0.06103,-0.00001,
1641629399671385344,4.69218,-5.53632,3.30842,-0.47652,0.79813,0.26890,-0.25220,0.60803,-0.11456,0.15300,
1641629399721385216,4.71857,-5.54000,3.31813,-0.48349,0.80064,0.25631,-0.24396,0.54923,-0.14856,0.26883,
1641629399771385088,4.74122,-5.54488,3.33172,-0.49494,0.79939,0.24697,-0.23454,0.45672,-0.15173,0.31040,
1641629399821386240,4.75889,-5.54851,3.34559,0.50968,-0.79593,-0.24080,0.22076,0.35868,-0.12623,0.28647,
1641629399871385344,4.77074,-5.54935,3.35724,0.52590,-0.79244,-0.23263,0.20336,0.23460,-0.07512,0.24449,
1641629399921385216,4.77728,-5.55044,3.36759,0.53529,-0.79366,-0.21726,0.19069,0.09592,-0.08060,0.21533,
1641629399971386112,4.77721,-5.55465,3.37607,0.54067,-0.79317,-0.20054,0.19582,-0.04448,-0.15363,0.15533,
1641629400021385216,4.77098,-5.56355,3.38120,0.54103,-0.78747,-0.20162,0.21568,-0.15996,-0.23276,0.09659,
1641629400051385088,4.76497,-5.57027,3.38316,0.53798,-0.78332,-0.20839,0.23142,-0.21242,-0.25179,0.08578,
1641629400101385216,4.75270,-5.58237,3.38685,0.53501,-0.77339,-0.22016,0.25917,-0.25845,-0.25300,0.09174,
1641629400151385344,4.73941,-5.59434,3.39087,0.53304,-0.76331,-0.22887,0.28433,-0.26989,-0.23498,0.08549,
1641629400201385216,4.72544,-5.60506,3.39369,0.52662,-0.75605,-0.24614,0.30078,-0.23282,-0.21775,0.03700,
1641629400251385088,4.71368,-5.61468,3.39366,0.51815,-0.75164,-0.26912,0.30681,-0.16122,-0.19587,-0.01802,
1641629400301386240,4.70558,-5.62341,3.39018,0.51002,-0.75118,-0.28429,0.30788,-0.05230,-0.18980,-0.09188,
1641629400351385088,4.70377,-5.63173,3.38296,-0.49780,0.75440,0.30068,-0.30442,0.08324,-0.18190,-0.15043,
1641629400401385216,4.71008,-5.64004,3.37439,-0.48046,0.76281,0.31506,-0.29668,0.22320,-0.17282,-0.16104,
1641629400441385216,4.72064,-5.64676,3.36833,-0.46825,0.77195,0.31775,-0.28960,0.32110,-0.16448,-0.14081,
1641629400491385344,4.73859,-5.65486,3.36241,-0.45687,0.78529,0.31151,-0.27846,0.41587,-0.15745,-0.09117,
1641629400541385216,4.76046,-5.66252,3.35910,-0.45150,0.79832,0.29878,-0.26373,0.46253,-0.14079,-0.03273,
1641629400591385088,4.78295,-5.66885,3.35908,-0.44992,0.81187,0.27946,-0.24565,0.45596,-0.12919,0.02449,
1641629400641385216,4.80471,-5.67549,3.36110,-0.44403,0.82627,0.26099,-0.22802,0.41875,-0.14864,0.06296,
1641629400691385344,4.82364,-5.68271,3.36489,-0.44066,0.83569,0.24808,-0.21426,0.34753,-0.14571,0.09251,
1641629400741385216,4.83793,-5.68916,3.36967,-0.44104,0.84353,0.23671,-0.19468,0.24350,-0.12770,0.10750,
1641629400791385088,4.84657,-5.69484,3.37459,-0.44425,0.84826,0.22948,-0.17445,0.12286,-0.11716,0.09912,
1641629400841386240,4.84957,-5.70030,3.37797,-0.44789,0.84861,0.23233,-0.15896,0.00978,-0.10162,0.05053,
1641629400891385344,4.84712,-5.70436,3.37821,-0.45224,0.84485,0.24323,-0.15017,-0.09256,-0.06209,-0.02789,
1641629400941385216,4.84021,-5.70597,3.37382,-0.45279,0.84021,0.26054,-0.14540,-0.17229,-0.00564,-0.12565,
1641629400991385344,4.83002,-5.70453,3.36587,-0.44732,0.83752,0.27878,-0.14403,-0.22729,0.05282,-0.18574,
1641629401041385216,4.81748,-5.70055,3.35511,-0.43998,0.83637,0.29146,-0.14815,-0.26583,0.08737,-0.21797,
1641629401091385088,4.80294,-5.69426,3.34321,-0.43542,0.83365,0.29914,-0.16111,-0.29260,0.10318,-0.22969,
1641629401141385216,4.78733,-5.68785,3.33046,-0.43179,0.82824,0.30853,-0.17995,-0.32065,0.11337,-0.24779,
1641629401191386112,4.77020,-5.68120,3.31776,-0.42090,0.82414,0.31947,-0.20389,-0.34823,0.11082,-0.23941,
1641629401241386240,4.75155,-5.67588,3.30604,-0.41186,0.81703,0.33411,-0.22627,-0.35627,0.07602,-0.19878,
1641629401271385088,4.73963,-5.67239,3.30042,-0.40598,0.81138,0.34349,-0.24259,-0.35614,0.07746,-0.15231,
1641629401321385216,4.72106,-5.66737,3.29474,-0.39288,0.80380,0.35945,-0.26521,-0.32966,0.06055,-0.04647,
1641629401371385344,4.70524,-5.66297,3.29576,-0.38735,0.79409,0.36924,-0.28818,-0.26616,0.04969,0.10715,
1641629401421385216,4.69257,-5.65990,3.30518,-0.38065,0.78990,0.37253,-0.30394,-0.18623,0.01003,0.27834,
1641629401471385344,4.68540,-5.65888,3.32242,-0.38779,0.77824,0.37326,-0.32347,-0.07542,-0.01323,0.41169,
1641629401521385216,4.68310,-5.65816,3.34504,-0.39825,0.76286,0.37241,-0.34748,0.01925,-0.01486,0.49437,
1641629401571385088,4.68533,-5.65723,3.37058,-0.41392,0.74781,0.36556,-0.36854,0.10622,-0.00126,0.52441,
1641629401621385216,4.69158,-5.65549,3.39642,-0.43301,0.73523,0.35224,-0.38452,0.17650,0.01381,0.50270,
1641629401671385344,4.70140,-5.65329,3.41971,-0.45325,0.72671,0.33442,-0.39323,0.23802,0.02689,0.42984,
1641629401721386240,4.71376,-5.65080,3.43805,-0.46950,0.72417,0.31742,-0.39293,0.27440,0.02714,0.30841,
1641629401771385088,4.72741,-5.64868,3.44931,-0.47981,0.72905,0.30489,-0.38119,0.30300,0.02187,0.15378,
1641629401821385216,4.74299,-5.64643,3.45266,-0.48814,0.73697,0.29495,-0.36278,0.34734,0.02590,-0.00271,
1641629401871385344,4.76078,-5.64340,3.44884,-0.49357,0.74837,0.28124,-0.34240,0.38900,0.05354,-0.12729,
1641629401921385216,4.78070,-5.63892,3.43924,-0.49157,0.76446,0.26185,-0.32464,0.42960,0.08413,-0.23788,
1641629401971385344,4.80249,-5.63337,3.42554,-0.48290,0.78430,0.23823,-0.30810,0.47035,0.09664,-0.28484,
1641629402021385216,4.82628,-5.62801,3.41130,-0.47276,0.80446,0.21009,-0.29190,0.49348,0.08892,-0.26635,
1641629402051385088,4.84056,-5.62499,3.40345,-0.46850,0.81575,0.19319,-0.27880,0.49389,0.07217,-0.22920,
1641629402101385216,4.86484,-5.62175,3.39416,-0.46590,0.83169,0.16666,-0.25189,0.49805,0.02953,-0.11579,
1641629402151385344,4.88953,-5.62152,3.39107,-0.46943,0.84146,0.14569,-0.22441,0.49352,-0.02312,0.00917,
1641629402201385216,4.91282,-5.62300,3.39431,-0.47556,0.84664,0.13106,-0.19966,0.47198,-0.05197,0.14085,
1641629402251385088,4.93474,-5.62552,3.40362,-0.48418,0.84899,0.11950,-0.17464,0.43800,-0.06759,0.24943,
1641629402301385216,4.95479,-5.62877,3.41821,-0.49540,0.84892,0.10999,-0.14773,0.39070,-0.08463,0.35140,
1641629402351385088,4.97269,-5.63329,3.43732,0.50944,-0.84585,-0.10111,0.12161,0.33994,-0.10325,0.41935,
1641629402401385216,4.98787,-5.63843,3.45865,0.52738,-0.83908,-0.09413,0.09469,0.28079,-0.10808,0.44308,
1641629402441385216,4.99770,-5.64253,3.47590,0.54024,-0.83349,-0.08989,0.07320,0.22774,-0.09792,0.43849,
1641629402491385344,5.00683,-5.64695,3.49671,0.55450,-0.82642,-0.08541,0.04762,0.15938,-0.08633,0.40291,
1641629402541385216,5.01265,-5.65099,3.51516,0.56684,-0.81910,-0.08353,0.02811,0.09282,-0.07904,0.35082,
1641629402591385088,5.01538,-5.65484,3.53054,0.57764,-0.81187,-0.08255,0.01947,0.03844,-0.08161,0.28160,
1641629402641385216,5.01566,-5.65884,3.54242,0.58545,-0.80624,-0.08287,0.01881,-0.01802,-0.08181,0.20565,
1641629402691385344,5.01291,-5.66292,3.55052,0.59135,-0.80180,-0.08309,0.02278,-0.06782,-0.08853,0.12570,
1641629402741385216,5.00717,-5.66692,3.55419,0.59705,-0.79716,-0.08537,0.02811,-0.11419,-0.08811,0.02933,
1641629402791385088,4.99985,-5.67066,3.55372,0.60093,-0.79336,-0.09078,0.03484,-0.14365,-0.07549,-0.02811,
1641629402841385216,4.99060,-5.67308,3.55077,0.60358,-0.79014,-0.09622,0.04603,-0.18432,-0.04579,-0.07393,
1641629402891385344,4.97921,-5.67425,3.54586,0.60224,-0.78902,-0.10498,0.06110,-0.22412,-0.03751,-0.10279,
1641629402941385216,4.96597,-5.67525,3.54051,0.59667,-0.78932,-0.11761,0.08447,-0.26708,-0.02808,-0.09191,
1641629402981385216,4.95263,-5.67489,3.53632,0.58973,-0.79018,-0.12706,0.10812,-0.30766,-0.02451,-0.09209,
1641629403041385216,4.93131,-5.67554,3.52980,0.57833,-0.79023,-0.14563,0.14096,-0.35279,-0.04839,-0.09764,
1641629403091385088,4.91157,-5.67714,3.52366,0.56706,-0.78915,-0.16885,0.16486,-0.37608,-0.07492,-0.08303,
1641629403141385216,4.89142,-5.68027,3.51956,0.55493,-0.78656,-0.19551,0.18749,-0.38331,-0.10195,-0.04421,
1641629403181385216,4.87590,-5.68443,3.51805,0.54667,-0.78126,-0.22101,0.20476,-0.37095,-0.12726,-0.01896,
1641629403241385216,4.85475,-5.69336,3.51860,0.53459,-0.76870,-0.26042,0.23558,-0.31443,-0.16754,0.02631,
1641629403271385088,4.84565,-5.69856,3.51951,0.52872,-0.75976,-0.28027,0.25430,-0.27849,-0.17235,0.02986,
1641629403321385216,4.83282,-5.70725,3.52121,0.51833,-0.74488,-0.31010,0.28342,-0.22730,-0.16972,0.03833,
1641629403371385344,4.82263,-5.71521,3.52312,0.50851,-0.73134,-0.33288,0.30943,-0.17976,-0.14413,0.03706,
1641629403421385216,4.81449,-5.72171,3.52454,0.50190,-0.72078,-0.34969,0.32602,-0.14488,-0.10734,0.03330,
1641629403471387136,4.80833,-5.72613,3.52628,-0.49886,0.71528,0.35897,-0.33266,-0.10529,-0.05073,0.05353,
1641629403521385216,4.80437,-5.72750,3.52962,-0.49973,0.71495,0.35969,-0.33126,-0.04844,0.00236,0.08716,
1641629403571386368,4.80375,-5.72675,3.53422,0.50671,-0.71710,-0.35224,0.32394,0.02788,0.03843,0.10896,
1641629403621385216,4.80705,-5.72394,3.54065,0.51529,-0.72087,-0.33745,0.31771,0.10178,0.07141,0.14436,
1641629403671385344,4.81421,-5.71968,3.54746,0.52463,-0.72542,-0.31637,0.31375,0.17482,0.09455,0.12514,
1641629403721385216,4.82435,-5.71395,3.55222,0.53510,-0.73144,-0.29149,0.30611,0.21976,0.13017,0.07625,
1641629403771385088,4.83692,-5.70678,3.55428,0.54029,-0.74371,-0.26198,0.29386,0.25613,0.15751,0.00519,
1641629403821385216,4.85087,-5.69845,3.55209,0.54263,-0.75913,-0.23242,0.27433,0.28658,0.17157,-0.08522,
1641629403871385344,4.86688,-5.69084,3.54601,0.54268,-0.77482,-0.20339,0.25256,0.32086,0.15886,-0.14073,
1641629403921386240,4.88497,-5.68351,3.53757,0.54425,-0.78744,-0.17176,0.23286,0.34908,0.13962,-0.18863,
1641629403971385344,4.90370,-5.67657,3.52657,0.54728,-0.79729,-0.14072,0.21218,0.35284,0.13461,-0.22882,
1641629404021385216,4.92134,-5.66973,3.51493,0.54481,-0.80875,-0.11177,0.19135,0.33722,0.13445,-0.21882,
1641629404051385088,4.93154,-5.66585,3.50885,0.54185,-0.81530,-0.09592,0.18022,0.32520,0.13234,-0.18993,
1641629404101389056,4.94737,-5.65966,3.50070,0.53756,-0.82475,-0.06991,0.16105,0.29863,0.11794,-0.13937,
1641629404151385344,4.96176,-5.65438,3.49563,0.53461,-0.83242,-0.04628,0.13827,0.26848,0.10276,-0.05589,
1641629404201385216,4.97468,-5.65011,3.49536,0.53209,-0.83812,-0.02719,0.11701,0.23863,0.07571,0.04218,
1641629404251386112,4.98615,-5.64750,3.49975,0.53362,-0.84006,-0.01034,0.09714,0.21982,0.03662,0.13388,
1641629404301385216,4.99672,-5.64697,3.50834,0.54075,-0.83764,0.00803,0.07663,0.19906,-0.00611,0.21155,
1641629404351385088,5.00587,-5.64856,3.52034,0.55199,-0.83150,0.02769,0.05600,0.17528,-0.05335,0.27101,
1641629404401385216,5.01416,-5.65260,3.53429,0.56923,-0.82000,0.04520,0.03919,0.15551,-0.09913,0.28911,
1641629404441385216,5.02060,-5.65719,3.54576,0.58403,-0.80915,0.05836,0.02798,0.14696,-0.11611,0.28536,
1641629404501385216,5.03002,-5.66482,3.56130,0.60732,-0.79037,0.07973,0.01068,0.15094,-0.12249,0.22740,
1641629404551385088,5.03853,-5.67090,3.57099,0.62354,-0.77512,0.10174,-0.00619,0.16813,-0.10022,0.15783,
1641629404601385216,5.04852,-5.67579,3.57647,0.63580,-0.76068,0.12808,-0.02681,0.19376,-0.06767,0.06993,
1641629404641385216,5.05789,-5.67855,3.57765,0.64130,-0.75082,0.15203,-0.04346,0.21346,-0.05026,-0.00179,
1641629404691385344,5.07042,-5.68114,3.57531,0.64416,-0.74038,0.18198,-0.06145,0.23633,-0.03271,-0.08340,
1641629404741385216,5.08391,-5.68276,3.56923,0.64292,-0.73175,0.21235,-0.07818,0.24815,-0.01049,-0.15759,
1641629404791385088,5.09751,-5.68360,3.56037,0.63877,-0.72467,0.24092,-0.09371,0.24875,0.00436,-0.20425,
1641629404841385216,5.11033,-5.68384,3.54873,0.63339,-0.71717,0.26827,-0.11188,0.22801,0.01469,-0.26197,
1641629404881385216,5.12005,-5.68363,3.53790,0.62723,-0.71251,0.28770,-0.12703,0.21476,0.02619,-0.28696,
1641629404941385216,5.13270,-5.68194,3.51999,0.61366,-0.71179,0.30985,-0.14412,0.19053,0.05414,-0.30656,
1641629404981385216,5.14066,-5.68015,3.50814,0.60135,-0.71673,0.31903,-0.15134,0.17886,0.07401,-0.28910,
1641629405041387264,5.15120,-5.67624,3.49333,0.58121,-0.72908,0.32509,-0.15794,0.15687,0.08298,-0.19864,
1641629405091385088,5.15936,-5.67307,3.48725,0.56678,-0.73735,0.32909,-0.16364,0.13561,0.07547,-0.05754,
1641629405141385216,5.16565,-5.67152,3.48825,0.55985,-0.73826,0.33289,-0.17527,0.08057,0.05389,0.08330,
1641629405181385216,5.16819,-5.67075,3.49393,0.56045,-0.73668,0.33105,-0.18330,0.02514,0.03865,0.18164,
1641629405241385216,5.16788,-5.66950,3.50834,0.56841,-0.73307,0.31928,-0.19386,-0.03144,0.03771,0.28787,
1641629405271385088,5.16663,-5.66872,3.51735,0.57475,-0.72952,0.31268,-0.19921,-0.05042,0.03398,0.31422,
1641629405321385216,5.16379,-5.66855,3.53371,0.58826,-0.71958,0.30346,-0.20990,-0.06696,0.03545,0.33047,
1641629405371385344,5.15986,-5.66836,3.55021,0.60067,-0.70980,0.29773,-0.21618,-0.08694,0.04424,0.31779,
1641629405421385216,5.15439,-5.66753,3.56534,0.61263,-0.70149,0.29098,-0.21893,-0.11999,0.05647,0.27802,
1641629405471385344,5.14733,-5.66605,3.57793,0.62380,-0.69570,0.28172,-0.21797,-0.15650,0.06960,0.21251,
1641629405521385216,5.13852,-5.66395,3.58684,0.63314,-0.69251,0.27050,-0.21540,-0.19024,0.08162,0.12963,
1641629405571385088,5.12855,-5.66048,3.59121,0.64158,-0.69084,0.25731,-0.21191,-0.20296,0.10219,0.03236,
1641629405621385216,5.11833,-5.65550,3.59089,0.64529,-0.69309,0.24522,-0.20761,-0.20012,0.12877,-0.05621,
1641629405671385344,5.10849,-5.64911,3.58652,0.64521,-0.69879,0.23447,-0.20104,-0.19210,0.15278,-0.13393,
1641629405721385216,5.09931,-5.64163,3.57840,0.64332,-0.70660,0.22425,-0.19121,-0.17943,0.17070,-0.21006,
1641629405771385088,5.09118,-5.63344,3.56710,0.63900,-0.71752,0.21304,-0.17737,-0.14428,0.18996,-0.26317,
1641629405821385216,5.08509,-5.62419,3.55334,0.62904,-0.73167,0.20552,-0.16352,-0.10041,0.19865,-0.30783,
1641629405871385344,5.08101,-5.61568,3.53765,0.61576,-0.74734,0.20010,-0.14927,-0.05307,0.16137,-0.33940,
1641629405921385216,5.07956,-5.60888,3.52060,0.60249,-0.76088,0.19883,-0.13613,0.00683,0.13031,-0.35842,
1641629405971385344,5.08109,-5.60359,3.50315,0.58812,-0.77213,0.20339,-0.12867,0.06704,0.08320,-0.35407,
1641629406021385216,5.08586,-5.60012,3.48666,0.57282,-0.78197,0.21171,-0.12482,0.13020,0.04276,-0.31371,
1641629406051385088,5.09017,-5.59887,3.47801,0.56388,-0.78675,0.21859,-0.12361,0.16430,0.01168,-0.27773,
1641629406101385216,5.09970,-5.59909,3.46656,0.55034,-0.79236,0.23216,-0.12404,0.21693,-0.02893,-0.17942,
1641629406151385344,5.11125,-5.60090,3.46135,0.53955,-0.79354,0.24955,-0.13000,0.23370,-0.05195,-0.02574,
1641629406201385216,5.12236,-5.60375,3.46466,0.53612,-0.78931,0.26619,-0.13677,0.19156,-0.06803,0.14954,
1641629406251385088,5.13008,-5.60754,3.47619,0.54339,-0.78006,0.27547,-0.14265,0.10240,-0.08196,0.29626,
1641629406301385216,5.13291,-5.61152,3.49344,0.55928,-0.76788,0.27481,-0.14849,-0.00712,-0.07066,0.37510,
1641629406351385088,5.13019,-5.61479,3.51293,0.57823,-0.75637,0.26457,-0.15347,-0.11538,-0.03641,0.39257,
1641629406401385216,5.12218,-5.61602,3.53212,0.59763,-0.74652,0.24802,-0.15502,-0.21285,0.00191,0.36273,
1641629406451385344,5.10955,-5.61522,3.54900,0.61562,-0.73918,0.22690,-0.15214,-0.29179,0.05047,0.30856,
1641629406491385344,5.09677,-5.61292,3.56058,0.62831,-0.73477,0.20912,-0.14701,-0.34956,0.08910,0.25785,
1641629406541385216,5.07754,-5.60816,3.57156,0.64316,-0.73052,0.18424,-0.13692,-0.41757,0.11791,0.16994,
1641629406601385216,5.05082,-5.60130,3.57803,0.66039,-0.72658,0.14501,-0.12225,-0.46508,0.14202,0.04274,
1641629406641385216,5.03187,-5.59591,3.57853,0.66779,-0.72648,0.11695,-0.11228,-0.47684,0.16360,-0.03018,
1641629406691385344,5.00796,-5.58789,3.57496,0.67234,-0.72869,0.08400,-0.09957,-0.47719,0.17482,-0.11779,
1641629406741385216,4.98397,-5.57974,3.56760,0.67208,-0.73424,0.05432,-0.07912,-0.47822,0.16718,-0.18622,
1641629406801385216,4.95489,-5.57140,3.55449,0.66310,-0.74745,0.01508,-0.03738,-0.48205,0.12513,-0.25380,
1641629406851385088,4.93068,-5.56618,3.54112,0.65074,-0.75889,-0.02340,0.00864,-0.48045,0.09623,-0.28410,
1641629406881385216,4.91595,-5.56377,3.53269,0.64104,-0.76514,-0.04695,0.03777,-0.48623,0.07627,-0.28335,
1641629406931385344,4.89159,-5.56102,3.51894,0.62500,-0.77079,-0.08774,0.08691,-0.48122,0.03630,-0.26574,
1641629406981385216,4.86739,-5.56025,3.50632,0.61061,-0.77063,-0.12587,0.13207,-0.47952,-0.00308,-0.23549,
1641629407031385088,4.84387,-5.56187,3.49564,0.60022,-0.76301,-0.16164,0.17727,-0.44890,-0.04993,-0.19772,
1641629407081385216,4.82194,-5.56596,3.48633,0.58731,-0.75324,-0.19469,0.22315,-0.41254,-0.10720,-0.19290,
1641629407131385344,4.80233,-5.57271,3.47650,0.57094,-0.73975,-0.23608,0.26659,-0.36223,-0.13882,-0.20851,
1641629407181385216,4.78477,-5.57960,3.46582,0.54897,-0.72808,-0.27551,0.30436,-0.33712,-0.12696,-0.22938,
1641629407231385344,4.76881,-5.58588,3.45339,0.52719,-0.72133,-0.31237,0.32277,-0.29146,-0.11262,-0.27033,
1641629407271385088,4.75803,-5.58962,3.44225,0.51227,-0.71851,-0.33832,0.32689,-0.25468,-0.07330,-0.28480,
1641629407321385216,4.74686,-5.59264,3.42750,-0.49049,0.72238,0.36375,-0.32445,-0.18146,-0.05276,-0.30163,
1641629407371385344,4.74063,-5.59513,3.41271,-0.47124,0.72392,0.38415,-0.32604,-0.06339,-0.03238,-0.28597,
1641629407421385216,4.74002,-5.59646,3.39908,-0.45140,0.72666,0.39600,-0.33374,0.04319,-0.00497,-0.25806,
1641629407471385344,4.74473,-5.59713,3.38715,-0.43879,0.72912,0.39956,-0.34087,0.15338,0.01364,-0.21636,
1641629407521385216,4.75375,-5.59737,3.37756,-0.43013,0.73206,0.39943,-0.34574,0.22413,0.03570,-0.16136,
1641629407571385088,4.76632,-5.59647,3.37149,-0.42539,0.73855,0.39222,-0.34605,0.29094,0.04659,-0.07504,
1641629407621385216,4.78219,-5.59582,3.36970,-0.42457,0.74609,0.38122,-0.34315,0.35161,0.03287,0.01137,
1641629407671385344,4.80048,-5.59601,3.37262,-0.42776,0.75198,0.36994,-0.33867,0.38611,0.01346,0.10459,
1641629407721385216,4.81968,-5.59770,3.37920,-0.43472,0.75793,0.35847,-0.32874,0.39675,-0.01691,0.15940,
1641629407771385088,4.83890,-5.60187,3.38836,-0.44590,0.76350,0.34772,-0.31198,0.39078,-0.04832,0.21568,
1641629407821385216,4.85792,-5.60749,3.40032,-0.45872,0.76871,0.33490,-0.29410,0.36442,-0.06528,0.26388,
1641629407871385344,4.87508,-5.61200,3.41458,-0.47314,0.77541,0.31549,-0.27451,0.30898,-0.06165,0.30387,
1641629407921385216,4.88934,-5.61602,3.43006,-0.49061,0.77945,0.29243,-0.25738,0.23914,-0.07289,0.31213,
1641629407971385344,4.89988,-5.62023,3.44514,0.50767,-0.77830,-0.27487,0.24693,0.15255,-0.07306,0.29571,
1641629408021385216,4.90550,-5.62371,3.45914,0.52295,-0.77372,-0.26228,0.24309,0.05347,-0.06070,0.25159,
1641629408051385088,4.90728,-5.62593,3.46604,0.53157,-0.76913,-0.25882,0.24265,-0.00194,-0.05508,0.21059,
1641629408101385216,4.90583,-5.62814,3.47451,0.54428,-0.75980,-0.25818,0.24454,-0.09290,-0.03776,0.13423,
1641629408151385344,4.90007,-5.62937,3.47852,0.55499,-0.74926,-0.26223,0.24866,-0.17307,-0.02238,0.02550,
1641629408201385216,4.89069,-5.62990,3.47715,0.55774,-0.74012,-0.27529,0.25566,-0.23299,-0.00546,-0.07946,
1641629408251385088,4.87854,-5.62912,3.47081,0.55220,-0.73400,-0.29301,0.26546,-0.27625,0.02599,-0.17264,
1641629408301385216,4.86442,-5.62661,3.46060,0.54068,-0.73275,-0.30952,0.27374,-0.30715,0.06304,-0.23940,
1641629408351385088,4.84892,-5.62247,3.44778,0.52756,-0.73354,-0.32203,0.28267,-0.31922,0.09359,-0.28554,
1641629408401385216,4.83306,-5.61708,3.43292,0.51115,-0.73603,-0.33391,0.29240,-0.32310,0.11618,-0.31332,
1641629408441385216,4.82013,-5.61210,3.42054,-0.49588,0.73950,0.33982,-0.30294,-0.33030,0.12868,-0.32518,
1641629408491385344,4.80352,-5.60602,3.40416,-0.47398,0.74381,0.34576,-0.32021,-0.33570,0.10733,-0.33742,
1641629408541385216,4.78627,-5.60159,3.38798,-0.45000,0.74849,0.34840,-0.34041,-0.34818,0.06610,-0.32345,
1641629408591385088,4.76829,-5.60008,3.37261,-0.42838,0.75027,0.35227,-0.35986,-0.35453,-0.00184,-0.30240,
1641629408641385216,4.75023,-5.60210,3.35969,-0.40918,0.75167,0.36277,-0.36873,-0.33484,-0.06273,-0.20360,
1641629408691385344,4.73412,-5.60645,3.35374,-0.39142,0.75141,0.37436,-0.37687,-0.28218,-0.09828,-0.03873,
1641629408741385216,4.72174,-5.61240,3.35575,-0.38229,0.74360,0.38796,-0.38782,-0.19823,-0.12184,0.11565,
1641629408791385088,4.71340,-5.61849,3.36496,-0.38396,0.72822,0.40099,-0.40183,-0.12538,-0.11381,0.24605,
1641629408841385216,4.70882,-5.62364,3.37945,-0.39200,0.71030,0.41084,-0.41596,-0.06324,-0.08964,0.33205,
1641629408891385344,4.70726,-5.62728,3.39763,-0.40020,0.69385,0.41484,-0.43165,-0.01076,-0.06150,0.38586,
1641629408941385216,4.70833,-5.62966,3.41701,-0.40974,0.67772,0.41537,-0.44753,0.03322,-0.04264,0.37461,
1641629408991385344,4.71135,-5.63119,3.43498,-0.42003,0.66377,0.41492,-0.45917,0.06620,-0.02238,0.33023,
1641629409041385216,4.71571,-5.63166,3.44987,-0.43112,0.65345,0.41521,-0.46339,0.09112,0.00072,0.25049,
1641629409091386368,4.72090,-5.63052,3.46055,-0.44526,0.64642,0.41426,-0.46074,0.11294,0.04254,0.17164,
1641629409141385216,4.72748,-5.62710,3.46740,-0.45992,0.64572,0.40524,-0.45530,0.13922,0.08387,0.08389,
1641629409191385344,4.73549,-5.62162,3.46895,-0.47286,0.65090,0.39141,-0.44668,0.16594,0.11997,-0.02931,
1641629409241385216,4.74507,-5.61445,3.46551,-0.48018,0.66338,0.37001,-0.43868,0.18978,0.14344,-0.12096,
1641629409271385088,4.75154,-5.61010,3.46134,-0.48147,0.67358,0.35400,-0.43492,0.19680,0.13822,-0.18413,
1641629409321385216,4.76193,-5.60364,3.44967,-0.47735,0.69192,0.33192,-0.42804,0.19740,0.11011,-0.28774,
1641629409371385344,4.77143,-5.59874,3.43453,-0.46591,0.71148,0.31575,-0.42075,0.18932,0.07334,-0.33005,
1641629409421385216,4.78057,-5.59619,3.41795,-0.45718,0.72816,0.30389,-0.41040,0.17833,0.02845,-0.34005,
1641629409471385344,4.78909,-5.59534,3.40283,-0.44717,0.74522,0.29431,-0.39757,0.17400,-0.00124,-0.28701,
1641629409521385216,4.79798,-5.59593,3.39031,-0.43942,0.75942,0.28645,-0.38489,0.19210,-0.04325,-0.23837,
1641629409571385088,4.80834,-5.59828,3.38080,-0.43510,0.76887,0.28144,-0.37458,0.22924,-0.07761,-0.15904,
1641629409621385216,4.82031,-5.60175,3.37540,-0.43343,0.77378,0.27719,-0.36955,0.24826,-0.10128,-0.08437,
1641629409671387136,4.83339,-5.60612,3.37353,-0.43306,0.77648,0.27437,-0.36640,0.26896,-0.11713,-0.01184,
1641629409721385216,4.84700,-5.61123,3.37466,-0.43659,0.77868,0.27020,-0.36062,0.26729,-0.12667,0.03746,
1641629409771385088,4.86001,-5.61772,3.37778,-0.44646,0.78129,0.26569,-0.34593,0.25631,-0.12470,0.09130,
1641629409821385216,4.87218,-5.62239,3.38428,-0.45853,0.78573,0.25950,-0.32410,0.23504,-0.10455,0.16100,
1641629409871385344,4.88315,-5.62638,3.39435,-0.47231,0.79011,0.25194,-0.29861,0.20861,-0.09254,0.22557,
1641629409921385216,4.89293,-5.63076,3.40723,-0.48697,0.79210,0.24521,-0.27444,0.17545,-0.08507,0.27399,
1641629409971385344,4.90113,-5.63518,3.42169,0.50172,-0.79107,-0.23891,0.25574,0.13183,-0.07898,0.28004,
1641629410021385216,4.90727,-5.63932,3.43524,0.51533,-0.78758,-0.23413,0.24361,0.08304,-0.07268,0.23850,
1641629410051385088,4.90991,-5.64184,3.44222,0.52137,-0.78516,-0.23387,0.23875,0.05123,-0.07182,0.19635,
1641629410101388288,4.91164,-5.64561,3.45063,0.52585,-0.78230,-0.23823,0.23393,-0.00595,-0.06370,0.12719,
1641629410151385344,4.91020,-5.64850,3.45502,0.52557,-0.78104,-0.24555,0.23123,-0.05911,-0.05169,0.05165,
1641629410201388032,4.90754,-5.65092,3.45600,0.52345,-0.78062,-0.25413,0.22815,-0.09371,-0.03177,-0.01463,
1641629410251386112,4.90166,-5.65193,3.45414,0.51870,-0.78278,-0.26134,0.22339,-0.12213,-0.01675,-0.06461,
1641629410301385216,4.89510,-5.65252,3.45014,0.51426,-0.78430,-0.26793,0.22052,-0.13089,-0.00805,-0.10376,
1641629410351385088,4.88989,-5.65218,3.44419,0.50770,-0.78522,-0.27617,0.22226,-0.12827,0.00526,-0.13766,
1641629410401385216,4.88351,-5.65165,3.43705,-0.49968,0.78723,0.28160,-0.22647,-0.12346,0.02110,-0.14466,
1641629410441385216,4.88025,-5.64992,3.43196,-0.49276,0.78968,0.28263,-0.23177,-0.11396,0.03097,-0.14608,
1641629410491385344,4.87615,-5.64734,3.42569,-0.48323,0.79308,0.28411,-0.23830,-0.09731,0.03346,-0.14403,
1641629410541385216,4.87148,-5.64602,3.41866,-0.47437,0.79621,0.28462,-0.24497,-0.08259,0.02904,-0.13172,
1641629410591386368,4.86930,-5.64353,3.41426,-0.46586,0.79870,0.28590,-0.25161,-0.06219,0.02413,-0.10897,
1641629410641385216,4.86791,-5.64130,3.41151,-0.45954,0.80142,0.28473,-0.25590,-0.04824,0.01523,-0.08249,
1641629410701385216,4.86550,-5.63929,3.40880,-0.45667,0.80167,0.28392,-0.26110,-0.03916,0.00510,-0.06433,
1641629410741385216,4.86365,-5.63920,3.40573,-0.45578,0.80006,0.28508,-0.26625,-0.04263,0.00322,-0.06698,
1641629410791386112,4.86042,-5.63742,3.40351,-0.45195,0.79943,0.28635,-0.27325,-0.05647,0.01573,-0.06084,
1641629410841386240,4.85735,-5.63678,3.40009,-0.44778,0.79902,0.28697,-0.28053,-0.06714,0.01392,-0.07382,
1641629410891388160,4.85286,-5.63433,3.39628,-0.44340,0.79921,0.28906,-0.28478,-0.07590,0.01419,-0.07556,
1641629410941386240,4.84891,-5.63399,3.39255,-0.44074,0.79926,0.28928,-0.28853,-0.08814,0.00882,-0.07921,
1641629410981386240,4.84521,-5.63072,3.38880,-0.43974,0.79795,0.29087,-0.29206,-0.09998,0.00826,-0.08826,
1641629411041385216,4.83849,-5.63046,3.38318,-0.43769,0.79447,0.29362,-0.30171,-0.13327,0.00449,-0.10248,
1641629411091385088,4.83103,-5.63042,3.37757,-0.43405,0.79036,0.29914,-0.31217,-0.16849,0.00365,-0.11927,
1641629411141386240,4.82148,-5.62661,3.37100,-0.42859,0.78642,0.30601,-0.32282,-0.20478,0.01687,-0.14202,
1641629411191385344,4.81011,-5.62236,3.36364,-0.42240,0.78338,0.31357,-0.33101,-0.23135,0.03925,-0.15523,
1641629411241385216,4.79785,-5.61791,3.35567,-0.41570,0.78007,0.32234,-0.33880,-0.24627,0.04710,-0.17412,
1641629411271386112,4.78981,-5.61442,3.35074,-0.41081,0.77804,0.32961,-0.34240,-0.25309,0.03885,-0.18145,
1641629411321385216,4.77687,-5.61112,3.34257,-0.40129,0.77251,0.34589,-0.35007,-0.24779,0.02888,-0.16375,
1641629411371385344,4.76407,-5.60827,3.33623,-0.39035,0.76720,0.35987,-0.35990,-0.25451,0.03129,-0.11632,
1641629411421385216,4.75138,-5.60653,3.33256,-0.38225,0.76354,0.37190,-0.36412,-0.24571,0.01108,-0.05889,
1641629411471387136,4.73968,-5.60629,3.33216,-0.37880,0.75995,0.38297,-0.36376,-0.21436,-0.01033,0.02495,
1641629411521385216,4.73016,-5.60748,3.33703,-0.38165,0.75399,0.39237,-0.36317,-0.15668,-0.02871,0.14001,
1641629411571385088,4.72344,-5.60929,3.34699,-0.39064,0.74482,0.39955,-0.36469,-0.09303,-0.04082,0.24037,
1641629411621386240,4.71960,-5.61151,3.36093,-0.40474,0.73238,0.40596,-0.36742,-0.03436,-0.03728,0.31696,
1641629411671385344,4.71834,-5.61312,3.37747,-0.42128,0.72067,0.40808,-0.36964,0.01470,-0.02038,0.35720,
1641629411721385216,4.71921,-5.61392,3.39542,-0.43881,0.71312,0.40364,-0.36876,0.05765,-0.00746,0.37266,
1641629411771385088,4.72262,-5.61441,3.41354,-0.45835,0.70665,0.39405,-0.36781,0.11197,-0.01376,0.36505,
1641629411821385216,4.72835,-5.61502,3.43065,-0.47710,0.69890,0.38326,-0.37017,0.15680,-0.02451,0.33261,
1641629411871385344,4.73611,-5.61612,3.44560,-0.49388,0.69131,0.37242,-0.37346,0.18825,-0.03972,0.27361,
1641629411921385216,4.74511,-5.61788,3.45758,0.50703,-0.68639,-0.36275,0.37443,0.20610,-0.05020,0.21923,
1641629411971385344,4.75490,-5.62047,3.46658,0.51786,-0.68506,-0.35328,0.37109,0.21988,-0.06899,0.14152,
1641629412021385216,4.76531,-5.62401,3.47165,0.52846,-0.68393,-0.34857,0.36258,0.22969,-0.07330,0.06640,
1641629412051385088,4.77122,-5.62588,3.47313,0.53342,-0.68374,-0.34719,0.35696,0.22934,-0.06137,0.02893,
1641629412101385216,4.78179,-5.62807,3.47326,0.53777,-0.68724,-0.34524,0.34541,0.23135,-0.03013,-0.02439,
1641629412151385344,4.79376,-5.62872,3.47079,0.53995,-0.69388,-0.33982,0.33393,0.23327,0.00665,-0.07919,
1641629412201385216,4.80412,-5.62725,3.46546,0.53948,-0.70324,-0.33403,0.32068,0.22474,0.04068,-0.14156,
1641629412251385088,4.81388,-5.62416,3.45761,0.53766,-0.71396,-0.32802,0.30593,0.22758,0.05999,-0.17926,
1641629412301385216,4.82442,-5.62083,3.44870,0.52989,-0.72808,-0.31924,0.29530,0.24419,0.05827,-0.19128,
1641629412351385088,4.83666,-5.61883,3.43953,0.52199,-0.73829,-0.30944,0.29446,0.27777,0.00621,-0.20823,
1641629412401386240,4.85103,-5.62026,3.42934,0.52086,-0.73980,-0.30315,0.29916,0.30641,-0.06663,-0.22262,
1641629412441385216,4.86323,-5.62414,3.42060,0.52027,-0.73952,-0.29964,0.30439,0.31679,-0.13483,-0.22289,
1641629412491386112,4.87951,-5.63292,3.40967,0.51044,-0.74328,-0.29175,0.31918,0.34151,-0.21433,-0.23365,
1641629412541385216,4.89717,-5.64515,3.39570,0.51042,-0.73618,-0.29804,0.32969,0.35039,-0.25727,-0.32226,
1641629412591385088,4.91292,-5.65741,3.37835,0.52235,-0.72971,-0.30494,0.31889,0.28518,-0.23912,-0.36627,
1641629412651385344,4.92733,-5.66946,3.35567,0.54268,-0.72848,-0.29998,0.29127,0.19892,-0.16400,-0.38189,
1641629412691385344,4.93376,-5.67445,3.34079,0.54975,-0.73325,-0.29240,0.27319,0.11691,-0.08164,-0.35501,
1641629412741385216,4.93741,-5.67560,3.32472,0.54566,-0.74855,-0.27334,0.25926,0.02881,0.00217,-0.28619,
1641629412791385088,4.93761,-5.67473,3.31109,0.53735,-0.76302,-0.24452,0.26320,-0.02143,0.00379,-0.26711,
1641629412841385216,4.93545,-5.67459,3.29760,0.52976,-0.76696,-0.23148,0.27847,-0.06961,-0.00606,-0.27020,
1641629412891385344,4.92977,-5.67381,3.28480,0.52044,-0.76663,-0.23414,0.29428,-0.15924,0.03991,-0.22928,
1641629412941385216,4.91954,-5.67058,3.27446,0.51061,-0.76831,-0.23952,0.30266,-0.24584,0.07914,-0.19510,
1641629412991386112,4.90596,-5.66562,3.26469,0.50789,-0.76626,-0.24905,0.30474,-0.29454,0.11396,-0.18919,
1641629413041386240,4.89052,-5.65878,3.25501,0.50903,-0.76208,-0.25336,0.30973,-0.32548,0.15086,-0.19673,
1641629413091385088,4.87421,-5.65040,3.24494,0.50127,-0.76171,-0.25870,0.31874,-0.34193,0.17434,-0.20805,
1641629413141385216,4.85661,-5.64148,3.23422,-0.48703,0.76194,0.26907,-0.33145,-0.35954,0.18167,-0.21555,
1641629413191386112,4.83819,-5.63243,3.22467,-0.47071,0.76305,0.27901,-0.34402,-0.36727,0.17018,-0.17183,
1641629413241385216,4.81987,-5.62403,3.21816,-0.45954,0.76136,0.28454,-0.35805,-0.35592,0.15417,-0.08458,
1641629413271388416,4.80890,-5.61929,3.21699,-0.45268,0.76042,0.28611,-0.36739,-0.34709,0.13481,-0.00613,
1641629413321386240,4.79210,-5.61352,3.21945,-0.44402,0.75438,0.29178,-0.38552,-0.30766,0.08946,0.09971,
1641629413371385344,4.77700,-5.60926,3.22699,-0.44246,0.74190,0.30213,-0.40314,-0.28239,0.06542,0.19588,
1641629413421385216,4.76331,-5.60611,3.23937,-0.44528,0.72899,0.31482,-0.41376,-0.23784,0.04720,0.28676,
1641629413471385344,4.75264,-5.60355,3.25579,-0.45480,0.71501,0.32450,-0.42026,-0.17846,0.04581,0.35296,
1641629413521385216,4.74523,-5.60097,3.27480,-0.46713,0.70208,0.33075,-0.42364,-0.09711,0.04300,0.38735,
1641629413571385088,4.74211,-5.59844,3.29455,-0.48245,0.68917,0.33295,-0.42594,-0.02286,0.05882,0.38481,
1641629413621385216,4.74275,-5.59510,3.31318,-0.49756,0.67940,0.33215,-0.42488,0.05692,0.07813,0.34945,
1641629413671385344,4.74675,-5.59042,3.32893,0.51542,-0.67127,-0.32627,0.42105,0.11398,0.10212,0.28194,
1641629413721385216,4.75306,-5.58499,3.34107,0.52766,-0.67088,-0.32107,0.41038,0.16271,0.11043,0.20774,
1641629413771385088,4.76189,-5.57978,3.34945,0.53847,-0.67349,-0.31425,0.39712,0.21161,0.09968,0.12867,
1641629413821385216,4.77288,-5.57509,3.35436,0.54595,-0.67903,-0.30737,0.38258,0.24678,0.08701,0.06827,
1641629413871385344,4.78571,-5.57115,3.35681,0.55230,-0.68698,-0.29842,0.36601,0.27463,0.07729,0.01827,
1641629413921385216,4.80002,-5.56769,3.35703,0.55982,-0.69506,-0.28729,0.34779,0.30192,0.06877,-0.01801,
1641629413971385344,4.81536,-5.56459,3.35610,0.56683,-0.70414,-0.27223,0.32983,0.32379,0.05585,-0.04665,
1641629414021385216,4.83173,-5.56219,3.35268,0.57178,-0.71288,-0.25894,0.31276,0.33421,0.04692,-0.11271,
1641629414051385088,4.84138,-5.56058,3.34927,0.57264,-0.71946,-0.25116,0.30229,0.32602,0.05529,-0.15501,
1641629414101385216,4.85698,-5.55750,3.34008,0.57044,-0.73447,-0.23817,0.28004,0.31295,0.05530,-0.24049,
1641629414151385344,4.87146,-5.55437,3.32710,0.57058,-0.74818,-0.22037,0.25711,0.27820,0.04765,-0.30700,
1641629414201385216,4.88372,-5.55220,3.31089,0.56560,-0.76332,-0.20379,0.23643,0.22089,0.01443,-0.35854,
1641629414251385088,4.89272,-5.55225,3.29292,0.55681,-0.77642,-0.19107,0.22500,0.13612,-0.03720,-0.39166,
1641629414301385216,4.89670,-5.55473,3.27317,0.54641,-0.78644,-0.18974,0.21670,0.02570,-0.08720,-0.41554,
1641629414351385088,4.89526,-5.55943,3.25246,0.53228,-0.79631,-0.19686,0.20932,-0.07525,-0.12982,-0.42198,
1641629414401385216,4.88951,-5.56622,3.23261,0.51576,-0.80492,-0.20746,0.20749,-0.15297,-0.16291,-0.37901,
1641629414441385216,4.88276,-5.57237,3.21834,0.50088,-0.81054,-0.21531,0.21399,-0.19725,-0.17344,-0.34088,
1641629414491385344,4.87199,-5.58063,3.20317,-0.48255,0.81513,0.22518,-0.22804,-0.24402,-0.17201,-0.26460,
1641629414541386240,4.85888,-5.58846,3.19218,-0.46821,0.81673,0.23077,-0.24594,-0.28587,-0.15861,-0.17321,
1641629414601385216,4.84119,-5.59725,3.18532,-0.45091,0.81545,0.24570,-0.26712,-0.30993,-0.14436,-0.04823,
1641629414651385344,4.82558,-5.60353,3.18604,-0.44394,0.80833,0.26549,-0.28114,-0.31935,-0.11582,0.08001,
1641629414691385344,4.81307,-5.60756,3.19114,-0.44576,0.79943,0.27865,-0.29080,-0.31045,-0.09579,0.17956,
1641629414741385216,4.79851,-5.61168,3.20303,-0.45337,0.78468,0.29479,-0.30304,-0.27308,-0.07336,0.29367,
1641629414791385088,4.78616,-5.61461,3.21984,-0.46367,0.76800,0.30828,-0.31646,-0.22263,-0.05358,0.37563,
1641629414841385216,4.77657,-5.61655,3.23977,-0.47478,0.75112,0.32034,-0.32831,-0.16101,-0.04225,0.41550,
1641629414881386240,4.77099,-5.61759,3.25686,-0.48427,0.73782,0.32996,-0.33502,-0.10908,-0.03658,0.43706,
1641629414931385344,4.76691,-5.61864,3.27918,0.50118,-0.72010,-0.33613,0.34248,-0.04521,-0.02784,0.44789,
1641629414981385216,4.76551,-5.61903,3.30157,0.51675,-0.70529,-0.34096,0.34537,0.00853,-0.01803,0.44133,
1641629415041385216,4.76763,-5.61935,3.32790,0.53676,-0.69004,-0.34144,0.34518,0.07092,-0.01905,0.42352,
1641629415091385088,4.77169,-5.61961,3.34856,0.55191,-0.67892,-0.34168,0.34308,0.10163,-0.01673,0.40081,
1641629415141385216,4.77683,-5.61956,3.36758,0.56383,-0.67179,-0.34360,0.33576,0.13486,-0.00512,0.35820,
1641629415181385216,4.78196,-5.61910,3.38092,0.57581,-0.66647,-0.34368,0.32580,0.16851,0.00751,0.31432,
1641629415241385216,4.79265,-5.61743,3.39735,0.59535,-0.66243,-0.33455,0.30793,0.21164,0.03762,0.22876,
1641629415271385088,4.79865,-5.61566,3.40350,0.60346,-0.66349,-0.32446,0.30058,0.22533,0.05508,0.17839,
1641629415321385216,4.81021,-5.61218,3.40979,0.60992,-0.67183,-0.29946,0.29492,0.24528,0.07385,0.06296,
1641629415371385344,4.82258,-5.60843,3.40941,0.60813,-0.68479,-0.27273,0.29470,0.25042,0.07099,-0.09085,
1641629415421385216,4.83455,-5.60548,3.40095,0.60452,-0.69641,-0.25099,0.29424,0.22801,0.04161,-0.25077,
1641629415471385344,4.84468,-5.60376,3.38572,0.59740,-0.70964,-0.23386,0.29127,0.17412,0.02552,-0.36546,
1641629415521385216,4.85230,-5.60302,3.36553,0.58455,-0.72679,-0.22241,0.28392,0.13657,-0.00129,-0.44379,
1641629415571385088,4.85856,-5.60387,3.34255,0.57086,-0.74335,-0.21540,0.27413,0.11558,-0.03536,-0.47556,
1641629415621385216,4.86415,-5.60646,3.31950,0.55838,-0.75877,-0.20624,0.26446,0.10928,-0.06418,-0.46208,
1641629415671385344,4.86980,-5.61014,3.29738,0.54421,-0.77369,-0.19740,0.25742,0.11170,-0.08499,-0.43551,
1641629415721385216,4.87589,-5.61470,3.27705,0.52961,-0.78685,-0.18888,0.25438,0.12070,-0.10419,-0.39490,
1641629415771385088,4.88274,-5.61983,3.25908,0.51509,-0.79802,-0.18466,0.25248,0.13469,-0.10171,-0.33425,
1641629415821385216,4.89012,-5.62386,3.24486,0.50361,-0.80741,-0.18270,0.24716,0.14357,-0.06724,-0.23953,
1641629415871386368,4.89759,-5.62584,3.23654,-0.49775,0.81528,0.17930,-0.23540,0.14135,-0.02179,-0.09067,
1641629415921385216,4.90429,-5.62576,3.23601,0.50179,-0.81732,-0.17303,0.22416,0.11593,0.01451,0.06148,
1641629415971386112,4.90866,-5.62416,3.24197,0.51220,-0.81309,-0.17023,0.21806,0.04960,0.03476,0.16039,
1641629416021385216,4.90867,-5.62239,3.25018,0.52320,-0.80541,-0.17652,0.21547,-0.04437,0.02440,0.15259,
1641629416051385088,4.90646,-5.62144,3.25409,0.52911,-0.79967,-0.18504,0.21526,-0.09968,0.01605,0.10424,
1641629416101385216,4.89995,-5.62017,3.25600,0.53449,-0.79098,-0.20662,0.21442,-0.17146,0.00623,-0.03543,
1641629416151385344,4.89019,-5.61941,3.25070,0.53822,-0.78316,-0.22940,0.21062,-0.21446,-0.00457,-0.17727,
1641629416201385216,4.87850,-5.61918,3.23811,0.54003,-0.77774,-0.24562,0.20777,-0.23843,-0.01224,-0.32905,
1641629416251385088,4.86602,-5.61955,3.21889,0.53011,-0.77925,-0.26506,0.20371,-0.24262,-0.02327,-0.44110,
1641629416301387264,4.85355,-5.62064,3.19532,0.51667,-0.78325,-0.28293,0.19881,-0.24816,-0.04503,-0.49966,
1641629416351385088,4.84075,-5.62298,3.17150,0.50390,-0.78812,-0.29393,0.19637,-0.26003,-0.06754,-0.45411,
1641629416401385216,4.82733,-5.62668,3.15193,-0.48646,0.79585,0.29817,-0.20268,-0.27526,-0.10263,-0.32918,
1641629416441386240,4.81636,-5.63114,3.14164,-0.47134,0.80123,0.29842,-0.21636,-0.27417,-0.14069,-0.20224,
1641629416491385344,4.80283,-5.63893,3.13528,-0.45393,0.80260,0.30219,-0.24181,-0.25290,-0.18375,-0.07126,
1641629416541385216,4.79049,-5.64827,3.13479,-0.44091,0.79785,0.31270,-0.26692,-0.22724,-0.20112,0.03656,
1641629416591385088,4.77934,-5.65796,3.13924,-0.43438,0.79041,0.32301,-0.28677,-0.19766,-0.19255,0.12990,
1641629416641385216,4.76971,-5.66695,3.14800,-0.43276,0.78186,0.33005,-0.30411,-0.16484,-0.17887,0.20352,
1641629416701385216,4.76058,-5.67703,3.16238,-0.43103,0.77121,0.33905,-0.32325,-0.11871,-0.17371,0.26434,
1641629416741385216,4.75581,-5.68331,3.17346,-0.43263,0.76242,0.34371,-0.33676,-0.09327,-0.17402,0.27449,
1641629416791385088,4.75172,-5.69140,3.18738,-0.43432,0.75093,0.35348,-0.35004,-0.06936,-0.16517,0.27927,
1641629416841385216,4.74835,-5.69891,3.20164,-0.43977,0.74010,0.36108,-0.35844,-0.05717,-0.15894,0.28007,
1641629416881385216,4.74625,-5.70453,3.21310,-0.44624,0.73130,0.36717,-0.36228,-0.04242,-0.15517,0.27771,
1641629416941385216,4.74413,-5.71293,3.22999,-0.45634,0.71869,0.37711,-0.36474,-0.02405,-0.14485,0.28266,
1641629416981387264,4.74320,-5.71765,3.24154,-0.46348,0.71039,0.38393,-0.36486,-0.00255,-0.13321,0.28416,
1641629417041386240,4.74325,-5.72297,3.25881,-0.47533,0.69750,0.39475,-0.36294,0.02404,-0.09894,0.28507,
1641629417091385088,4.74465,-5.72604,3.27328,-0.48738,0.68788,0.40075,-0.35872,0.05614,-0.07138,0.28644,
1641629417141385216,4.74757,-5.72723,3.28748,0.50048,-0.67965,-0.40290,0.35393,0.08757,-0.03242,0.27411,
1641629417191386112,4.75200,-5.72633,3.30052,0.51056,-0.67408,-0.40342,0.34957,0.12839,0.00876,0.24263,
1641629417241385216,4.75799,-5.72276,3.31138,0.52224,-0.67052,-0.39746,0.34598,0.16636,0.05620,0.18965,
1641629417271385088,4.76142,-5.71850,3.31647,0.53031,-0.67025,-0.38970,0.34303,0.18191,0.08775,0.15119,
1641629417321385216,4.76880,-5.71099,3.32220,0.54321,-0.67386,-0.37213,0.33518,0.21605,0.11741,0.08283,
1641629417371385344,4.77782,-5.70270,3.32413,0.55600,-0.67856,-0.34898,0.32960,0.24471,0.12347,-0.00887,
1641629417421385216,4.78785,-5.69477,3.32110,0.56325,-0.68628,-0.32630,0.32450,0.24218,0.12503,-0.11946,
1641629417471385344,4.79792,-5.68714,3.31252,0.56351,-0.69810,-0.30885,0.31580,0.23034,0.11993,-0.22716,
1641629417521386240,4.80772,-5.68068,3.29864,0.55963,-0.71247,-0.29417,0.30442,0.20809,0.09394,-0.33448,
1641629417571385088,4.81639,-5.67586,3.28045,0.55285,-0.72832,-0.28011,0.29232,0.17304,0.06036,-0.39555,
1641629417621385216,4.82358,-5.67321,3.26029,0.54185,-0.74366,-0.27252,0.28127,0.13127,0.01360,-0.41911,
1641629417671385344,4.82831,-5.67315,3.24098,0.52877,-0.75828,-0.26314,0.27599,0.06766,-0.04153,-0.38916,
1641629417721386240,4.83049,-5.67614,3.22283,0.51373,-0.76926,-0.26233,0.27479,0.01556,-0.10318,-0.36935,
1641629417771387392,4.83025,-5.68131,3.20645,-0.49905,0.77714,0.26775,-0.27443,-0.04108,-0.13561,-0.31885,
1641629417821385216,4.82765,-5.68759,3.19306,-0.48605,0.78330,0.27311,-0.27495,-0.08108,-0.16155,-0.24077,
1641629417871385344,4.82302,-5.69500,3.18359,-0.47199,0.78722,0.28072,-0.28055,-0.10836,-0.17443,-0.14221,
1641629417921385216,4.81688,-5.70281,3.17923,-0.45735,0.78880,0.28807,-0.29264,-0.12565,-0.17444,-0.02630,
1641629417971385344,4.81012,-5.71091,3.18044,-0.44498,0.78649,0.29609,-0.30945,-0.12870,-0.17184,0.08075,
1641629418021385216,4.80333,-5.71880,3.18638,-0.43697,0.77996,0.30701,-0.32627,-0.12085,-0.16575,0.16811,
1641629418051385088,4.79931,-5.72316,3.19176,-0.43617,0.77363,0.31481,-0.33487,-0.11370,-0.15541,0.21484,
1641629418101385216,4.79388,-5.73032,3.20410,-0.43893,0.76182,0.32943,-0.34416,-0.08835,-0.13796,0.29048,
1641629418151385344,4.79033,-5.73675,3.22017,-0.44973,0.74752,0.33971,-0.35149,-0.04149,-0.12192,0.35328,
1641629418201385216,4.78885,-5.74177,3.23836,-0.46542,0.73124,0.34654,-0.35858,-0.00187,-0.09122,0.38119,
1641629418251385088,4.78881,-5.74490,3.25747,-0.48024,0.71760,0.34841,-0.36473,0.02347,-0.05570,0.39005,
1641629418301385216,4.78984,-5.74634,3.27649,-0.49168,0.70661,0.34831,-0.37098,0.05375,-0.03509,0.37659,
1641629418351385088,4.79232,-5.74712,3.29419,0.50024,-0.69608,-0.35109,0.37679,0.08070,-0.02126,0.33893,
1641629418401385216,4.79548,-5.74728,3.30961,0.51343,-0.68452,-0.35258,0.37884,0.08182,-0.01309,0.28602,
1641629418451385344,4.79796,-5.74714,3.32156,0.52925,-0.67506,-0.35053,0.37593,0.06348,-0.01743,0.19179,
1641629418501385216,4.79871,-5.74738,3.32753,0.53701,-0.67103,-0.34634,0.37602,0.02555,-0.02823,0.04511,
1641629418541386240,4.79754,-5.74796,3.32637,0.53169,-0.67386,-0.34642,0.37842,-0.00502,-0.05201,-0.09502,
1641629418591385088,4.79494,-5.75080,3.31722,0.51555,-0.68051,-0.35251,0.38320,-0.02798,-0.09126,-0.25954,
1641629418641385216,4.79377,-5.75593,3.30099,-0.49749,0.68650,0.36505,-0.38466,-0.03218,-0.11203,-0.37651,
1641629418691385344,4.79047,-5.76051,3.28049,-0.48185,0.69480,0.37469,-0.38037,-0.02758,-0.10492,-0.43063,
1641629418741385216,4.78875,-5.76454,3.25785,-0.46617,0.70688,0.38093,-0.37135,0.01822,-0.08055,-0.46637,
1641629418791385088,4.78998,-5.76643,3.23444,-0.45204,0.71917,0.38578,-0.36004,0.08322,-0.01853,-0.47102,
1641629418841385216,4.79434,-5.76489,3.21180,-0.44255,0.73258,0.38177,-0.34889,0.12597,0.05783,-0.43403,
1641629418891385344,4.80106,-5.76031,3.19188,-0.42989,0.75210,0.37137,-0.33410,0.17866,0.10686,-0.37141,
1641629418931385344,4.80820,-5.75483,3.17783,-0.42362,0.76423,0.36471,-0.32171,0.21567,0.13665,-0.31806,
1641629418981385216,4.81928,-5.74673,3.16402,-0.42034,0.77797,0.35520,-0.30317,0.24960,0.16932,-0.23038,
1641629419031385088,4.83218,-5.73702,3.15465,-0.42364,0.78893,0.34182,-0.28509,0.27258,0.20992,-0.13229,
1641629419091385088,4.84860,-5.72327,3.15093,-0.42585,0.80460,0.31807,-0.26477,0.29042,0.23238,0.00301,
1641629419141385216,4.86293,-5.71136,3.15388,-0.43119,0.81271,0.30480,-0.24634,0.27793,0.23150,0.12040,
1641629419181386240,4.87336,-5.70250,3.16078,-0.44376,0.81551,0.29282,-0.22862,0.24738,0.20042,0.22537,
1641629419231385344,4.88453,-5.69357,3.17521,-0.46475,0.81308,0.27701,-0.21491,0.19783,0.14688,0.34656,
1641629419271385088,4.89162,-5.68858,3.19071,-0.47840,0.80827,0.26747,-0.21518,0.15357,0.08849,0.41698,
1641629419321386240,4.89755,-5.68592,3.21280,-0.49448,0.79880,0.25669,-0.22699,0.08685,0.00891,0.44876,
1641629419371385344,4.90010,-5.68715,3.23506,0.50924,-0.78633,-0.25359,0.24093,0.02100,-0.06186,0.43036,
1641629419421385216,4.89939,-5.69177,3.25563,0.52428,-0.77191,-0.25813,0.25031,-0.04486,-0.12734,0.38339,
1641629419471385344,4.89566,-5.69943,3.27313,0.54152,-0.75549,-0.26381,0.25767,-0.11527,-0.18808,0.31413,
1641629419521386240,4.88888,-5.70997,3.28647,0.55257,-0.74074,-0.27469,0.26554,-0.16485,-0.24751,0.22560,
1641629419571385088,4.88027,-5.72344,3.29539,0.55838,-0.72478,-0.29297,0.27763,-0.18837,-0.30420,0.13276,
1641629419621385216,4.87083,-5.73893,3.29961,0.55968,-0.70828,-0.31515,0.29288,-0.19525,-0.32434,0.03453,
1641629419671385344,4.86105,-5.75444,3.29918,0.55587,-0.69481,-0.33717,0.30752,-0.19350,-0.31053,-0.06037,
1641629419721385216,4.85164,-5.76856,3.29399,0.54594,-0.68901,-0.35363,0.31962,-0.17471,-0.26724,-0.16120,
1641629419771386112,4.84376,-5.78011,3.28386,0.53011,-0.69097,-0.36914,0.32447,-0.13273,-0.21081,-0.25243,
1641629419821385216,4.83863,-5.78929,3.26966,0.51393,-0.69612,-0.38230,0.32426,-0.06737,-0.17111,-0.31956,
1641629419871385344,4.83681,-5.79643,3.25320,-0.49865,0.70167,0.39459,-0.32142,-0.00192,-0.13655,-0.34823,
1641629419921385216,4.83779,-5.80204,3.23643,-0.48153,0.70862,0.40789,-0.31562,0.05641,-0.10431,-0.33499,
1641629419971385344,4.84116,-5.80588,3.22057,-0.46825,0.71707,0.41263,-0.31031,0.11158,-0.05760,-0.32010,
1641629420021385216,4.84688,-5.80718,3.20561,-0.45701,0.72683,0.41338,-0.30329,0.15527,0.00179,-0.28616,
1641629420051386112,4.85069,-5.80631,3.19743,-0.45055,0.73525,0.40904,-0.29850,0.17850,0.03953,-0.27316,
1641629420101385216,4.86004,-5.80254,3.18411,-0.44220,0.74771,0.40303,-0.28803,0.22381,0.09800,-0.24941,
1641629420151385344,4.87147,-5.79579,3.17246,-0.43637,0.76194,0.39152,-0.27523,0.25734,0.14818,-0.21316,
1641629420201386240,4.88419,-5.78687,3.16297,-0.43539,0.77469,0.37650,-0.26178,0.27995,0.18721,-0.15459,
1641629420251386112,4.89768,-5.77633,3.15691,-0.43646,0.78625,0.35927,-0.24945,0.28270,0.21400,-0.07785,
1641629420301385216,4.91069,-5.76475,3.15558,-0.43997,0.79552,0.34299,-0.23649,0.26635,0.22427,0.03213,
1641629420351386368,4.92223,-5.75346,3.16014,-0.45036,0.80015,0.32731,-0.22317,0.21656,0.20247,0.15821,
1641629420401385216,4.93067,-5.74406,3.17116,-0.46454,0.80067,0.31238,-0.21343,0.14549,0.14486,0.28638,
1641629420441385216,4.93473,-5.73903,3.18451,-0.47679,0.79698,0.30319,-0.21346,0.08156,0.07696,0.37772,
1641629420501385216,4.93688,-5.73759,3.20953,-0.49395,0.78516,0.29509,-0.22904,-0.00178,-0.03893,0.43869,
1641629420551386112,4.93465,-5.74137,3.23108,0.50779,-0.77076,-0.29162,0.25108,-0.07980,-0.11770,0.41255,
1641629420591385088,4.93051,-5.74709,3.24634,0.51463,-0.75967,-0.29280,0.26892,-0.12291,-0.17494,0.34665,
1641629420641385216,4.92362,-5.75707,3.26100,0.51983,-0.74473,-0.30159,0.29018,-0.15788,-0.22836,0.24111,
1641629420691385344,4.91535,-5.76911,3.27010,0.52246,-0.72989,-0.31497,0.30837,-0.17436,-0.25906,0.13036,
1641629420741385216,4.90632,-5.78170,3.27367,0.52319,-0.71668,-0.32583,0.32631,-0.18246,-0.25938,0.01960,
1641629420801386240,4.89606,-5.79671,3.27132,0.50958,-0.71029,-0.34162,0.34513,-0.14596,-0.26205,-0.09566,
1641629420841385216,4.89069,-5.80625,3.26605,-0.49725,0.70672,0.35511,-0.35664,-0.10467,-0.24848,-0.16298,
1641629420881385216,4.88674,-5.81496,3.25830,-0.48486,0.70473,0.36839,-0.36408,-0.07282,-0.21672,-0.22332,
1641629420931385344,4.88378,-5.82381,3.24562,-0.46958,0.70711,0.38311,-0.36431,-0.03289,-0.15753,-0.28473,
1641629420991385344,4.88308,-5.83047,3.22711,-0.45503,0.71543,0.39821,-0.35004,0.02293,-0.07806,-0.31976,
1641629421041386240,4.88504,-5.83250,3.21252,-0.44485,0.72807,0.40289,-0.33121,0.08094,-0.03228,-0.24989,
1641629421081385216,4.88834,-5.83270,3.20477,-0.44073,0.73703,0.40090,-0.31910,0.13317,-0.01278,-0.14165,
1641629421141385216,4.89683,-5.83181,3.20144,-0.43929,0.74480,0.39441,-0.31101,0.18034,0.01147,0.03069,
1641629421191385344,4.90551,-5.82984,3.20562,-0.44296,0.74806,0.38629,-0.30817,0.22432,0.03601,0.12717,
1641629421241385216,4.91698,-5.82641,3.21261,-0.45226,0.74899,0.37812,-0.30250,0.28047,0.07822,0.14880,
1641629421271385088,4.92484,-5.82257,3.21665,-0.45862,0.75066,0.37199,-0.29632,0.31235,0.11360,0.12906,
1641629421321385216,4.94014,-5.81474,3.22099,-0.47018,0.75707,0.35503,-0.28238,0.32609,0.15431,0.03726,
1641629421371385344,4.95384,-5.80642,3.21953,-0.48007,0.76797,0.33422,-0.26088,0.25996,0.13531,-0.08474,
1641629421421385216,4.96365,-5.80056,3.21318,-0.47661,0.78345,0.31356,-0.24642,0.16736,0.06168,-0.16469,
1641629421471386112,4.96869,-5.79990,3.20303,-0.45919,0.79587,0.30835,-0.24629,0.05878,-0.04938,-0.22644,
1641629421521385216,4.96831,-5.80459,3.19106,-0.44056,0.80088,0.31839,-0.25126,-0.05275,-0.14210,-0.23206,
1641629421571385088,4.96243,-5.81246,3.18042,-0.42785,0.80046,0.33128,-0.25778,-0.15180,-0.17950,-0.17175,
1641629421621385216,4.95280,-5.82136,3.17441,-0.41531,0.79820,0.34295,-0.26977,-0.20766,-0.17955,-0.05903,
1641629421671387136,4.94173,-5.83000,3.17474,-0.40163,0.79291,0.35746,-0.28674,-0.21544,-0.16542,0.07891,
1641629421721385216,4.93105,-5.83765,3.18229,-0.39639,0.78192,0.37169,-0.30549,-0.19274,-0.14099,0.22580,
1641629421771385088,4.92217,-5.84389,3.19681,-0.40000,0.76788,0.38004,-0.32546,-0.14052,-0.10902,0.35267,
1641629421821385216,4.91638,-5.84846,3.21660,-0.40907,0.75139,0.38551,-0.34563,-0.07517,-0.07181,0.43551,
1641629421871385344,4.91354,-5.85122,3.23946,-0.42092,0.73503,0.38823,-0.36308,-0.01600,-0.03952,0.47732,
1641629421921385216,4.91354,-5.85239,3.26361,-0.43492,0.72103,0.38701,-0.37574,0.03643,-0.01877,0.48879,
1641629421971385344,4.91658,-5.85284,3.28756,-0.45162,0.70791,0.38272,-0.38527,0.09777,-0.01002,0.46733,
1641629422021385216,4.92241,-5.85263,3.30963,-0.46901,0.69429,0.37982,-0.39209,0.14530,0.00238,0.41766,
1641629422051385088,4.92679,-5.85201,3.32157,-0.47834,0.68808,0.37841,-0.39312,0.16923,0.01238,0.38123,
1641629422101385216,4.93581,-5.85042,3.33891,-0.49617,0.67953,0.37308,-0.39098,0.20949,0.03340,0.31721,
1641629422151385344,4.94649,-5.84787,3.35344,0.51376,-0.67595,-0.36091,0.38585,0.24169,0.04978,0.26799,
1641629422201385216,4.95911,-5.84508,3.36549,0.52819,-0.67507,-0.34491,0.38254,0.28910,0.05290,0.20999,
1641629422251385088,4.97347,-5.84219,3.37439,0.53733,-0.67525,-0.33096,0.38181,0.31189,0.05335,0.14258,
1641629422301385216,4.98817,-5.83912,3.37928,0.54277,-0.67869,-0.31247,0.38359,0.30967,0.05828,0.04328,
1641629422351385088,5.00207,-5.83553,3.37839,0.54161,-0.68781,-0.29570,0.38228,0.28319,0.07023,-0.08493,
1641629422401385216,5.01462,-5.83152,3.37134,0.53552,-0.70164,-0.28399,0.37452,0.25284,0.07716,-0.20166,
1641629422451385344,5.02585,-5.82749,3.35912,0.52593,-0.71915,-0.27555,0.36096,0.23049,0.07140,-0.28501,
1641629422501386240,5.03642,-5.82423,3.34371,0.51357,-0.73753,-0.26945,0.34597,0.22850,0.05081,-0.33390,
1641629422541385216,5.04495,-5.82233,3.32992,0.50117,-0.75206,-0.26701,0.33457,0.23488,0.03540,-0.35375,
1641629422591385088,5.05639,-5.82068,3.31243,-0.48552,0.76999,0.26446,-0.31851,0.25001,0.02419,-0.34387,
1641629422651385344,5.07138,-5.81900,3.29352,-0.47489,0.78765,0.26000,-0.29408,0.26082,0.03326,-0.26919,
1641629422691385344,5.08113,-5.81744,3.28419,-0.46989,0.79873,0.25437,-0.27662,0.25967,0.03892,-0.18886,
1641629422751385088,5.09589,-5.81473,3.27729,-0.46642,0.81070,0.24508,-0.25526,0.24700,0.04310,-0.03323,
1641629422801385216,5.10653,-5.81264,3.27887,-0.46721,0.81562,0.24078,-0.24187,0.22521,0.03285,0.11418,
1641629422851385088,5.11562,-5.81093,3.28743,-0.47758,0.81327,0.23637,-0.23376,0.17944,0.02800,0.23756,
1641629422891385344,5.12078,-5.80981,3.29796,-0.48866,0.80920,0.23427,-0.22699,0.12687,0.01716,0.30244,
1641629422931386112,5.12368,-5.80962,3.31043,0.50202,-0.80328,-0.23279,0.22027,0.06281,-0.00670,0.33086,
1641629422991385344,5.12343,-5.81138,3.32890,0.52084,-0.79283,-0.23538,0.21154,-0.05042,-0.04910,0.28029,
1641629423041385216,5.11793,-5.81470,3.34032,0.52968,-0.78606,-0.24377,0.20524,-0.14849,-0.07377,0.18162,
1641629423091385088,5.10827,-5.81895,3.34586,0.53078,-0.78238,-0.25704,0.20023,-0.22131,-0.09368,0.04175,
1641629423141385216,5.09545,-5.82406,3.34429,0.52522,-0.78049,-0.27753,0.19482,-0.27829,-0.10865,-0.09579,
1641629423181385216,5.08351,-5.82870,3.33874,0.51700,-0.77989,-0.29671,0.19093,-0.30541,-0.12803,-0.17519,
1641629423231385344,5.06748,-5.83565,3.32871,0.50905,-0.77611,-0.31941,0.19103,-0.32742,-0.15514,-0.21185,
1641629423271385088,5.05397,-5.84210,3.32039,-0.49963,0.77398,0.33519,-0.19741,-0.34361,-0.17710,-0.19686,
1641629423321385216,5.03676,-5.85142,3.31222,-0.48234,0.77204,0.35332,-0.21556,-0.33871,-0.20678,-0.12303,
1641629423371385344,5.02043,-5.86204,3.30824,-0.46094,0.76878,0.37036,-0.24359,-0.31279,-0.22259,-0.03635,
1641629423421385216,5.00591,-5.87291,3.30846,-0.44100,0.76256,0.38610,-0.27377,-0.26499,-0.21275,0.04870,
1641629423471386112,4.99400,-5.88268,3.31269,-0.42673,0.75400,0.39998,-0.29900,-0.20753,-0.17952,0.12728,
1641629423521385216,4.98519,-5.89038,3.32058,-0.42221,0.74381,0.41089,-0.31569,-0.14135,-0.13410,0.19417,
1641629423571385088,4.98001,-5.89576,3.33160,-0.42730,0.73177,0.42023,-0.32456,-0.06747,-0.08294,0.24953,
1641629423621385216,4.97814,-5.89860,3.34502,-0.43710,0.72090,0.42708,-0.32687,-0.00008,-0.02925,0.28520,
1641629423671385344,4.97958,-5.89860,3.35968,-0.45038,0.71312,0.42659,-0.32656,0.06825,0.02435,0.30039,
1641629423721387264,4.98430,-5.89605,3.37435,-0.46200,0.71101,0.42010,-0.32331,0.14146,0.07212,0.29280,
1641629423771385088,4.99265,-5.89140,3.38881,-0.47121,0.71435,0.40655,-0.31999,0.21941,0.10412,0.29197,
1641629423821385216,5.00457,-5.88539,3.40311,-0.47893,0.72060,0.38752,-0.31809,0.28064,0.12535,0.28684,
1641629423871385344,5.01850,-5.87826,3.41716,-0.48367,0.72906,0.37059,-0.31176,0.31095,0.13560,0.27854,
1641629423921385216,5.03372,-5.87094,3.43089,-0.48789,0.74062,0.35076,-0.30069,0.32880,0.12916,0.27861,
1641629423971385344,5.05000,-5.86442,3.44469,-0.48990,0.75386,0.32599,-0.29227,0.34205,0.10070,0.26888,
1641629424021385216,5.06685,-5.85993,3.45625,-0.49533,0.76256,0.30370,-0.28447,0.35314,0.06322,0.19736,
1641629424051385088,5.07673,-5.85760,3.46139,0.50058,-0.76690,-0.28879,0.27909,0.34492,0.05608,0.16427,
1641629424101385216,5.09265,-5.85431,3.46751,0.51392,-0.77297,-0.25640,0.26956,0.31443,0.05109,0.08158,
1641629424151385344,5.10734,-5.85164,3.46842,0.52599,-0.77970,-0.22931,0.25063,0.29132,0.04015,-0.02553,
1641629424201385216,5.12133,-5.84946,3.46555,0.52945,-0.79116,-0.19997,0.23189,0.27822,0.02828,-0.08699,
1641629424251385088,5.13494,-5.84837,3.45879,0.53082,-0.80223,-0.17462,0.21015,0.27038,0.00568,-0.17465,
1641629424301385216,5.14821,-5.84790,3.44821,0.53064,-0.81328,-0.15839,0.17864,0.26013,0.01074,-0.23383,
1641629424351385088,5.16130,-5.84688,3.43671,0.53530,-0.82185,-0.13467,0.14101,0.26366,0.02160,-0.20913,
1641629424401385216,5.17479,-5.84583,3.42695,0.54178,-0.82700,-0.10248,0.10973,0.28205,0.01130,-0.17828,
1641629424451385344,5.18925,-5.84503,3.41940,0.54294,-0.83217,-0.07882,0.08057,0.29978,0.01777,-0.10782,
1641629424501385216,5.20437,-5.84384,3.41636,0.54483,-0.83489,-0.05127,0.05908,0.30499,0.02839,-0.01098,
1641629424551385088,5.21914,-5.84223,3.41831,0.54630,-0.83581,-0.02169,0.05011,0.29437,0.02161,0.09030,
1641629424601385216,5.23307,-5.84189,3.42457,0.54458,-0.83682,-0.00002,0.05633,0.26682,-0.00648,0.16070,
1641629424651385344,5.24492,-5.84238,3.43339,0.54673,-0.83465,0.01808,0.06426,0.21123,-0.00996,0.19602,
1641629424691385344,5.25213,-5.84276,3.44124,0.54918,-0.83281,0.02680,0.06415,0.15980,-0.01301,0.20686,
1641629424751386112,5.25896,-5.84355,3.45239,0.55224,-0.83194,0.02739,0.04646,0.07512,-0.00549,0.16824,
1641629424801385216,5.26047,-5.84323,3.45943,0.55306,-0.83257,0.02297,0.02060,0.01007,0.01404,0.12808,
1641629424841385216,5.25945,-5.84272,3.46328,0.55377,-0.83246,0.01851,-0.00110,-0.03164,0.01332,0.07065,
1641629424891385344,5.25575,-5.84187,3.46445,0.55281,-0.83285,0.01104,-0.02542,-0.07833,0.01488,-0.01652,
1641629424941385216,5.24981,-5.84092,3.46151,0.54951,-0.83441,0.00278,-0.04236,-0.11540,0.01328,-0.09485,
1641629424981385216,5.24370,-5.84007,3.45642,0.54685,-0.83578,-0.00144,-0.04924,-0.14550,0.01507,-0.14545,
1641629425031385088,5.23552,-5.83985,3.44758,0.54210,-0.83889,-0.00683,-0.04846,-0.18111,-0.01059,-0.20642,
1641629425081385216,5.22443,-5.84091,3.43641,0.53439,-0.84402,-0.01827,-0.04145,-0.22247,-0.02098,-0.22319,
1641629425131385344,5.21152,-5.84204,3.42533,0.52498,-0.85004,-0.02920,-0.03122,-0.26982,-0.03250,-0.21388,
1641629425181385216,5.19624,-5.84423,3.41557,0.52045,-0.85268,-0.04174,-0.01820,-0.31454,-0.06350,-0.16991,
1641629425231385344,5.17876,-5.84800,3.40788,0.51996,-0.85234,-0.05619,-0.00071,-0.35617,-0.10522,-0.12839,
1641629425271385088,5.16358,-5.85186,3.40335,0.52048,-0.85073,-0.07139,0.01647,-0.38141,-0.12841,-0.09110,
1641629425321385216,5.14404,-5.85804,3.39970,0.52048,-0.84762,-0.09398,0.04256,-0.38953,-0.14226,-0.04893,
1641629425371385344,5.12457,-5.86450,3.39837,0.51862,-0.84449,-0.11533,0.06758,-0.38211,-0.13428,0.00117,
1641629425421385216,5.10604,-5.87046,3.39936,0.51818,-0.83990,-0.13380,0.09028,-0.36102,-0.11433,0.04045,
1641629425471385344,5.08869,-5.87550,3.40215,0.51703,-0.83592,-0.14921,0.10794,-0.33258,-0.09638,0.07166,
1641629425521385216,5.07334,-5.87994,3.40610,0.51599,-0.83170,-0.16608,0.12019,-0.27942,-0.07970,0.09066,
1641629425571385088,5.06139,-5.88330,3.41120,0.51578,-0.82788,-0.18050,0.12651,-0.19550,-0.05519,0.11552,
1641629425621385216,5.05402,-5.88556,3.41719,0.52033,-0.82357,-0.18761,0.12566,-0.09379,-0.03129,0.12684,
1641629425671385344,5.05188,-5.88701,3.42365,0.52854,-0.81948,-0.18613,0.12022,0.01254,-0.01680,0.13838,
1641629425721385216,5.05480,-5.88761,3.43054,0.53700,-0.81640,-0.17792,0.11602,0.09952,-0.01450,0.12760,
1641629425771385088,5.06179,-5.88862,3.43635,0.54236,-0.81475,-0.17041,0.11398,0.17681,-0.02227,0.10294,
1641629425821385216,5.07241,-5.88964,3.44111,0.54385,-0.81543,-0.16221,0.11398,0.24165,-0.01340,0.08026,
1641629425871385344,5.08614,-5.88945,3.44474,0.54537,-0.81795,-0.14674,0.10950,0.29315,0.01158,0.06336,
1641629425921385216,5.10193,-5.88839,3.44702,0.54897,-0.82092,-0.12399,0.09664,0.32084,0.02473,0.03316,
1641629425971385344,5.11834,-5.88698,3.44802,0.55048,-0.82498,-0.09976,0.08013,0.31247,0.02276,0.01724,
1641629426021385216,5.13370,-5.88615,3.44844,0.54996,-0.82841,-0.07825,0.07185,0.26050,-0.00104,0.00589,
1641629426051385088,5.14150,-5.88638,3.44817,0.54984,-0.82946,-0.06861,0.07042,0.21033,-0.01710,-0.00728,
1641629426101385216,5.14996,-5.88824,3.44698,0.54872,-0.83082,-0.05867,0.07204,0.10578,-0.05365,-0.02749,
1641629426151385344,5.15222,-5.89206,3.44524,0.54747,-0.83096,-0.05861,0.07965,-0.01453,-0.08874,-0.04485,
1641629426201387264,5.14862,-5.89720,3.44265,0.54562,-0.82996,-0.06977,0.09274,-0.13228,-0.12105,-0.06280,
1641629426251385088,5.13941,-5.90397,3.43917,0.54004,-0.82884,-0.09416,0.11184,-0.23337,-0.14804,-0.07403,
1641629426301385216,5.12609,-5.91188,3.43535,0.53098,-0.82594,-0.12642,0.14106,-0.30891,-0.16575,-0.08239,
1641629426351385088,5.10992,-5.92088,3.43119,0.51749,-0.82083,-0.16337,0.17820,-0.34717,-0.19189,-0.08355,
1641629426401385216,5.09300,-5.93099,3.42703,0.50311,-0.81022,-0.20192,0.22282,-0.35609,-0.20596,-0.07769,
1641629426451385344,5.07589,-5.94148,3.42312,-0.48700,0.79607,0.23968,-0.26768,-0.34539,-0.21725,-0.07145,
1641629426501385216,5.06016,-5.95229,3.41958,-0.46932,0.77900,0.27716,-0.30995,-0.30385,-0.22777,-0.05921,
1641629426551385088,5.04697,-5.96321,3.41731,-0.44963,0.76248,0.31157,-0.34553,-0.24352,-0.22244,-0.02434,
1641629426601385216,5.03718,-5.97368,3.41702,-0.43085,0.74715,0.34011,-0.37478,-0.15385,-0.20660,0.02128,
1641629426651385344,5.03240,-5.98288,3.41906,-0.41643,0.73326,0.36098,-0.39826,-0.04117,-0.17484,0.07014,
1641629426691385344,5.03259,-5.98970,3.42217,-0.41034,0.72498,0.37181,-0.40962,0.04678,-0.15961,0.09948,
1641629426751385088,5.03948,-5.99836,3.42994,-0.40703,0.71650,0.38155,-0.41878,0.17410,-0.13103,0.16738,
1641629426791388160,5.04811,-6.00339,3.43724,-0.40780,0.71339,0.38202,-0.42288,0.24580,-0.12516,0.20143,
1641629426851386368,5.06560,-6.01033,3.45018,-0.40797,0.71408,0.37362,-0.42903,0.32558,-0.11953,0.22543,
1641629426891386368,5.07972,-6.01521,3.45885,-0.40810,0.71584,0.36680,-0.43185,0.38103,-0.13645,0.20287,
1641629426931385344,5.09631,-6.02015,3.46616,-0.41222,0.71629,0.36301,-0.43038,0.42746,-0.14947,0.17522,
1641629426981385216,5.11856,-6.02774,3.47426,-0.42053,0.72021,0.35813,-0.41975,0.46006,-0.16278,0.14730,
1641629427031385088,5.14317,-6.03500,3.48031,-0.43328,0.72644,0.35240,-0.40046,0.48825,-0.17709,0.11908,
1641629427081385216,5.16822,-6.04181,3.48578,-0.44814,0.73305,0.34547,-0.37744,0.47698,-0.16575,0.11596,
1641629427131385344,5.19249,-6.04685,3.49059,-0.45810,0.74295,0.33820,-0.35183,0.44164,-0.14380,0.09927,
1641629427191385344,5.21838,-6.05184,3.49519,-0.46747,0.75568,0.32765,-0.32105,0.37304,-0.11513,0.07534,
1641629427231386112,5.23334,-6.05361,3.49693,-0.47395,0.76239,0.31780,-0.30519,0.30541,-0.09139,0.04809,
1641629427271385088,5.24560,-6.05444,3.49672,-0.47996,0.76632,0.30948,-0.29431,0.22275,-0.06250,0.01620,
1641629427321385216,5.25460,-6.05564,3.49552,-0.48862,0.76613,0.30161,-0.28866,0.09213,-0.00964,-0.02962,
1641629427371385344,5.25571,-6.05481,3.49268,-0.49308,0.76645,0.29552,-0.28653,-0.04518,0.04492,-0.08224,
1641629427421388032,5.24993,-6.05119,3.48659,-0.49709,0.76403,0.29402,-0.28761,-0.18003,0.09585,-0.16613,
1641629427471385344,5.23804,-6.04519,3.47629,-0.49256,0.76456,0.30349,-0.28410,-0.29783,0.13678,-0.24453,
1641629427521385216,5.22116,-6.03737,3.46294,-0.48209,0.76629,0.31599,-0.28379,-0.39440,0.16678,-0.29244,
1641629427571385088,5.19956,-6.02856,3.44792,-0.46656,0.76936,0.32871,-0.28697,-0.46792,0.17237,-0.30480,
1641629427621385216,5.17574,-6.01983,3.43246,-0.45429,0.76699,0.34199,-0.29731,-0.48793,0.16213,-0.32307,
1641629427671385344,5.15156,-6.01180,3.41594,-0.44296,0.76081,0.35697,-0.31228,-0.50029,0.15476,-0.32660,
1641629427721385216,5.12708,-6.00424,3.39962,-0.43003,0.75434,0.36991,-0.33048,-0.49884,0.15586,-0.32806,
1641629427771386112,5.10242,-5.99692,3.38351,-0.41352,0.75167,0.38348,-0.34196,-0.50726,0.13898,-0.30416,
1641629427821385216,5.07829,-5.99058,3.36926,-0.39828,0.75070,0.39506,-0.34894,-0.48269,0.12052,-0.25694,
1641629427871385344,5.05492,-5.98554,3.35829,-0.38366,0.75025,0.41147,-0.34731,-0.47578,0.08376,-0.16950,
1641629427921386240,5.03256,-5.98252,3.35267,-0.37657,0.74896,0.42575,-0.34058,-0.44729,0.04383,-0.04721,
1641629427971386112,5.01195,-5.98180,3.35397,-0.37327,0.74760,0.43604,-0.33413,-0.40756,-0.00146,0.11112,
1641629428021385216,4.99296,-5.98297,3.36292,-0.37580,0.74078,0.44065,-0.34038,-0.33077,-0.04997,0.22693,
1641629428051385088,4.98379,-5.98473,3.37038,-0.37748,0.73151,0.44696,-0.35018,-0.28109,-0.06455,0.26202,
1641629428101385216,4.97115,-5.98807,3.38436,-0.37748,0.71382,0.46161,-0.36727,-0.21809,-0.07578,0.28425,
1641629428151385344,4.96186,-5.99203,3.39891,-0.38051,0.69830,0.47571,-0.37589,-0.13546,-0.08762,0.28162,
1641629428201385216,4.95700,-5.99597,3.41258,-0.39238,0.68474,0.48266,-0.37975,-0.04266,-0.07284,0.25798,
1641629428251385088,4.95652,-5.99855,3.42500,-0.40061,0.67942,0.48608,-0.37634,0.05282,-0.04023,0.24131,
1641629428301385216,4.96125,-5.99962,3.43655,-0.40414,0.68505,0.48457,-0.36410,0.16687,-0.01594,0.22921,
1641629428351385088,4.97163,-5.99989,3.44781,-0.41351,0.69416,0.47558,-0.34781,0.29546,-0.01572,0.23418,
1641629428401385216,4.98821,-6.00060,3.45901,-0.43068,0.69774,0.46358,-0.33580,0.41567,-0.03670,0.22426,
1641629428451385344,5.00975,-6.00245,3.46952,-0.44374,0.69999,0.45619,-0.32403,0.49197,-0.05476,0.21063,
1641629428501385216,5.03428,-6.00525,3.47959,-0.45431,0.70476,0.44486,-0.31466,0.52665,-0.06662,0.19467,
1641629428551385088,5.06065,-6.00883,3.48851,-0.46314,0.71323,0.42843,-0.30537,0.57347,-0.08649,0.15798,
1641629428601385216,5.08889,-6.01320,3.49519,-0.47269,0.72070,0.41017,-0.29819,0.57899,-0.09759,0.10548,
1641629428651387136,5.11664,-6.01817,3.49902,-0.47649,0.73093,0.39279,-0.29056,0.56692,-0.10680,0.02977,
1641629428701385216,5.14428,-6.02364,3.49826,-0.47436,0.74185,0.38009,-0.28315,0.54830,-0.11452,-0.07063,
1641629428751385088,5.17006,-6.02886,3.49284,-0.47029,0.75194,0.36991,-0.27671,0.48279,-0.09869,-0.15526,
1641629428801386240,5.19225,-6.03302,3.48327,-0.46953,0.76029,0.35681,-0.27238,0.40498,-0.07780,-0.23666,
1641629428851385088,5.21020,-6.03606,3.47042,-0.46739,0.76858,0.34244,-0.27124,0.31264,-0.05142,-0.28553,
1641629428881385216,5.21875,-6.03724,3.46177,-0.46227,0.77483,0.33535,-0.27108,0.25256,-0.03741,-0.31033,
1641629428931385344,5.22862,-6.03849,3.44567,-0.44985,0.78521,0.32981,-0.26887,0.13573,-0.01340,-0.33772,
1641629428981385216,5.23195,-6.03822,3.42821,-0.43358,0.79713,0.33018,-0.25994,-0.00393,0.02277,-0.35992,
1641629429031387392,5.22893,-6.03646,3.41045,-0.42256,0.80631,0.33294,-0.24588,-0.11144,0.04970,-0.34631,
1641629429091385088,5.21834,-6.03278,3.39128,-0.41124,0.81295,0.33929,-0.23425,-0.23513,0.07155,-0.27785,
1641629429131386368,5.20736,-6.03000,3.38126,-0.40233,0.81474,0.34525,-0.23480,-0.29070,0.06854,-0.21513,
1641629429181385216,5.19064,-6.02709,3.37237,-0.39011,0.81341,0.35689,-0.24249,-0.36346,0.04241,-0.12986,
1641629429231385344,5.17177,-6.02613,3.36821,-0.38099,0.80722,0.37043,-0.25695,-0.38000,-0.00062,-0.03037,
1641629429271385088,5.15653,-6.02652,3.36864,-0.37819,0.79674,0.38279,-0.27505,-0.38623,-0.02190,0.05976,
1641629429321385216,5.13798,-6.02821,3.37420,-0.37373,0.78212,0.40022,-0.29738,-0.35586,-0.05130,0.16702,
1641629429371385344,5.12143,-6.03091,3.38462,-0.37820,0.76268,0.41636,-0.31925,-0.31378,-0.05731,0.25714,
1641629429421385216,5.10702,-6.03364,3.39898,-0.38757,0.74389,0.42670,-0.33814,-0.26172,-0.05340,0.32607,
1641629429471385344,5.09530,-6.03615,3.41603,-0.39771,0.72661,0.43436,-0.35384,-0.20331,-0.04589,0.36623,
1641629429521385216,5.08612,-6.03811,3.43443,-0.40616,0.71446,0.43662,-0.36598,-0.15109,-0.03977,0.37892,
1641629429571385088,5.07991,-6.04021,3.45295,-0.41615,0.70315,0.43679,-0.37632,-0.09242,-0.04151,0.38221,
1641629429621385216,5.07660,-6.04225,3.47131,-0.42997,0.69042,0.43205,-0.38959,-0.02480,-0.04512,0.35765,
1641629429671385344,5.07649,-6.04401,3.48804,-0.44219,0.67584,0.42997,-0.40352,0.03392,-0.02992,0.31849,
1641629429721385216,5.07878,-6.04431,3.50219,-0.45079,0.66537,0.42774,-0.41366,0.07557,0.00358,0.25157,
1641629429771385088,5.08283,-6.04243,3.51293,-0.45923,0.66246,0.42045,-0.41651,0.10641,0.05222,0.17904,
1641629429821386240,5.08849,-6.03827,3.51953,-0.46626,0.67029,0.40595,-0.41051,0.14027,0.09640,0.09029,
1641629429871385344,5.09583,-6.03195,3.52196,-0.47136,0.68561,0.38453,-0.39988,0.17939,0.13084,0.00698,
1641629429921385216,5.10474,-6.02450,3.51998,-0.47113,0.70545,0.36353,-0.38500,0.21709,0.13862,-0.07726,
1641629429971385344,5.11523,-6.01708,3.51449,-0.46813,0.72534,0.34539,-0.36802,0.24702,0.12888,-0.13630,
1641629430021385216,5.12682,-6.01055,3.50653,-0.46686,0.74384,0.32915,-0.34699,0.26816,0.10741,-0.17669,
1641629430051385088,5.13395,-6.00683,3.50104,-0.46620,0.75423,0.32037,-0.33341,0.27810,0.09864,-0.18303,
1641629430101385216,5.14750,-6.00171,3.49175,-0.46392,0.77145,0.30460,-0.31124,0.29077,0.08128,-0.17839,
1641629430151385344,5.16198,-5.99773,3.48288,-0.46341,0.78572,0.28936,-0.29010,0.30778,0.06524,-0.16660,
1641629430201385216,5.17691,-5.99426,3.47546,-0.46368,0.79760,0.27412,-0.27146,0.31639,0.05563,-0.12433,
1641629430251385088,5.19245,-5.99128,3.46984,-0.46140,0.80868,0.25861,-0.25741,0.33417,0.04242,-0.09059,
1641629430301385216,5.20882,-5.98843,3.46648,-0.46093,0.81723,0.24177,-0.24744,0.34941,0.04428,-0.04281,
1641629430351385088,5.22592,-5.98534,3.46491,-0.46325,0.82447,0.22418,-0.23534,0.36315,0.05153,-0.01309,
1641629430401385216,5.24352,-5.98189,3.46434,-0.46993,0.83010,0.20779,-0.21661,0.37477,0.06291,0.00333,
1641629430451385344,5.26148,-5.97778,3.46464,-0.47900,0.83487,0.19396,-0.18955,0.37894,0.08156,0.03332,
1641629430501385216,5.27953,-5.97296,3.46693,-0.48823,0.83912,0.17949,-0.15904,0.37666,0.09298,0.08002,
1641629430551385088,5.29720,-5.96819,3.47180,-0.49790,0.84203,0.16421,-0.12697,0.36569,0.08086,0.13776,
1641629430601385216,5.31445,-5.96477,3.47939,0.51062,-0.84100,-0.14928,0.09854,0.34746,0.04584,0.18483,
1641629430651385344,5.33076,-5.96340,3.48947,0.52153,-0.83868,-0.13686,0.07672,0.32336,-0.00031,0.23562,
1641629430701385216,5.34581,-5.96428,3.50180,0.53405,-0.83388,-0.12497,0.06174,0.28841,-0.04422,0.27173,
1641629430751385088,5.35927,-5.96760,3.51567,0.54838,-0.82680,-0.11408,0.05160,0.25407,-0.09302,0.29349,
1641629430801385216,5.37074,-5.97292,3.53022,0.56433,-0.81772,-0.10420,0.04490,0.21603,-0.12601,0.29197,
1641629430851385088,5.38048,-5.97980,3.54407,0.58029,-0.80789,-0.09517,0.03896,0.18382,-0.15504,0.26172,
1641629430881385216,5.38549,-5.98456,3.55150,0.58870,-0.80244,-0.09124,0.03462,0.16892,-0.16993,0.23720,
1641629430931385344,5.39269,-5.99319,3.56225,0.60350,-0.79261,-0.08287,0.02626,0.14935,-0.17945,0.19086,
1641629430981385216,5.39879,-6.00194,3.57041,0.61735,-0.78328,-0.07101,0.01760,0.13238,-0.17328,0.13290,
1641629431031385088,5.40397,-6.01001,3.57558,0.62821,-0.77602,-0.05488,0.01169,0.11004,-0.15511,0.07308,
1641629431081385216,5.40813,-6.01727,3.57736,0.63532,-0.77132,-0.03647,0.01058,0.09101,-0.14356,-0.00170,
1641629431131389184,5.41143,-6.02388,3.57524,0.63533,-0.77171,-0.02609,0.01192,0.07950,-0.12438,-0.07212,
1641629431181385216,5.41350,-6.02892,3.56998,0.63271,-0.77411,-0.01421,0.01534,0.06322,-0.08728,-0.13164,
1641629431231385344,5.41675,-6.03259,3.56169,0.62729,-0.77855,-0.00525,0.01829,0.06293,-0.05957,-0.20044,
1641629431271385088,5.41708,-6.03413,3.55211,0.62026,-0.78413,-0.00068,0.02024,0.06200,-0.02786,-0.25368,
1641629431321385216,5.41831,-6.03409,3.53790,0.60393,-0.79673,0.00522,0.02140,0.06635,0.02391,-0.29976,
1641629431371385344,5.41937,-6.03157,3.52201,0.58143,-0.81321,0.01653,0.01868,0.04401,0.06745,-0.31006,
1641629431421385216,5.41848,-6.02812,3.50611,0.55804,-0.82893,0.03391,0.01752,-0.02473,0.06145,-0.30687,
1641629431471385344,5.41356,-6.02607,3.49062,0.53747,-0.84211,0.03845,0.02248,-0.13098,0.01982,-0.28946,
1641629431521385216,5.40270,-6.02624,3.47625,0.52027,-0.85302,0.02375,0.03327,-0.24719,-0.02608,-0.25807,
1641629431571385088,5.38664,-6.02815,3.46408,0.50962,-0.85909,-0.00140,0.04750,-0.34492,-0.04987,-0.21982,
1641629431621385216,5.36730,-6.03072,3.45391,-0.49940,0.86348,0.03307,-0.06246,-0.40484,-0.05202,-0.18279,
1641629431671385344,5.34637,-6.03295,3.44574,-0.48817,0.86714,0.06391,-0.07535,-0.43494,-0.04703,-0.14155,
1641629431721385216,5.32454,-6.03514,3.43979,-0.47892,0.86868,0.09263,-0.08639,-0.44029,-0.04631,-0.09449,
1641629431771385088,5.30281,-6.03767,3.43616,-0.47183,0.86810,0.11923,-0.09779,-0.43260,-0.04748,-0.04478,
1641629431821385216,5.28138,-6.04033,3.43483,-0.46648,0.86588,0.14207,-0.11167,-0.42090,-0.05887,-0.00448,
1641629431871385344,5.26085,-6.04365,3.43542,-0.46152,0.86192,0.16571,-0.12893,-0.40595,-0.06993,0.03653,
1641629431921385216,5.24075,-6.04742,3.43779,-0.45793,0.85671,0.18574,-0.14780,-0.39742,-0.08508,0.06197,
1641629431971385344,5.22132,-6.05230,3.44131,-0.45455,0.84977,0.20833,-0.16693,-0.37864,-0.10949,0.08330,
1641629432021385216,5.20266,-6.05826,3.44552,-0.45169,0.84171,0.23081,-0.18502,-0.36980,-0.12729,0.08731,
1641629432051385088,5.19167,-6.06211,3.44800,-0.45016,0.83655,0.24431,-0.19456,-0.36395,-0.13953,0.08049,
1641629432101385216,5.17396,-6.06953,3.45134,-0.44593,0.82774,0.26960,-0.20813,-0.34472,-0.16102,0.05975,
1641629432151386368,5.15718,-6.07801,3.45399,-0.43995,0.81925,0.29481,-0.21993,-0.32602,-0.17354,0.05159,
1641629432201385216,5.14160,-6.08666,3.45633,-0.43366,0.81103,0.31648,-0.23239,-0.29745,-0.18080,0.03717,
1641629432251385088,5.12764,-6.09546,3.45774,-0.42430,0.80376,0.33678,-0.24599,-0.26232,-0.18001,0.01824,
1641629432301385216,5.11534,-6.10396,3.45833,-0.41437,0.79790,0.35377,-0.25789,-0.22723,-0.16956,0.00418,
1641629432351387136,5.10516,-6.11174,3.45828,-0.40568,0.79323,0.36816,-0.26585,-0.18482,-0.15113,-0.00260,
1641629432401385216,5.09713,-6.11827,3.45825,-0.40075,0.78928,0.37886,-0.27001,-0.14567,-0.12307,0.00564,
1641629432441386240,5.09238,-6.12203,3.45829,-0.39796,0.78765,0.38495,-0.27028,-0.10436,-0.10185,0.01520,
1641629432501386240,5.08896,-6.12612,3.45989,-0.39600,0.78573,0.39344,-0.26650,-0.02145,-0.06744,0.06172,
1641629432541385216,5.08910,-6.12839,3.46383,-0.39997,0.78356,0.39513,-0.26446,0.02744,-0.03900,0.12888,
1641629432601385216,5.09389,-6.12802,3.47360,-0.41041,0.78150,0.38798,-0.26514,0.11005,0.00575,0.21340,
1641629432651385344,5.10095,-6.12674,3.48577,-0.42279,0.77875,0.37632,-0.27052,0.17130,0.04382,0.26354,
1641629432701385216,5.11221,-6.12141,3.49826,-0.43890,0.77543,0.35867,-0.27827,0.21649,0.08584,0.25763,
1641629432751385088,5.12564,-6.11354,3.50913,-0.45261,0.77581,0.33616,-0.28330,0.24855,0.11690,0.20840,
1641629432801385216,5.14112,-6.10301,3.51671,-0.46001,0.77961,0.31236,-0.28816,0.26914,0.14048,0.14637,
1641629432851385088,5.15757,-6.09106,3.52040,-0.46307,0.78562,0.28654,-0.29369,0.28481,0.14569,0.06528,
1641629432881385216,5.16897,-6.08127,3.51993,-0.46300,0.78978,0.27163,-0.29682,0.29119,0.15156,0.01605,
1641629432931385344,5.18616,-6.06777,3.51638,-0.46049,0.79782,0.24806,-0.29984,0.28500,0.14944,-0.06368,
1641629432981385216,5.19990,-6.05723,3.51034,-0.45532,0.80802,0.22579,-0.29799,0.27034,0.13979,-0.11750,
1641629433031385088,5.21288,-6.04977,3.50280,-0.44808,0.82011,0.20763,-0.28903,0.25357,0.11321,-0.15585,
1641629433081385216,5.22544,-6.04470,3.49486,-0.44326,0.83149,0.19220,-0.27425,0.25039,0.07901,-0.15509,
1641629433131385344,5.23775,-6.04145,3.48733,-0.44106,0.84099,0.18031,-0.25629,0.24451,0.04668,-0.13293,
1641629433181385216,5.24956,-6.03948,3.48166,-0.44176,0.84826,0.16893,-0.23827,0.23870,0.02278,-0.08150,
1641629433231385344,5.26088,-6.03849,3.47869,-0.44391,0.85313,0.16244,-0.22072,0.22875,0.00957,-0.02227,
1641629433271385088,5.26932,-6.03763,3.47873,-0.44707,0.85560,0.15849,-0.20725,0.21768,0.01246,0.03773,
1641629433321385216,5.27913,-6.03675,3.48228,-0.45507,0.85667,0.15253,-0.18911,0.19190,0.00883,0.11689,
1641629433371385344,5.28730,-6.03643,3.48975,-0.46792,0.85434,0.14564,-0.17305,0.15108,-0.01253,0.18655,
1641629433421385216,5.29304,-6.03777,3.49991,-0.48097,0.84947,0.14490,-0.16149,0.09607,-0.04967,0.22726,
1641629433471385344,5.29596,-6.04097,3.51134,-0.49373,0.84233,0.14906,-0.15648,0.03055,-0.07750,0.23450,
1641629433521385216,5.29572,-6.04549,3.52216,0.50375,-0.83513,-0.15723,0.15517,-0.02870,-0.09997,0.20631,
1641629433571385088,5.29316,-6.05075,3.53101,0.51180,-0.82791,-0.16934,0.15479,-0.08240,-0.10813,0.15693,
1641629433621386240,5.28815,-6.05611,3.53677,0.51745,-0.82155,-0.18495,0.15196,-0.12912,-0.10896,0.08788,
1641629433671385344,5.28121,-6.06126,3.53931,0.52076,-0.81608,-0.20339,0.14645,-0.16774,-0.10249,0.02657,
1641629433721385216,5.27242,-6.06590,3.53888,0.52214,-0.81164,-0.22058,0.14125,-0.19770,-0.09527,-0.03137,
1641629433771385088,5.26217,-6.07038,3.53596,0.52119,-0.80852,-0.23500,0.13939,-0.22028,-0.09826,-0.08508,
1641629433821385216,5.25119,-6.07555,3.53034,0.51211,-0.80865,-0.25190,0.14276,-0.22023,-0.11600,-0.13537,
1641629433871386368,5.24054,-6.08155,3.52288,-0.49897,0.80919,0.27056,-0.15179,-0.21629,-0.12738,-0.16192,
1641629433921385216,5.23003,-6.08817,3.51444,-0.48333,0.81115,0.28691,-0.16161,-0.20827,-0.13604,-0.17488,
1641629433971386112,5.22007,-6.09505,3.50582,-0.46920,0.81284,0.30102,-0.16892,-0.19951,-0.14155,-0.17340,
1641629434021385216,5.21032,-6.10188,3.49749,-0.45712,0.81390,0.31374,-0.17372,-0.19191,-0.14559,-0.16213,
1641629434051385088,5.20470,-6.10609,3.49292,-0.44989,0.81461,0.32096,-0.17606,-0.18759,-0.14838,-0.14517,
1641629434101385216,5.19548,-6.11350,3.48664,-0.43843,0.81570,0.33073,-0.18173,-0.18091,-0.15668,-0.10244,
1641629434151385344,5.18726,-6.12158,3.48290,-0.42570,0.81578,0.34026,-0.19367,-0.16080,-0.16668,-0.03806,
1641629434201385216,5.17995,-6.12996,3.48250,-0.41368,0.81368,0.34797,-0.21381,-0.14459,-0.17087,0.02976,
1641629434251385088,5.17373,-6.13858,3.48565,-0.40324,0.80887,0.35393,-0.24055,-0.11674,-0.16931,0.10291,
1641629434301385216,5.16902,-6.14682,3.49212,-0.39291,0.80163,0.35885,-0.27246,-0.07976,-0.15164,0.16538,
1641629434351385088,5.16619,-6.15378,3.50160,-0.38448,0.79224,0.36199,-0.30576,-0.03930,-0.11682,0.21993,
1641629434401385216,5.16521,-6.15879,3.51332,-0.38146,0.78223,0.36081,-0.33530,-0.00421,-0.07669,0.26569,
1641629434451385344,5.16589,-6.16192,3.52682,-0.38493,0.77172,0.35676,-0.35916,0.02823,-0.04621,0.28867,
1641629434501385216,5.16805,-6.16393,3.54133,-0.39337,0.76103,0.35216,-0.37694,0.06587,-0.02257,0.30593,
1641629434551385088,5.17195,-6.16466,3.55601,-0.40552,0.74981,0.34730,-0.39081,0.09641,0.00040,0.29773,
1641629434601385216,5.17694,-6.16383,3.56991,-0.42309,0.73820,0.34006,-0.40053,0.11924,0.02712,0.26730,
1641629434651385344,5.18276,-6.16131,3.58161,-0.44201,0.73008,0.32947,-0.40381,0.13044,0.05562,0.21587,
1641629434701385216,5.18894,-6.15745,3.59065,-0.45746,0.72756,0.31474,-0.40290,0.13768,0.07492,0.14628,
1641629434751385088,5.19567,-6.15304,3.59541,-0.46787,0.72923,0.30164,-0.39792,0.14888,0.06972,0.05566,
1641629434801385216,5.20266,-6.14920,3.59573,-0.47261,0.73328,0.29014,-0.39338,0.15763,0.05645,-0.03132,
1641629434851385088,5.20971,-6.14565,3.59210,-0.47319,0.73928,0.27887,-0.38960,0.15301,0.05568,-0.10111,
1641629434881385216,5.21329,-6.14314,3.58836,-0.47085,0.74500,0.27123,-0.38691,0.13871,0.06274,-0.13451,
1641629434931385344,5.21915,-6.13913,3.58010,-0.46372,0.75866,0.25937,-0.37699,0.12670,0.06346,-0.18134,
1641629434981385216,5.22534,-6.13560,3.57018,-0.45978,0.77171,0.24767,-0.36293,0.13387,0.05778,-0.20640,
1641629435031385088,5.23246,-6.13291,3.55960,-0.45811,0.78423,0.23727,-0.34471,0.14655,0.05196,-0.22040,
1641629435081385216,5.23995,-6.12998,3.54919,-0.45774,0.79651,0.22558,-0.32429,0.15619,0.06387,-0.19384,
1641629435131385344,5.24807,-6.12668,3.53983,-0.45433,0.80877,0.21456,-0.30569,0.17972,0.06077,-0.17263,
1641629435181385216,5.25721,-6.12334,3.53201,-0.44843,0.81976,0.20731,-0.28971,0.20371,0.06196,-0.12785,
1641629435231385344,5.26749,-6.12001,3.52634,-0.44477,0.82905,0.19699,-0.27577,0.22649,0.05687,-0.08897,
1641629435271385088,5.27650,-6.11742,3.52326,-0.44369,0.83518,0.18788,-0.26518,0.24172,0.04899,-0.06064,
1641629435321385216,5.28892,-6.11510,3.52077,-0.44535,0.84088,0.17854,-0.25040,0.26076,0.04383,-0.03095,
1641629435371385344,5.30182,-6.11266,3.52011,-0.44945,0.84604,0.16774,-0.23255,0.26522,0.05165,0.01386,
1641629435421385216,5.31476,-6.11006,3.52207,-0.45736,0.84974,0.15290,-0.21305,0.26942,0.04481,0.07630,
1641629435471385344,5.32794,-6.10824,3.52712,-0.46729,0.85027,0.13868,-0.19860,0.26010,0.03151,0.14018,
1641629435521385216,5.34017,-6.10697,3.53573,-0.47602,0.84933,0.12676,-0.18966,0.22994,0.01916,0.21681,
1641629435571385088,5.35047,-6.10660,3.54758,-0.48952,0.84450,0.11536,-0.18408,0.17914,-0.00527,0.26503,
1641629435621385216,5.35805,-6.10747,3.56100,0.50775,-0.83552,-0.10835,0.17987,0.11216,-0.02670,0.27836,
1641629435671385344,5.36222,-6.10921,3.57394,0.52343,-0.82681,-0.10895,0.17473,0.03779,-0.03850,0.25329,
1641629435721385216,5.36303,-6.11105,3.58509,0.53695,-0.81860,-0.11423,0.16889,-0.03496,-0.03754,0.20765,
1641629435771385088,5.36075,-6.11282,3.59358,0.54723,-0.81139,-0.12228,0.16501,-0.09560,-0.02658,0.14763,
1641629435821385216,5.35553,-6.11378,3.59877,0.55307,-0.80612,-0.12943,0.16593,-0.14934,-0.01259,0.06682,
1641629435871385344,5.34779,-6.11401,3.59949,0.55055,-0.80506,-0.13961,0.17112,-0.19881,-0.00003,-0.02737,
1641629435921385216,5.33725,-6.11378,3.59555,0.54065,-0.80773,-0.15384,0.17777,-0.24175,0.00577,-0.12279,
1641629435971385344,5.32459,-6.11334,3.58749,0.52672,-0.81268,-0.16823,0.18389,-0.28221,0.00619,-0.19649,
1641629436021385216,5.31010,-6.11337,3.57623,0.50964,-0.81977,-0.18119,0.18819,-0.31448,-0.01494,-0.25176,
1641629436051385088,5.30105,-6.11427,3.56859,-0.49865,0.82392,0.19049,-0.19032,-0.32370,-0.03262,-0.27301,
1641629436101385216,5.28494,-6.11655,3.55499,-0.47871,0.83035,0.20772,-0.19546,-0.33771,-0.05516,-0.27153,
1641629436151385344,5.26813,-6.12027,3.54233,-0.45561,0.83732,0.22270,-0.20426,-0.34538,-0.09648,-0.23966,
1641629436201385216,5.25097,-6.12622,3.53173,-0.43419,0.84056,0.23925,-0.21840,-0.34814,-0.14296,-0.19197,
1641629436251385088,5.23361,-6.13427,3.52307,-0.41281,0.84058,0.25942,-0.23604,-0.34520,-0.18259,-0.15809,
1641629436301385216,5.21682,-6.14390,3.51599,-0.39288,0.83726,0.28569,-0.25105,-0.32757,-0.20012,-0.12347,
1641629436351385088,5.20124,-6.15383,3.51060,-0.37937,0.83154,0.31135,-0.26016,-0.30156,-0.19178,-0.08331,
1641629436401385216,5.18698,-6.16287,3.50799,-0.37164,0.82573,0.33196,-0.26431,-0.26759,-0.16507,-0.01403,
1641629436451386112,5.17503,-6.17062,3.50919,-0.36845,0.81878,0.34865,-0.26886,-0.21939,-0.13923,0.06959,
1641629436501385216,5.16557,-6.17732,3.51463,-0.36799,0.81080,0.36092,-0.27736,-0.16523,-0.12130,0.15860,
1641629436551385088,5.15933,-6.18369,3.52431,-0.36622,0.80117,0.37109,-0.29377,-0.09424,-0.11573,0.23953,
1641629436601385216,5.15677,-6.19025,3.53744,-0.36649,0.78832,0.37906,-0.31710,-0.02350,-0.10444,0.29909,
1641629436651385344,5.15723,-6.19598,3.55283,-0.36920,0.77457,0.38249,-0.34268,0.03525,-0.07994,0.32948,
1641629436701385216,5.16038,-6.20026,3.56896,-0.37563,0.76194,0.38069,-0.36528,0.08588,-0.05264,0.33150,
1641629436751385088,5.16567,-6.20339,3.58445,-0.38670,0.75115,0.37489,-0.38170,0.12548,-0.03605,0.30149,
1641629436801385216,5.17235,-6.20559,3.59802,-0.39913,0.74228,0.36882,-0.39202,0.15168,-0.02571,0.25469,
1641629436851386368,5.17950,-6.20726,3.60852,-0.41232,0.73477,0.36320,-0.39773,0.15628,-0.01922,0.17549,
1641629436891385344,5.18517,-6.20771,3.61386,-0.42115,0.73126,0.36021,-0.39766,0.14993,-0.00923,0.10686,
1641629436931385344,5.19006,-6.20773,3.61672,-0.42777,0.73071,0.35683,-0.39463,0.13549,0.00707,0.04868,
1641629436991385344,5.19670,-6.20659,3.61667,-0.43451,0.73519,0.34788,-0.38689,0.11901,0.02447,-0.04859,
1641629437031385088,5.20157,-6.20524,3.61368,-0.43479,0.74025,0.34560,-0.37887,0.11834,0.04440,-0.09864,
1641629437081385216,5.20623,-6.20157,3.60741,-0.43456,0.74871,0.33980,-0.36759,0.11162,0.07874,-0.14204,
1641629437131385344,5.21144,-6.19659,3.59896,-0.43212,0.76242,0.32835,-0.35237,0.12971,0.09005,-0.18877,
1641629437181385216,5.21806,-6.19148,3.58836,-0.43048,0.77679,0.31599,-0.33381,0.15454,0.08974,-0.21803,
1641629437241385216,5.22823,-6.18596,3.57478,-0.42752,0.79343,0.29945,-0.31307,0.19255,0.08416,-0.23174,
1641629437271385088,5.23411,-6.18349,3.56764,-0.42369,0.80181,0.29303,-0.30287,0.20867,0.07645,-0.23868,
1641629437321385216,5.24503,-6.17952,3.55557,-0.41818,0.81458,0.28411,-0.28437,0.23496,0.07976,-0.23436,
1641629437371385344,5.25677,-6.17509,3.54402,-0.41442,0.82815,0.27299,-0.26060,0.24630,0.09022,-0.20837,
1641629437421386240,5.26950,-6.17034,3.53513,-0.41095,0.84253,0.25503,-0.23711,0.28429,0.08582,-0.13979,
