1641629235331385088,0.08273,0.01302,0.01556,-0.77945,0.03242,0.07077,0.62161,
1641629235381385216,0.09669,0.01429,0.00618,-0.78424,0.03328,0.04957,0.61758,
1641629235431385344,0.11323,0.01352,0.00035,-0.78577,0.03676,0.02970,0.61671,
1641629235481385216,0.12866,0.01577,0.00047,-0.78969,0.03803,0.01535,0.61214,
1641629235531385088,0.14636,0.01387,0.00328,-0.79053,0.03627,-0.00121,0.61135,
1641629235581385216,0.16344,0.00973,0.01033,-0.78856,0.03083,-0.02382,0.61372,
1641629235631385344,0.17735,0.00600,0.02179,-0.78040,0.02236,-0.04791,0.62304,
1641629235681385216,0.18834,0.00231,0.03674,-0.77024,0.01089,-0.06940,0.63388,
1641629235731385344,0.19730,-0.00031,0.05259,-0.76170,-0.00307,-0.08816,0.64190,
1641629235781385216,0.20374,-0.00188,0.06821,-0.75669,-0.01557,-0.10180,0.64561,
1641629235831385088,0.20514,-0.00376,0.08142,-0.75158,-0.02742,-0.10981,0.64986,
1641629235881385216,0.20457,-0.00441,0.09121,-0.74739,-0.04441,-0.11937,0.65206,
1641629235931385344,0.19946,-0.00543,0.09759,-0.74075,-0.06083,-0.13336,0.65560,
1641629235981385216,0.18987,-0.00703,0.10097,-0.73733,-0.07906,-0.14611,0.65479,
1641629236031385088,0.17702,-0.00847,0.09901,-0.73951,-0.09743,-0.15081,0.64876,
1641629236081385216,0.16249,-0.00890,0.09117,-0.74616,-0.11141,-0.14613,0.63991,
1641629236131385344,0.14715,-0.00936,0.07792,-0.75795,-0.12690,-0.13347,0.62578,
1641629236181385216,0.13140,-0.00952,0.05989,-0.76883,-0.14026,-0.12019,0.61219,
1641629236231385344,0.11450,-0.01037,0.03879,-0.77698,-0.15503,-0.10966,0.60020,
1641629236281385216,0.09676,-0.01230,0.01930,-0.78257,-0.16591,-0.09519,0.59246,
1641629236331385088,0.07821,-0.01581,0.00225,-0.79120,-0.17575,-0.07477,0.58097,
1641629236381385216,0.05884,-0.02070,-0.01127,-0.79953,-0.18300,-0.04589,0.57022,
1641629236431385344,0.03916,-0.02557,-0.02097,-0.80556,-0.18939,-0.01622,0.56119,
1641629236481385216,0.01930,-0.03118,-0.02816,-0.80711,-0.19723,0.01192,0.55635,
1641629236531385088,-0.00007,-0.03776,-0.03176,-0.80538,-0.20913,0.03906,0.55326,
1641629236581385216,-0.01852,-0.04484,-0.03123,-0.80002,-0.22312,0.06607,0.55301,
1641629236631385344,-0.03439,-0.05228,-0.02520,-0.79180,-0.23681,0.09338,0.55521,
1641629236681385216,-0.04675,-0.05938,-0.01294,-0.77885,-0.24821,0.11896,0.56359,
1641629236731385344,-0.05674,-0.06715,0.00314,-0.76320,-0.25328,0.14231,0.57717,
1641629236781385216,-0.06464,-0.07485,0.02217,-0.74764,-0.25284,0.16232,0.59225,
1641629236831385088,-0.06822,-0.08372,0.04396,-0.73382,-0.24975,0.18131,0.60520,
1641629236881385216,-0.06655,-0.08899,0.06788,-0.72093,-0.24230,0.20188,0.61708,
1641629236931386112,-0.06167,-0.09110,0.09108,-0.71198,-0.23296,0.21543,0.62642,
1641629236981385216,-0.05274,-0.09246,0.11193,-0.70542,-0.22416,0.22625,0.63321,
1641629237031385088,-0.04089,-0.09384,0.12845,-0.69784,-0.21652,0.23276,0.64184,
1641629237081385216,-0.02684,-0.09317,0.13911,-0.69442,-0.20985,0.22788,0.64947,
1641629237131385344,-0.00991,-0.09143,0.14376,-0.69477,-0.19744,0.22089,0.65538,
1641629237181385216,0.00897,-0.08881,0.14258,-0.70104,-0.19251,0.21408,0.65242,
1641629237231385344,0.02895,-0.08594,0.13713,-0.70879,-0.19097,0.21122,0.64539,
1641629237281385216,0.04932,-0.08264,0.12784,-0.71903,-0.19231,0.20395,0.63594,
1641629237331385088,0.06976,-0.07980,0.11590,-0.72850,-0.19255,0.19175,0.62884,
1641629237381385216,0.09098,-0.07844,0.10286,-0.73563,-0.19639,0.17907,0.62307,
1641629237431385344,0.11184,-0.07792,0.08972,-0.74398,-0.19809,0.16320,0.61694,
1641629237481385216,0.13225,-0.07829,0.07760,-0.75045,-0.19875,0.14790,0.61274,
1641629237531387392,0.15275,-0.07889,0.06711,-0.75912,-0.19975,0.13209,0.60530,
1641629237581385216,0.17272,-0.08020,0.05894,-0.76631,-0.19514,0.11811,0.60061,
1641629237631385344,0.19204,-0.08371,0.05293,-0.77268,-0.19499,0.10586,0.59477,
1641629237681385216,0.21046,-0.08989,0.05000,-0.77813,-0.19539,0.09542,0.58926,
1641629237731385344,0.22765,-0.09829,0.05094,-0.78075,-0.19784,0.08804,0.58612,
1641629237831385088,0.25617,-0.11926,0.06569,-0.77689,-0.21975,0.08398,0.58404,
1641629237881385216,0.26562,-0.13147,0.07745,-0.77027,-0.23627,0.09482,0.58469,
1641629237931385344,0.27081,-0.14328,0.08975,-0.76424,-0.25740,0.11292,0.58045,
1641629237981385216,0.27165,-0.15361,0.10050,-0.75771,-0.28352,0.13727,0.57153,
1641629238031385088,0.26835,-0.16174,0.10776,-0.74992,-0.31299,0.16291,0.55957,
1641629238081385216,0.26174,-0.16704,0.11122,-0.73774,-0.34261,0.19030,0.54967,
1641629238131385344,0.25208,-0.16928,0.11151,-0.72469,-0.36481,0.22027,0.54149,
1641629238181385216,0.23951,-0.16754,0.10878,-0.71226,-0.38279,0.25327,0.53105,
1641629238231385344,0.22562,-0.16347,0.10335,-0.70086,-0.39958,0.28119,0.51967,
1641629238281385216,0.21096,-0.15863,0.09642,-0.68896,-0.41149,0.30565,0.51244,
1641629238331385088,0.19553,-0.15332,0.08800,-0.67824,-0.42439,0.32575,0.50376,
1641629238381385216,0.17972,-0.14885,0.08008,0.66655,0.43678,-0.34581,-0.49534,
1641629238431386112,0.16341,-0.14544,0.07314,0.65592,0.44645,-0.36850,-0.48442,
1641629238481385216,0.14726,-0.14341,0.06696,0.64567,0.45927,-0.39132,-0.46802,
1641629238531385088,0.13296,-0.14316,0.06182,0.63591,0.47086,-0.41097,-0.45278,
1641629238581385216,0.11857,-0.14383,0.05809,0.62494,0.48002,-0.42989,-0.44071,
1641629238631385344,0.10501,-0.14539,0.05696,0.61301,0.48861,-0.44943,-0.42837,
1641629238681385216,0.09134,-0.14744,0.05848,0.60133,0.49824,-0.46563,-0.41635,
1641629238731385344,0.08850,-0.15227,0.06525,0.58747,0.50743,-0.47768,-0.41136,
1641629238781385216,0.06808,-0.15290,0.07151,0.57362,0.51261,-0.48954,-0.41054,
1641629238831385088,0.06026,-0.15431,0.08389,0.55928,0.51602,-0.50285,-0.40997,
1641629238881385216,0.05366,-0.15705,0.09792,0.54496,0.51496,-0.51547,-0.41488,
1641629238931385344,0.04860,-0.15866,0.11395,0.53289,0.51374,-0.52474,-0.42041,
1641629238981385216,0.04379,-0.15750,0.12685,-0.52291,-0.51010,0.52862,0.43235,
1641629239031385088,0.04577,-0.15391,0.14737,-0.51821,-0.50278,0.52730,0.44790,
1641629239081385216,0.04164,-0.14884,0.16343,-0.51546,-0.49144,0.52922,0.46121,
1641629239131385344,0.05068,-0.14330,0.17006,-0.51462,-0.47648,0.53580,0.47017,
1641629239181385216,0.06164,-0.13366,0.18339,-0.51842,-0.45847,0.54196,0.47678,
1641629239231385344,0.07093,-0.12626,0.18921,-0.52466,-0.44111,0.54533,0.48246,
1641629239281386240,0.08338,-0.12136,0.18578,-0.53311,-0.42741,0.54293,0.48820,
1641629239331385088,0.09130,-0.11337,0.18174,0.54575,0.41499,-0.53633,-0.49222,
1641629239381385216,0.10747,-0.10479,0.17268,0.56213,0.40410,-0.52711,-0.49282,
1641629239431385344,0.12141,-0.09963,0.15623,0.58035,0.39612,-0.51755,-0.48828,
1641629239481385216,0.12732,-0.09877,0.13952,0.59624,0.38688,-0.51051,-0.48394,
1641629239531385088,0.14140,-0.09399,0.12287,0.61522,0.37666,-0.50181,-0.47730,
1641629239581385216,0.15244,-0.09185,0.10611,0.63719,0.36437,-0.48789,-0.47243,
1641629239631385344,0.16638,-0.09057,0.08901,0.65510,0.35555,-0.47098,-0.47182,
1641629239681385216,0.18039,-0.08960,0.07672,0.67267,0.34530,-0.45359,-0.47174,
1641629239731385344,0.19742,-0.08866,0.06786,0.68640,0.33442,-0.44048,-0.47223,
1641629239781386240,0.21491,-0.08872,0.06245,0.69454,0.32740,-0.43132,-0.47369,
1641629239831385088,0.23179,-0.08921,0.06028,0.70226,0.32168,-0.41954,-0.47679,
1641629239881385216,0.24737,-0.09038,0.06137,0.71111,0.31661,-0.40177,-0.48234,
1641629239931385344,0.26290,-0.09294,0.06583,0.71645,0.31618,-0.38275,-0.49014,
1641629239981385216,0.27693,-0.09628,0.07426,0.71993,0.31772,-0.36646,-0.49644,
1641629240081385216,0.30372,-0.10958,0.10633,-0.71071,-0.33258,0.34224,0.51686,
1641629240131385344,0.31065,-0.11740,0.12332,-0.70249,-0.34886,0.33084,0.52474,
1641629240181385216,0.31341,-0.12470,0.14013,-0.69234,-0.36526,0.32411,0.53123,
1641629240231385344,0.31108,-0.13046,0.15478,-0.68392,-0.38250,0.32196,0.53131,
1641629240281385216,0.30538,-0.13437,0.16537,-0.67910,-0.40005,0.32222,0.52437,
1641629240331385088,0.29574,-0.13750,0.17017,-0.67306,-0.42153,0.31795,0.51790,
1641629240381385216,0.28325,-0.14007,0.16947,-0.66644,-0.44323,0.31374,0.51086,
1641629240431385344,0.26497,-0.14131,0.16084,0.65882,0.46668,-0.31342,-0.49995,
1641629240481385216,0.25452,-0.14503,0.15288,0.65041,0.49022,-0.31781,-0.48544,
1641629240531385088,0.23964,-0.14643,0.13989,0.64409,0.50498,-0.33015,-0.47026,
1641629240581385216,0.22413,-0.14638,0.12528,0.64026,0.51426,-0.34757,-0.45255,
1641629240631385344,0.20946,-0.14589,0.10982,0.63556,0.52355,-0.36522,-0.43424,
1641629240681385216,0.19581,-0.14527,0.09474,0.63059,0.53075,-0.38265,-0.41741,
1641629240731385344,0.18202,-0.14482,0.08074,0.62342,0.53520,-0.40193,-0.40418,
1641629240781385216,0.16860,-0.14532,0.06841,0.61428,0.53905,-0.42265,-0.39172,
1641629240831385088,0.15516,-0.14665,0.05827,0.60520,0.53949,-0.44602,-0.37915,
1641629240881385216,0.14103,-0.14859,0.05070,0.59766,0.54051,-0.46723,-0.36380,
1641629240931385344,0.12714,-0.15150,0.04659,0.58942,0.53852,-0.48968,-0.35041,
1641629240981385216,0.11382,-0.15575,0.04565,0.57752,0.54253,-0.50763,-0.33829,
1641629241031385088,0.10121,-0.16028,0.04907,0.56347,0.54718,-0.52171,-0.33305,
1641629241081385216,0.08746,-0.16439,0.05654,0.54870,0.55122,-0.53385,-0.33181,
1641629241131385344,0.07911,-0.16763,0.06915,0.53274,0.55287,-0.54763,-0.33259,
1641629241181385216,0.07099,-0.17194,0.08361,-0.51519,-0.55183,0.56508,0.33278,
1641629241231385344,0.06857,-0.17208,0.10233,-0.50026,-0.55054,0.57896,0.33384,
1641629241281385216,0.06573,-0.17174,0.12006,-0.48862,-0.54833,0.58775,0.33931,
1641629241331385088,0.06343,-0.16872,0.13754,-0.47898,-0.54612,0.59128,0.35031,
1641629241381385216,0.06428,-0.16378,0.15544,-0.47524,-0.54195,0.58904,0.36533,
1641629241431385344,0.06344,-0.15487,0.17749,-0.47948,-0.53095,0.58467,0.38256,
1641629241481385216,0.07180,-0.14514,0.19080,-0.48418,-0.51619,0.58248,0.39979,
1641629241531385088,0.07973,-0.13406,0.20719,-0.48943,-0.49456,0.58258,0.42008,
1641629241581385216,0.09315,-0.12273,0.22112,-0.49547,-0.47431,0.57517,0.44578,
1641629241631385344,0.10824,-0.11182,0.23009,-0.50632,-0.44574,0.56661,0.47319,
1641629241681386240,0.12540,-0.10130,0.23321,-0.51916,-0.42020,0.55624,0.49448,
1641629241731386112,0.14314,-0.09049,0.23094,-0.53641,-0.38946,0.55066,0.50730,
1641629241781385216,0.15980,-0.07965,0.22096,-0.56153,-0.36960,0.53665,0.50999,
1641629241831385088,0.17419,-0.06875,0.20334,-0.59282,-0.34788,0.51119,0.51597,
1641629241881385216,0.18604,-0.05714,0.18058,-0.63412,-0.32611,0.47465,0.51599,
1641629241931385344,0.19798,-0.04594,0.15489,-0.67461,-0.30498,0.43477,0.51270,
1641629241981385216,0.21113,-0.03591,0.12917,-0.70918,-0.27989,0.39876,0.50963,
1641629242031385088,0.22497,-0.02686,0.10503,-0.73949,-0.25527,0.36198,0.50692,
1641629242081385216,0.24034,-0.01929,0.08390,-0.76342,-0.22759,0.32697,0.50841,
1641629242131385344,0.25589,-0.01357,0.06648,-0.78274,-0.20389,0.29132,0.51076,
1641629242181385216,0.27220,-0.00976,0.05437,-0.79532,-0.17930,0.25852,0.51815,
1641629242231385344,0.28859,-0.00785,0.04818,-0.80642,-0.15431,0.23048,0.52226,
1641629242281385216,0.30527,-0.00883,0.04793,-0.81014,-0.13575,0.20566,0.53194,
1641629242331385088,0.32243,-0.01140,0.05330,-0.81147,-0.12084,0.18082,0.54241,
1641629242381385216,0.33989,-0.01561,0.06289,-0.80959,-0.11426,0.15143,0.55550,
1641629242431385344,0.35553,-0.02061,0.07609,-0.80736,-0.11124,0.11421,0.56811,
1641629242481385216,0.37012,-0.02660,0.09252,-0.80147,-0.10862,0.07846,0.58283,
1641629242531385088,0.38315,-0.03254,0.11109,-0.79647,-0.10660,0.05010,0.59309,
1641629242581385216,0.39358,-0.03675,0.12985,-0.79524,-0.10496,0.03084,0.59635,
1641629242631385344,0.39955,-0.04168,0.14794,-0.79250,-0.10375,0.01899,0.60069,
1641629242681386240,0.39995,-0.04547,0.16233,-0.79157,-0.10095,0.00873,0.60262,
1641629242781386240,0.39240,-0.05019,0.17772,-0.78988,-0.10945,-0.01675,0.60318,
1641629242881385216,0.37414,-0.04872,0.16903,-0.79516,-0.12003,-0.02983,0.59366,
1641629242931385344,0.36197,-0.04774,0.15574,-0.80129,-0.13067,-0.02315,0.58337,
1641629242981385216,0.34677,-0.04557,0.13780,-0.80860,-0.14185,-0.01261,0.57087,
1641629243031385088,0.32947,-0.04313,0.11672,-0.81500,-0.15765,-0.00385,0.55759,
1641629243081385216,0.31029,-0.04126,0.09438,-0.81896,-0.17138,0.00439,0.54765,
1641629243131385344,0.28947,-0.04110,0.07274,-0.82378,-0.18242,0.01636,0.53651,
1641629243181385216,0.26835,-0.04442,0.05313,-0.83002,-0.19738,0.03513,0.52046,
1641629243231385344,0.24732,-0.05120,0.03692,-0.83243,-0.21397,0.05458,0.50824,
1641629243281385216,0.22656,-0.05903,0.02633,-0.83025,-0.22747,0.06983,0.50405,
1641629243331385088,0.20579,-0.06714,0.02225,-0.82515,-0.23357,0.08567,0.50718,
1641629243381385216,0.18575,-0.07497,0.02476,-0.81938,-0.24007,0.10462,0.50994,
1641629243431385344,0.16713,-0.08223,0.03368,-0.81032,-0.24391,0.12387,0.51822,
1641629243481385216,0.15039,-0.08809,0.04859,-0.79991,-0.24311,0.13879,0.53082,
1641629243531385088,0.13698,-0.09276,0.06900,-0.78672,-0.23707,0.15035,0.54978,
1641629243581385216,0.12700,-0.09663,0.09339,-0.77204,-0.22946,0.16083,0.57048,
1641629243631385344,0.12085,-0.09909,0.12022,-0.75960,-0.21731,0.17013,0.58893,
1641629243681385216,0.11887,-0.10020,0.14774,-0.74930,-0.20264,0.18006,0.60420,
1641629243731385344,0.12077,-0.10060,0.17415,-0.74147,-0.18486,0.18745,0.61718,
1641629243781385216,0.12658,-0.09976,0.19759,-0.73395,-0.16241,0.19045,0.63140,
1641629243831385088,0.13570,-0.09827,0.21627,-0.72907,-0.14341,0.18481,0.64322,
1641629243881385216,0.14789,-0.09656,0.22929,-0.72558,-0.12530,0.17507,0.65360,
1641629243931385344,0.16354,-0.09414,0.23793,-0.72457,-0.11039,0.16319,0.66045,
1641629243981385216,0.17915,-0.09289,0.23771,-0.72513,-0.09539,0.15072,0.66511,
1641629244031385088,0.19647,-0.09047,0.23502,-0.72816,-0.07649,0.13744,0.66712,
1641629244081385216,0.21474,-0.08812,0.22861,-0.73368,-0.05848,0.12451,0.66543,
1641629244131385344,0.23342,-0.08545,0.21852,-0.74227,-0.04223,0.10919,0.65980,
1641629244181385216,0.25245,-0.08123,0.20567,-0.75169,-0.02711,0.09107,0.65263,
1641629244231385344,0.27203,-0.07660,0.19114,-0.76278,-0.01154,0.07082,0.64267,
1641629244281385216,0.29092,-0.07226,0.17603,-0.77263,0.00049,0.04883,0.63298,
1641629244331385088,0.30921,-0.07028,0.16281,-0.78094,0.01238,0.02639,0.62392,
1641629244381385216,0.32637,-0.07064,0.15288,-0.78720,0.02287,0.00527,0.61625,
1641629244431385344,0.34128,-0.07299,0.14691,-0.79047,0.02869,-0.01427,0.61166,
1641629244481385216,0.35360,-0.07530,0.14620,-0.79215,0.03368,-0.02975,0.60867,
1641629244531385088,0.36283,-0.07800,0.15126,-0.79043,0.03489,-0.04084,0.61019,
1641629244581385216,0.36801,-0.08101,0.16145,-0.78667,0.03012,-0.05012,0.61460,
1641629244631385344,0.36828,-0.08449,0.17502,-0.78286,0.01624,-0.05750,0.61933,
1641629244681385216,0.36437,-0.08988,0.18998,-0.77534,-0.00159,-0.06254,0.62844,
1641629244731385344,0.35606,-0.09559,0.20407,-0.76768,-0.02303,-0.06361,0.63725,
1641629244781385216,0.34511,-0.10112,0.21496,-0.76193,-0.04553,-0.05881,0.64338,
1641629244831386368,0.33306,-0.10546,0.22147,-0.75739,-0.06825,-0.05205,0.64730,
1641629244881385216,0.32181,-0.10845,0.22468,-0.75267,-0.08860,-0.04716,0.65070,
1641629244931385344,0.30606,-0.10772,0.22417,-0.74909,-0.10294,-0.03783,0.65333,
1641629244981385216,0.29042,-0.10535,0.22098,-0.74952,-0.11421,-0.02358,0.65163,
1641629245031386112,0.27483,-0.10209,0.21376,-0.75220,-0.12331,-0.00825,0.64724,
1641629245081385216,0.25968,-0.09856,0.20259,-0.75710,-0.12997,0.00409,0.64022,
1641629245131385344,0.24483,-0.09566,0.18855,-0.76347,-0.13888,0.01436,0.63057,
1641629245181385216,0.23088,-0.09476,0.17469,-0.76901,-0.14607,0.02825,0.62168,
1641629245231385344,0.21745,-0.09563,0.16245,-0.77431,-0.15294,0.04599,0.61232,
1641629245281385216,0.20440,-0.09751,0.15287,-0.77779,-0.15940,0.06616,0.60436,
1641629245331385088,0.19160,-0.09911,0.14638,-0.78037,-0.16674,0.08356,0.59686,
1641629245381385216,0.17949,-0.10054,0.14446,-0.77961,-0.17512,0.09880,0.59311,
1641629245431385344,0.16851,-0.10273,0.14796,-0.77412,-0.18178,0.11348,0.59566,
1641629245481386240,0.15897,-0.10552,0.15632,-0.76507,-0.18708,0.12691,0.60296,
1641629245531385088,0.15093,-0.10819,0.16838,-0.75502,-0.19136,0.13914,0.61152,
1641629245581385216,0.14499,-0.11090,0.18280,-0.74448,-0.19429,0.15152,0.62052,
1641629245631385344,0.14155,-0.11292,0.19774,-0.73472,-0.19590,0.15897,0.62971,
1641629245681385216,0.13975,-0.11285,0.21190,-0.72418,-0.19200,0.15907,0.64295,
1641629245731385344,0.14009,-0.11062,0.22360,-0.71655,-0.18759,0.15127,0.65458,
1641629245781385216,0.14475,-0.10900,0.23108,-0.71435,-0.17891,0.14273,0.66131,
1641629245831385088,0.15136,-0.10816,0.23743,-0.71384,-0.16767,0.13807,0.66577,
1641629245881385216,0.15299,-0.09826,0.24491,-0.71570,-0.15522,0.13208,0.66801,
1641629245931386112,0.16065,-0.09267,0.24760,-0.71882,-0.13993,0.12175,0.66999,
1641629245981385216,0.17004,-0.08694,0.24758,-0.72112,-0.12384,0.10205,0.67397,
1641629246031385088,0.18113,-0.08073,0.24493,-0.72307,-0.10325,0.07480,0.67891,
1641629246081385216,0.19355,-0.07440,0.24023,-0.72439,-0.08296,0.04593,0.68284,
1641629246131389184,0.20753,-0.06884,0.23391,-0.72756,-0.05780,0.02083,0.68328,
1641629246181385216,0.22203,-0.06458,0.22614,-0.73345,-0.03541,0.00184,0.67882,
1641629246231385344,0.23720,-0.06184,0.21770,-0.73841,-0.01600,-0.00949,0.67409,
1641629246281385216,0.25272,-0.05893,0.20868,-0.74263,0.00343,-0.02082,0.66937,
1641629246331385088,0.26881,-0.05531,0.19880,-0.74687,0.02570,-0.03390,0.66361,
1641629246381385216,0.28535,-0.05097,0.18786,-0.75359,0.04451,-0.04670,0.65418,
1641629246431385344,0.30244,-0.04706,0.17680,-0.76074,0.06437,-0.05546,0.64347,
1641629246481385216,0.31978,-0.04441,0.16639,-0.76707,0.08383,-0.06271,0.63296,
1641629246531385088,0.33704,-0.04309,0.15861,-0.77088,0.10966,-0.06363,0.62424,
1641629246581385216,0.35407,-0.04292,0.15350,-0.77265,0.12883,-0.06456,0.61826,
1641629246631385344,0.37115,-0.04276,0.15196,-0.77104,0.15015,-0.07475,0.61430,
1641629246681385216,0.38796,-0.04237,0.15360,-0.76675,0.16466,-0.09548,0.61308,
1641629246731385344,0.40406,-0.04226,0.15844,-0.76076,0.17995,-0.11193,0.61346,
1641629246781385216,0.41871,-0.04243,0.16647,-0.75301,0.19341,-0.12382,0.61664,
1641629246831385088,0.43092,-0.04199,0.17635,-0.74779,0.19855,-0.13467,0.61907,
1641629246881385216,0.44100,-0.04044,0.18796,-0.74622,0.19773,-0.14790,0.61821,
1641629246931385344,0.44943,-0.03852,0.20107,-0.74496,0.19426,-0.16413,0.61673,
1641629246981385216,0.45707,-0.03654,0.21590,-0.73892,0.19286,-0.18002,0.62000,
1641629247031385088,0.46247,-0.03597,0.23094,-0.72929,0.19447,-0.19500,0.62633,
1641629247081386240,0.46688,-0.03526,0.24476,-0.72258,0.19553,-0.20608,0.63023,
1641629247131385344,0.46969,-0.03475,0.25568,-0.71765,0.19442,-0.21141,0.63442,
1641629247331385088,0.47297,-0.03305,0.25127,-0.72237,0.19919,-0.19338,0.63334,
1641629247381385216,0.46853,-0.02803,0.23795,-0.72892,0.20475,-0.17494,0.62941,
1641629247431385344,0.46105,-0.02042,0.22082,-0.73868,0.20424,-0.15443,0.62353,
1641629247481385216,0.45040,-0.01130,0.20228,-0.75067,0.19686,-0.13143,0.61682,
1641629247531385088,0.43667,-0.00125,0.18399,-0.76216,0.18524,-0.11197,0.61013,
1641629247581385216,0.42080,0.00870,0.16728,-0.77349,0.16670,-0.09871,0.60347,
1641629247631385344,0.40445,0.01885,0.15343,-0.78324,0.14966,-0.08522,0.59739,
1641629247681385216,0.38856,0.02891,0.14391,-0.79224,0.13276,-0.06975,0.59150,
1641629247731385344,0.37321,0.03821,0.13979,-0.79911,0.11602,-0.05001,0.58776,
1641629247781385216,0.35885,0.04600,0.14121,-0.80062,0.09984,-0.03192,0.58994,
1641629247831385088,0.34633,0.05190,0.14862,-0.79666,0.08584,-0.01549,0.59811,
1641629247881385216,0.33637,0.05602,0.16149,-0.78826,0.07521,-0.00209,0.61073,
1641629247931385344,0.32974,0.05862,0.17889,-0.77780,0.06771,0.00980,0.62478,
1641629247981385216,0.32648,0.05973,0.19921,-0.76678,0.06264,0.01969,0.63855,
1641629248031385088,0.32666,0.05978,0.22075,-0.75676,0.05998,0.02740,0.65036,
1641629248081385216,0.32980,0.05898,0.24234,-0.74682,0.06234,0.03468,0.66119,
1641629248131385344,0.33540,0.05687,0.26271,-0.73553,0.06734,0.04197,0.67283,
1641629248181385216,0.34313,0.05408,0.28041,-0.72391,0.07678,0.04625,0.68404,
1641629248231386112,0.35244,0.05114,0.29382,-0.71453,0.08764,0.04579,0.69258,
1641629248281385216,0.36303,0.04799,0.30245,-0.70715,0.09997,0.04285,0.69865,
1641629248331385088,0.37443,0.04421,0.30526,-0.70147,0.11246,0.03597,0.70285,
1641629248381385216,0.38629,0.03985,0.30269,-0.70013,0.12336,0.03039,0.70262,
1641629248431386112,0.39810,0.03561,0.29548,-0.70161,0.13434,0.02283,0.69941,
1641629248481385216,0.40981,0.03148,0.28501,-0.70527,0.14599,0.01400,0.69361,
1641629248531385088,0.42127,0.02757,0.27228,-0.70938,0.15794,0.00414,0.68689,
1641629248581385216,0.43233,0.02302,0.25760,-0.71551,0.16771,-0.00448,0.67816,
1641629248631385344,0.44288,0.01903,0.24137,-0.72385,0.17675,-0.01249,0.66682,
1641629248681385216,0.45265,0.01577,0.22400,-0.73307,0.18505,-0.01950,0.65420,
1641629248731385344,0.46158,0.01285,0.20560,-0.74286,0.19165,-0.02533,0.64092,
1641629248781386240,0.46985,0.00927,0.18745,-0.75233,0.19545,-0.02859,0.62848,
1641629248831386368,0.47751,0.00668,0.16996,-0.76005,0.19915,-0.02818,0.61795,
1641629248881385216,0.48473,0.00364,0.15554,-0.76585,0.20252,-0.03150,0.60947,
1641629248931385344,0.49161,0.00104,0.14528,-0.77174,0.20576,-0.03993,0.60040,
1641629248981385216,0.49798,-0.00169,0.14107,-0.77653,0.20828,-0.05226,0.59236,
1641629249031385088,0.50254,-0.00593,0.14388,-0.77477,0.20934,-0.06923,0.59255,
1641629249081385216,0.50491,-0.01099,0.15273,-0.76869,0.20728,-0.08633,0.59892,
1641629249131385344,0.50551,-0.01555,0.16577,-0.76144,0.20359,-0.10188,0.60694,
1641629249181385216,0.50553,-0.01841,0.18288,-0.75436,0.19746,-0.11508,0.61540,
1641629249231385344,0.50254,-0.02213,0.19930,-0.74673,0.18937,-0.12686,0.62485,
1641629249281385216,0.49615,-0.02229,0.21527,-0.73759,0.18168,-0.13837,0.63545,
1641629249331385088,0.48971,-0.02301,0.23142,-0.72888,0.17363,-0.14599,0.64597,
1641629249381385216,0.48195,-0.02302,0.24454,-0.72165,0.16576,-0.14779,0.65567,
1641629249431385344,0.47331,-0.02126,0.25236,-0.71859,0.15886,-0.14585,0.66115,
1641629249481385216,0.46354,-0.01745,0.25387,-0.71848,0.15041,-0.14558,0.66330,
1641629249531385088,0.45278,-0.01241,0.24902,-0.72253,0.13870,-0.14487,0.66161,
1641629249581385216,0.44175,-0.00661,0.23879,-0.72972,0.12705,-0.14076,0.65693,
1641629249631385344,0.43123,0.00010,0.22510,-0.73953,0.11950,-0.13069,0.64941,
1641629249681385216,0.42070,0.00745,0.20892,-0.75057,0.11439,-0.11758,0.64010,
1641629249731385344,0.40881,0.01447,0.19098,-0.76363,0.10734,-0.10111,0.62859,
1641629249781385216,0.39425,0.02000,0.17245,-0.77509,0.09533,-0.08114,0.61933,
1641629249831385088,0.37717,0.02431,0.15384,-0.78514,0.07974,-0.06310,0.61091,
1641629249881385216,0.35751,0.02714,0.13653,-0.79180,0.06323,-0.04438,0.60587,
1641629249931385344,0.33562,0.02803,0.12055,-0.79735,0.04281,-0.02406,0.60152,
1641629249981385216,0.31210,0.02711,0.10565,-0.80063,0.02005,-0.00207,0.59882,
1641629250031385088,0.28753,0.02496,0.09075,-0.80564,-0.00592,0.01625,0.59215,
1641629250081385216,0.26244,0.02115,0.07616,-0.81077,-0.03482,0.03469,0.58330,
1641629250131385344,0.23777,0.01579,0.06271,-0.81471,-0.06212,0.05575,0.57383,
1641629250181385216,0.21397,0.00917,0.05085,-0.81594,-0.08481,0.07789,0.56655,
1641629250231386112,0.19069,0.00196,0.04040,-0.81715,-0.10515,0.10082,0.55771,
1641629250281385216,0.16747,-0.00567,0.03108,-0.81738,-0.12309,0.12372,0.54903,
1641629250331385088,0.14397,-0.01447,0.02301,-0.81720,-0.14419,0.14617,0.53855,
1641629250381385216,0.12049,-0.02450,0.01649,-0.81653,-0.16787,0.16788,0.52622,
1641629250431385344,0.09742,-0.03588,0.01231,-0.81300,-0.19325,0.18854,0.51588,
1641629250481385216,0.07548,-0.04802,0.01092,-0.80685,-0.21793,0.20869,0.50789,
1641629250531385088,0.05496,-0.05982,0.01260,-0.79845,-0.24014,0.22486,0.50424,
1641629250581385216,0.03613,-0.07059,0.01822,-0.78973,-0.25823,0.23719,0.50337,
1641629250631385344,0.01952,-0.08061,0.02836,-0.77917,-0.27375,0.25065,0.50510,
1641629250681385216,0.00568,-0.09031,0.04265,-0.76565,-0.28746,0.26705,0.50973,
1641629250731385344,-0.00561,-0.09964,0.06013,-0.75010,-0.29975,0.28327,0.51697,
1641629250781385216,-0.01442,-0.10845,0.07938,-0.73299,-0.31044,0.29660,0.52762,
1641629250831385088,-0.02049,-0.11614,0.09967,-0.71692,-0.31733,0.30796,0.53896,
1641629250881385216,-0.02380,-0.12295,0.11980,-0.70189,-0.32133,0.31793,0.55047,
1641629250931386112,-0.02437,-0.12820,0.13902,-0.68917,-0.32290,0.32738,0.56000,
1641629250981386240,-0.02269,-0.13140,0.15658,-0.67988,-0.32040,0.33426,0.56866,
1641629251031385088,-0.01850,-0.13257,0.17175,-0.67282,-0.31493,0.33825,0.57768,
1641629251081385216,-0.01226,-0.13177,0.18384,-0.66852,-0.30466,0.33943,0.58740,
1641629251131386368,-0.00373,-0.12913,0.19213,-0.66648,-0.29256,0.34000,0.59549,
1641629251181385216,0.00634,-0.12548,0.19597,-0.66695,-0.28072,0.34069,0.60025,
1641629251231385344,0.01731,-0.12051,0.19527,-0.67062,-0.26798,0.34136,0.60161,
1641629251281385216,0.02873,-0.11428,0.18996,-0.67619,-0.25426,0.34048,0.60182,
1641629251331385088,0.03991,-0.10715,0.18087,-0.68368,-0.24181,0.34013,0.59868,
1641629251381385216,0.05077,-0.09897,0.16754,-0.69346,-0.23191,0.33644,0.59342,
1641629251431385344,0.06255,-0.09035,0.15133,-0.70660,-0.22065,0.33107,0.58517,
1641629251481385216,0.07607,-0.08265,0.13432,-0.71917,-0.20346,0.32702,0.57833,
1641629251531385088,0.09154,-0.07643,0.11694,-0.72971,-0.18513,0.32292,0.57356,
1641629251581385216,0.10832,-0.07121,0.10069,-0.74101,-0.16711,0.32276,0.56463,
1641629251631385344,0.12469,-0.06763,0.08472,-0.75340,-0.15745,0.31909,0.55297,
1641629251681385216,0.14010,-0.06633,0.06962,-0.76258,-0.15598,0.31142,0.54512,
1641629251731385344,0.15375,-0.06726,0.05537,-0.77087,-0.16629,0.29047,0.54198,
1641629251781385216,0.16715,-0.07065,0.04588,-0.77358,-0.17375,0.27176,0.54547,
1641629251831386368,0.18071,-0.07609,0.04179,-0.77836,-0.18157,0.25965,0.54201,
1641629251931387136,0.20914,-0.09084,0.04640,-0.77788,-0.20001,0.24434,0.54332,
1641629252031385088,0.22957,-0.10545,0.05611,-0.77099,-0.22991,0.23583,0.54506,
1641629252081385216,0.23248,-0.11019,0.05907,-0.76744,-0.25074,0.23706,0.54034,
1641629252131385344,0.22990,-0.11468,0.06002,-0.76107,-0.27023,0.24404,0.53684,
1641629252181385216,0.22210,-0.11848,0.05767,-0.75420,-0.29129,0.25620,0.52980,
1641629252231385344,0.20939,-0.12186,0.05204,-0.74715,-0.31144,0.27090,0.52095,
1641629252281385216,0.19322,-0.12495,0.04383,-0.74030,-0.33151,0.28706,0.50956,
1641629252331385088,0.17455,-0.12812,0.03438,0.73537,0.35106,-0.30209,-0.49470,
1641629252381385216,0.15499,-0.13240,0.02462,0.72709,0.37194,-0.31932,-0.48067,
1641629252431385344,0.13340,-0.13791,0.01581,0.71458,0.39592,-0.33880,-0.46674,
1641629252481385216,0.11107,-0.14427,0.00792,0.70022,0.42087,-0.35919,-0.45115,
1641629252531385088,0.08910,-0.15165,0.00150,0.68456,0.44701,-0.37936,-0.43318,
1641629252581385216,0.06801,-0.15972,-0.00294,0.66545,0.47273,-0.39923,-0.41751,
1641629252631385344,0.04890,-0.16837,-0.00508,0.64598,0.49763,-0.41613,-0.40238,
1641629252681385216,0.03118,-0.17755,-0.00454,0.62371,0.52205,-0.43225,-0.38937,
1641629252731385344,0.01787,-0.18659,0.00051,0.59963,0.54243,-0.45054,-0.37845,
1641629252781386240,0.00722,-0.19499,0.00919,0.57643,0.56263,-0.46490,-0.36748,
1641629252831385088,0.00136,-0.20142,0.02170,0.55132,0.58137,-0.47534,-0.36347,
1641629252881385216,-0.01434,-0.20613,0.03303,0.52511,0.59656,-0.48364,-0.36670,
1641629252931385344,-0.00179,-0.20891,0.05438,0.50121,0.60679,-0.49176,-0.37251,
1641629252981385216,-0.00299,-0.21200,0.07287,0.48065,0.61050,-0.50457,-0.37640,
1641629253031385088,0.00160,-0.21012,0.09418,0.46327,0.61213,-0.52030,-0.37411,
1641629253081385216,0.00554,-0.20711,0.11479,0.44843,0.61256,-0.53620,-0.36901,
1641629253131385344,0.01217,-0.20141,0.13535,0.43464,0.61086,-0.55132,-0.36604,
1641629253181385216,0.01735,-0.19458,0.15388,0.42560,0.60622,-0.56197,-0.36817,
1641629253231385344,0.03166,-0.18317,0.16797,0.42201,0.59765,-0.56890,-0.37560,
1641629253281385216,0.03045,-0.17440,0.18619,0.42567,0.58443,-0.57410,-0.38426,
1641629253331385088,0.03931,-0.16231,0.19937,-0.43359,-0.56828,0.57757,0.39430,
1641629253381385216,0.04943,-0.15136,0.20746,-0.44247,-0.54766,0.57991,0.40987,
1641629253431386112,0.05912,-0.13981,0.21919,-0.45186,-0.52682,0.58254,0.42300,
1641629253481385216,0.06999,-0.12992,0.22540,-0.46270,-0.50927,0.57965,0.43653,
1641629253531385088,0.08194,-0.12153,0.22807,-0.47422,-0.49099,0.57445,0.45172,
1641629253581385216,0.09354,-0.11437,0.22663,-0.48656,-0.47649,0.56465,0.46625,
1641629253631386368,0.10454,-0.10783,0.22332,-0.50112,-0.46085,0.55698,0.47568,
1641629253681385216,0.11492,-0.10212,0.21569,-0.52104,-0.44800,0.54909,0.47572,
1641629253731385344,0.12462,-0.09691,0.20511,-0.54094,-0.43660,0.54126,0.47308,
1641629253781385216,0.13230,-0.09247,0.19194,0.56030,0.42354,-0.53374,-0.47095,
1641629253831385088,0.13993,-0.08962,0.17816,0.57958,0.41031,-0.52682,-0.46712,
1641629253881385216,0.15121,-0.08584,0.16344,0.59589,0.39879,-0.52139,-0.46264,
1641629253931386112,0.16350,-0.08167,0.15034,0.61034,0.38890,-0.51592,-0.45834,
1641629253981385216,0.17538,-0.07767,0.13754,0.62763,0.37698,-0.50817,-0.45357,
1641629254031385088,0.18494,-0.07377,0.12365,0.64620,0.36832,-0.49619,-0.44785,
1641629254081385216,0.20147,-0.06994,0.11537,0.66361,0.36179,-0.47870,-0.44674,
1641629254131385344,0.21534,-0.06666,0.10838,0.68038,0.35309,-0.45739,-0.45077,
1641629254181385216,0.22964,-0.06443,0.10632,0.69453,0.34193,-0.43998,-0.45512,
1641629254231385344,0.24691,-0.06330,0.10780,0.70242,0.33325,-0.42904,-0.45986,
1641629254281385216,0.26417,-0.06440,0.11385,0.70709,0.32917,-0.41749,-0.46623,
1641629254331385088,0.28000,-0.06662,0.12352,0.71052,0.32569,-0.40287,-0.47621,
1641629254381385216,0.29442,-0.06951,0.13665,0.71006,0.32616,-0.38759,-0.48909,
1641629254431386112,0.30683,-0.07272,0.15261,-0.70620,-0.32841,0.37373,0.50374,
1641629254481385216,0.31664,-0.07574,0.17035,-0.69971,-0.33335,0.36299,0.51723,
1641629254581385216,0.32381,-0.08144,0.20262,-0.68787,-0.34797,0.34513,0.53539,
1641629254731385344,0.30719,-0.08786,0.22188,-0.67949,-0.36349,0.33609,0.54149,
1641629254781385216,0.29664,-0.08892,0.21824,-0.67951,-0.37359,0.33737,0.53375,
1641629254831385088,0.28348,-0.08991,0.20966,-0.67867,-0.38136,0.33946,0.52795,
1641629254881385216,0.26858,-0.09052,0.19710,-0.68241,-0.38766,0.34261,0.51638,
1641629254931385344,0.25318,-0.09136,0.18195,-0.68608,-0.39290,0.34946,0.50280,
1641629254981385216,0.23769,-0.09242,0.16537,0.68895,0.39874,-0.35937,-0.48704,
1641629255031386112,0.22155,-0.09407,0.14800,0.69081,0.40262,-0.37260,-0.47100,
1641629255081385216,0.20593,-0.09711,0.13054,0.69177,0.41134,-0.38124,-0.45487,
1641629255131385344,0.19486,-0.10565,0.11472,0.68983,0.42228,-0.38845,-0.44150,
1641629255181385216,0.17929,-0.11001,0.10361,0.68747,0.43371,-0.39392,-0.42908,
1641629255231385344,0.16046,-0.11683,0.08926,0.68473,0.44906,-0.39651,-0.41505,
1641629255281385216,0.14588,-0.12545,0.08188,0.67771,0.46484,-0.39985,-0.40590,
1641629255331385088,0.13311,-0.13481,0.07786,0.66957,0.48144,-0.40511,-0.39469,
1641629255381385216,0.11963,-0.14345,0.07957,0.65880,0.49753,-0.41501,-0.38238,
1641629255431385344,0.10870,-0.15189,0.08560,0.64382,0.51316,-0.42988,-0.37063,
1641629255481385216,0.10050,-0.15922,0.09743,0.62901,0.52325,-0.44613,-0.36265,
1641629255531385088,0.09494,-0.16419,0.11413,0.61154,0.52855,-0.46296,-0.36376,
1641629255581385216,0.09171,-0.16604,0.13441,0.59403,0.52844,-0.47846,-0.37277,
1641629255631385344,0.09198,-0.16554,0.15833,0.57981,0.51982,-0.49157,-0.38983,
1641629255681385216,0.09385,-0.16177,0.18156,0.57450,0.50399,-0.49660,-0.41150,
1641629255731385344,0.09603,-0.15414,0.20265,0.57647,0.48355,-0.49203,-0.43791,
1641629255781385216,0.10110,-0.14466,0.21802,0.58876,0.45780,-0.47677,-0.46526,
1641629255831385088,0.10546,-0.13437,0.22720,0.60586,0.43042,-0.45318,-0.49225,
1641629255891385344,0.11444,-0.11931,0.22980,-0.62576,-0.40153,0.42062,0.51989,
1641629255931385344,0.12246,-0.11012,0.22813,-0.63765,-0.38076,0.39801,0.53853,
1641629255981385216,0.12743,-0.09759,0.21654,-0.65833,-0.35272,0.36876,0.55336,
1641629256031385088,0.13637,-0.08432,0.20463,-0.68320,-0.32392,0.34801,0.55425,
1641629256081385216,0.14690,-0.07142,0.19003,-0.70394,-0.29855,0.33351,0.55146,
1641629256131385344,0.15797,-0.05819,0.17326,-0.72385,-0.27038,0.32158,0.54729,
1641629256181385216,0.16890,-0.04417,0.15343,-0.74547,-0.24470,0.29980,0.54269,
1641629256231385344,0.18050,-0.02998,0.13209,-0.76601,-0.21812,0.27026,0.54093,
1641629256281385216,0.19268,-0.01652,0.11106,-0.78195,-0.18889,0.24370,0.54174,
1641629256331385088,0.20536,-0.00536,0.09065,-0.79431,-0.17066,0.22133,0.53940,
1641629256381385216,0.21893,0.00354,0.07235,-0.80340,-0.15222,0.20331,0.53855,
1641629256431385344,0.23293,0.01033,0.05647,-0.80833,-0.13606,0.17594,0.54510,
1641629256481385216,0.24679,0.01590,0.04404,-0.81157,-0.12356,0.13614,0.55458,
1641629256531385088,0.25995,0.02045,0.03669,-0.81420,-0.11007,0.10029,0.56116,
1641629256581385216,0.27345,0.02327,0.03578,-0.81791,-0.10301,0.07656,0.56084,
1641629256631385344,0.28757,0.02447,0.04202,-0.81702,-0.09494,0.06264,0.56528,
1641629256681385216,0.30131,0.02479,0.05423,-0.81157,-0.08327,0.04740,0.57634,
1641629256731385344,0.31358,0.02471,0.07189,-0.80354,-0.06918,0.03016,0.59044,
1641629256781385216,0.32314,0.02301,0.09347,-0.79278,-0.05990,0.01525,0.60636,
1641629256831385088,0.32949,0.02050,0.11754,-0.78045,-0.05343,0.00476,0.62291,
1641629256881385216,0.33180,0.01764,0.14155,-0.76701,-0.05017,-0.00724,0.63963,
1641629256931385344,0.32976,0.01536,0.16389,-0.75411,-0.04716,-0.01979,0.65476,
1641629256981385216,0.32416,0.01395,0.18249,-0.74216,-0.04622,-0.03031,0.66794,
1641629257031385088,0.31689,0.01426,0.19584,-0.73538,-0.04638,-0.03422,0.67520,
1641629257131385344,0.30075,0.01719,0.20179,-0.73701,-0.04899,-0.03117,0.67339,
1641629257181385216,0.28806,0.02198,0.19294,-0.74379,-0.05906,-0.02260,0.66542,
1641629257231385344,0.27399,0.02717,0.17784,-0.75366,-0.07181,-0.01114,0.65323,
1641629257281385216,0.25846,0.03361,0.15822,-0.76665,-0.08016,-0.00150,0.63705,
1641629257331385088,0.24158,0.03846,0.13609,-0.77970,-0.09127,0.01506,0.61928,
1641629257381385216,0.22335,0.04051,0.11462,-0.79146,-0.10902,0.04171,0.59997,
1641629257431385344,0.20421,0.03945,0.09604,-0.79747,-0.12809,0.06742,0.58573,
1641629257481385216,0.18417,0.03709,0.08203,-0.79827,-0.14523,0.08410,0.57845,
1641629257531385088,0.16515,0.03163,0.07252,-0.79618,-0.16315,0.09939,0.57412,
1641629257581385216,0.14428,0.02793,0.07099,-0.79217,-0.18617,0.11524,0.56967,
1641629257631385344,0.12645,0.02286,0.07366,-0.78823,-0.20673,0.12529,0.56592,
1641629257681385216,0.11154,0.01718,0.08224,-0.78163,-0.22307,0.12954,0.56790,
1641629257731385344,0.10061,0.00986,0.09683,-0.77006,-0.23684,0.13501,0.57679,
1641629257781385216,0.09365,0.00124,0.11595,-0.75726,-0.24649,0.13922,0.58858,
1641629257831385088,0.09090,-0.00848,0.13672,-0.74676,-0.25010,0.14058,0.60003,
1641629257881385216,0.09193,-0.01899,0.15701,-0.73936,-0.24782,0.14398,0.60926,
1641629257931385344,0.09579,-0.03038,0.17539,-0.73437,-0.24219,0.15019,0.61603,
1641629257981385216,0.10143,-0.04290,0.19014,-0.73007,-0.23656,0.15021,0.62328,
1641629258031385088,0.10826,-0.05614,0.20146,-0.72985,-0.22926,0.14570,0.62732,
1641629258131385344,0.12860,-0.08708,0.21456,-0.72836,-0.22321,0.13381,0.63384,
1641629258181386240,0.13971,-0.10096,0.21904,-0.72905,-0.21516,0.12818,0.63700,
1641629258231385344,0.15028,-0.11275,0.22144,-0.72974,-0.20555,0.12348,0.64029,
1641629258281386240,0.16105,-0.12317,0.22301,-0.73084,-0.19331,0.12424,0.64270,
1641629258381385216,0.18367,-0.14313,0.22363,-0.73364,-0.17326,0.12600,0.64488,
1641629258431385344,0.19374,-0.15267,0.22129,-0.73360,-0.16331,0.12240,0.64821,
1641629258481385216,0.20304,-0.16096,0.21849,-0.73462,-0.15014,0.11827,0.65101,
1641629258531385088,0.20822,-0.16452,0.21463,-0.73826,-0.14163,0.11179,0.64994,
1641629258781386240,0.19425,-0.14468,0.19378,-0.73983,-0.15000,0.11616,0.64549,
1641629258831385088,0.18692,-0.12980,0.18917,-0.73840,-0.15858,0.12414,0.64359,
1641629258881386240,0.17915,-0.11189,0.18460,-0.73791,-0.16734,0.13148,0.64047,
1641629258931385344,0.17163,-0.09200,0.18041,-0.73812,-0.17766,0.14179,0.63522,
1641629258981385216,0.16435,-0.07064,0.17614,-0.74092,-0.18673,0.14971,0.62750,
1641629259031385088,0.15425,-0.04649,0.17073,-0.74216,-0.19460,0.15667,0.62191,
1641629259081385216,0.14240,-0.02009,0.16433,-0.74666,-0.20391,0.16091,0.61239,
1641629259131385344,0.12978,0.00753,0.15667,-0.75285,-0.20921,0.15854,0.60358,
1641629259181385216,0.11784,0.03497,0.14800,-0.76015,-0.21300,0.15319,0.59442,
1641629259231385344,0.10679,0.05894,0.13840,-0.76659,-0.21454,0.14823,0.58680,
1641629259281386240,0.09623,0.08157,0.12707,-0.77275,-0.21385,0.13872,0.58127,
1641629259331385088,0.08595,0.10297,0.11445,-0.78211,-0.20996,0.12999,0.57212,
1641629259381385216,0.07536,0.12160,0.10007,-0.79144,-0.20665,0.12171,0.56224,
1641629259431385344,0.06455,0.13537,0.08607,-0.79802,-0.20633,0.12340,0.55259,
1641629259481385216,0.05315,0.14365,0.07362,-0.79991,-0.20924,0.13393,0.54628,
1641629259531385088,0.04123,0.14715,0.06408,-0.80087,-0.21353,0.15047,0.53886,
1641629259581385216,0.02848,0.14694,0.05802,-0.80360,-0.21818,0.15965,0.53023,
1641629259631385344,0.01605,0.14205,0.05687,-0.80117,-0.22767,0.16976,0.52675,
1641629259681385216,0.00580,0.13303,0.06119,-0.79420,-0.24322,0.18622,0.52480,
1641629259731385344,-0.00057,0.12258,0.06920,-0.78847,-0.25790,0.19892,0.52176,
1641629259781385216,-0.00165,0.11143,0.07947,-0.78197,-0.26535,0.20732,0.52453,
1641629259831385088,0.00320,0.09886,0.09114,-0.77212,-0.27232,0.21814,0.53112,
1641629259881385216,0.01287,0.08612,0.10321,-0.76298,-0.27898,0.23213,0.53493,
1641629259931385344,0.02593,0.07490,0.11518,-0.75678,-0.28331,0.24021,0.53788,
1641629259981387264,0.04262,0.06602,0.12819,-0.75196,-0.28219,0.24476,0.54316,
1641629260031385088,0.06290,0.05973,0.14218,-0.74802,-0.27124,0.24582,0.55360,
1641629260081385216,0.08578,0.05576,0.15458,-0.74575,-0.25386,0.24621,0.56462,
1641629260131385344,0.11039,0.05397,0.16204,-0.74509,-0.23456,0.24853,0.57276,
1641629260181385216,0.13545,0.05452,0.16184,-0.74928,-0.21374,0.24360,0.57754,
1641629260231385344,0.16008,0.05781,0.15339,-0.75980,-0.18842,0.22728,0.57926,
1641629260281386240,0.18517,0.06305,0.13866,-0.77625,-0.16088,0.21012,0.57219,
1641629260331385088,0.20949,0.06941,0.11872,-0.79369,-0.13132,0.19919,0.55958,
1641629260381385216,0.23816,0.07302,0.09945,-0.81063,-0.09964,0.19393,0.54346,
1641629260431385344,0.26429,0.07667,0.07887,-0.82642,-0.07053,0.18520,0.52702,
1641629260481385216,0.28946,0.07849,0.06298,-0.83771,-0.04115,0.16625,0.51856,
1641629260531385088,0.31241,0.07724,0.05561,-0.84234,-0.01673,0.13773,0.52078,
1641629260581385216,0.33282,0.07275,0.05923,-0.84046,-0.00309,0.11404,0.52973,
1641629260631385344,0.34997,0.06801,0.07290,-0.83533,0.00696,0.09367,0.54166,
1641629260681385216,0.36389,0.06398,0.09492,-0.82792,0.01393,0.07493,0.55564,
1641629260731385344,0.37390,0.06013,0.12315,-0.81718,0.01815,0.05711,0.57326,
1641629260781385216,0.37815,0.05616,0.15505,-0.80365,0.01762,0.04317,0.59327,
1641629260831385088,0.37633,0.05216,0.18769,-0.78927,0.01227,0.03218,0.61308,
1641629260881385216,0.36895,0.04872,0.21800,-0.77628,0.00170,0.02138,0.63002,
1641629260931386112,0.35976,0.04479,0.24537,-0.76618,-0.01308,0.01205,0.64238,
1641629260981385216,0.33999,0.04679,0.26280,-0.75865,-0.02935,0.00489,0.65082,
1641629261031385088,0.32089,0.04734,0.27333,-0.75498,-0.04777,0.00672,0.65398,
1641629261081385216,0.29941,0.04829,0.27450,-0.75582,-0.06933,0.01488,0.65093,
1641629261131385344,0.27648,0.04852,0.26674,-0.75873,-0.09455,0.02414,0.64406,
1641629261181385216,0.25257,0.04883,0.25188,-0.76351,-0.11937,0.03193,0.63386,
1641629261231385344,0.22940,0.04839,0.23287,-0.76924,-0.13971,0.04547,0.62184,
1641629261281385216,0.20668,0.04677,0.21042,-0.77703,-0.15915,0.06662,0.60535,
1641629261331385088,0.18367,0.04478,0.18412,-0.78689,-0.18231,0.08413,0.58352,
1641629261381385216,0.16152,0.04047,0.15570,-0.79529,-0.20625,0.09521,0.56206,
1641629261431385344,0.14037,0.03346,0.12710,-0.80016,-0.23078,0.10200,0.54413,
1641629261481385216,0.12089,0.02332,0.10075,-0.80382,-0.25406,0.11399,0.52568,
1641629261531385088,0.10303,0.01181,0.07734,-0.80857,-0.27533,0.12810,0.50398,
1641629261581385216,0.08689,-0.00015,0.05735,0.81000,0.29036,-0.14298,-0.48903,
1641629261631385344,0.07191,-0.01163,0.04194,0.81257,0.30060,-0.15997,-0.47305,
1641629261681385216,0.05806,-0.02300,0.03187,0.81190,0.31340,-0.17681,-0.45972,
1641629261731385344,0.04594,-0.03299,0.02967,0.80765,0.32646,-0.19430,-0.45096,
1641629261781385216,0.03765,-0.04026,0.03766,0.80018,0.33513,-0.20688,-0.45233,
1641629261831385088,0.03480,-0.04416,0.05709,0.79010,0.33350,-0.21701,-0.46629,
1641629261881385216,0.03838,-0.04648,0.08563,0.77644,0.32845,-0.22812,-0.48705,
1641629261931385344,0.04841,-0.04561,0.11985,-0.76276,-0.31822,0.23733,0.51049,
1641629261981385216,0.06382,-0.04365,0.15577,-0.74969,-0.30045,0.23975,0.53872,
1641629262031385088,0.08332,-0.04152,0.19044,-0.73761,-0.28087,0.23664,0.56661,
1641629262081385216,0.10576,-0.03988,0.22140,-0.72694,-0.26269,0.22899,0.59170,
1641629262131385344,0.13044,-0.03750,0.24756,-0.71792,-0.24506,0.21979,0.61338,
1641629262181385216,0.15669,-0.03296,0.26739,-0.71380,-0.22510,0.20705,0.63004,
1641629262231385344,0.18435,-0.02603,0.28051,-0.71611,-0.20031,0.19157,0.64060,
1641629262281385216,0.21364,-0.01788,0.28644,-0.72317,-0.17380,0.17539,0.64503,
1641629262331385088,0.24433,-0.00917,0.28521,-0.73348,-0.14633,0.15897,0.64446,
1641629262381385216,0.27610,-0.00122,0.27692,-0.74381,-0.11831,0.13935,0.64291,
1641629262431385344,0.30879,0.00532,0.26413,-0.75594,-0.08937,0.12013,0.63729,
1641629262481385216,0.34243,0.01069,0.24713,-0.76765,-0.05508,0.10000,0.63062,
1641629262531385088,0.37647,0.01393,0.22725,-0.77918,-0.01759,0.07825,0.62165,
1641629262581385216,0.41059,0.01551,0.20444,-0.78725,0.01969,0.05982,0.61341,
1641629262631387136,0.43975,0.00973,0.19112,-0.79197,0.05280,0.04615,0.60651,
1641629262681385216,0.46811,0.00458,0.17029,-0.79570,0.08324,0.02863,0.59926,
1641629262731385344,0.49321,-0.00218,0.15751,-0.79858,0.11118,0.00587,0.59150,
1641629262781385216,0.51571,-0.00986,0.15090,-0.80014,0.13176,-0.01358,0.58501,
1641629262831385088,0.53591,-0.01755,0.15219,-0.79907,0.14615,-0.02872,0.58250,
1641629262881385216,0.55434,-0.02406,0.15985,-0.79529,0.15689,-0.04571,0.58378,
1641629262931385344,0.56998,-0.02940,0.17447,-0.78881,0.16539,-0.06137,0.58878,
1641629262981385216,0.58234,-0.03475,0.19417,-0.78035,0.16938,-0.07472,0.59731,
1641629263031385088,0.59032,-0.03965,0.21723,-0.77078,0.16873,-0.08616,0.60828,
1641629263081385216,0.59369,-0.04284,0.24224,-0.75957,0.16700,-0.09783,0.62096,
1641629263131385344,0.59413,-0.04479,0.26763,-0.74811,0.16549,-0.10875,0.63334,
1641629263181385216,0.59208,-0.04581,0.29194,-0.73996,0.16170,-0.11437,0.64283,
1641629263231385344,0.58759,-0.04463,0.31369,-0.73400,0.15466,-0.11776,0.65074,
1641629263281385216,0.58028,-0.04184,0.33187,-0.72658,0.14653,-0.12614,0.65932,
1641629263331385088,0.57114,-0.03920,0.34619,-0.72112,0.13840,-0.13301,0.66569,
1641629263381385216,0.55994,-0.03726,0.35596,-0.71771,0.12878,-0.13511,0.67086,
1641629263431385344,0.54685,-0.03599,0.35994,-0.71534,0.11579,-0.13506,0.67575,
1641629263481385216,0.53292,-0.03386,0.35754,-0.71471,0.10230,-0.13262,0.67907,
1641629263531387392,0.52028,-0.03008,0.35018,-0.71748,0.09427,-0.13320,0.67720,
1641629263581385216,0.50882,-0.02627,0.33922,-0.72232,0.08822,-0.13003,0.67347,
1641629263631385344,0.49755,-0.02193,0.32512,-0.73024,0.08228,-0.11802,0.66787,
1641629263681385216,0.48629,-0.01693,0.30767,-0.74076,0.07675,-0.10299,0.65937,
1641629263731385344,0.47472,-0.01154,0.28766,-0.75190,0.07172,-0.08796,0.64944,
1641629263781385216,0.46392,-0.00632,0.26566,-0.76279,0.06661,-0.07447,0.63888,
1641629263831385088,0.45562,-0.00173,0.24339,-0.77242,0.06754,-0.06169,0.62849,
1641629263891385344,0.45085,0.00296,0.21707,-0.78372,0.07594,-0.04665,0.61468,
1641629263931386112,0.45012,0.00581,0.19936,-0.79196,0.08277,-0.03876,0.60370,
1641629263981385216,0.45287,0.00762,0.17886,-0.80009,0.09333,-0.03592,0.59149,
1641629264031385088,0.46002,0.00728,0.16163,-0.80530,0.10744,-0.04116,0.58160,
1641629264081385216,0.46911,0.00741,0.14829,-0.80907,0.12124,-0.05004,0.57289,
1641629264131385344,0.48188,0.00502,0.14150,-0.81054,0.13460,-0.05670,0.56718,
1641629264181385216,0.49695,0.00147,0.14143,-0.80734,0.15245,-0.06399,0.56645,
1641629264231385344,0.51195,-0.00211,0.14826,-0.80066,0.16986,-0.07357,0.56981,
1641629264281385216,0.52435,-0.00546,0.16200,-0.79298,0.17886,-0.08067,0.57678,
1641629264331385088,0.53352,-0.00905,0.18170,-0.78157,0.18301,-0.08874,0.58973,
1641629264381385216,0.53869,-0.01217,0.20537,-0.76867,0.18075,-0.09869,0.60558,
1641629264431385344,0.54053,-0.01475,0.23035,-0.75698,0.17129,-0.10838,0.62120,
1641629264481385216,0.54100,-0.01568,0.25471,-0.74733,0.16363,-0.11708,0.63326,
1641629264531385088,0.54041,-0.01462,0.27557,-0.73876,0.16060,-0.12694,0.64213,
1641629264581385216,0.53750,-0.01099,0.29095,-0.73498,0.15552,-0.13444,0.64618,
1641629264631385344,0.53095,-0.00667,0.29989,-0.73350,0.14608,-0.13551,0.64982,
1641629264681385216,0.52085,-0.00161,0.30102,-0.73362,0.13326,-0.13029,0.65350,
1641629264731385344,0.50832,0.00565,0.29373,-0.73862,0.12090,-0.12707,0.65091,
1641629264781385216,0.49272,0.01449,0.28016,-0.74533,0.10850,-0.12108,0.64657,
1641629264831385088,0.47441,0.02233,0.26293,-0.75361,0.09072,-0.10607,0.64233,
1641629264881385216,0.45379,0.02977,0.24392,-0.76443,0.07110,-0.08500,0.63512,
1641629264931385344,0.43078,0.03601,0.22409,-0.77395,0.04619,-0.06473,0.62823,
1641629264981385216,0.40274,0.04231,0.20301,-0.78090,0.01611,-0.04390,0.62290,
1641629265031385088,0.37860,0.04193,0.18550,-0.78421,-0.01098,-0.01924,0.62011,
1641629265081385216,0.35192,0.04514,0.16949,-0.78800,-0.04092,0.00620,0.61428,
1641629265141385216,0.31656,0.04761,0.15115,-0.79223,-0.07384,0.03076,0.60496,
1641629265181385216,0.29217,0.04901,0.13920,-0.79626,-0.09741,0.04529,0.59534,
1641629265231385344,0.26185,0.04765,0.12543,-0.79906,-0.13133,0.06936,0.58262,
1641629265281385216,0.23170,0.04411,0.11191,-0.79879,-0.16651,0.09142,0.57083,
1641629265331388160,0.20241,0.03741,0.09923,-0.79465,-0.20258,0.11643,0.56030,
1641629265391385344,0.16986,0.02660,0.08622,-0.78789,-0.24302,0.15184,0.54509,
1641629265431385344,0.15019,0.01851,0.07888,-0.78147,-0.26698,0.17869,0.53488,
1641629265481385216,0.12737,0.00769,0.07132,-0.77461,-0.29370,0.21037,0.51910,
1641629265531385088,0.10632,-0.00366,0.06573,-0.76700,-0.31516,0.24176,0.50392,
1641629265581385216,0.08703,-0.01630,0.06151,0.75849,0.33717,-0.27122,-0.48730,
1641629265631385344,0.07000,-0.03091,0.05931,0.74455,0.36249,-0.30280,-0.47176,
1641629265681385216,0.05543,-0.04704,0.05871,0.72740,0.39070,-0.33347,-0.45501,
1641629265731385344,0.04357,-0.06370,0.06020,0.70899,0.41593,-0.36307,-0.43876,
1641629265781385216,0.03469,-0.08040,0.06378,0.69042,0.43670,-0.39147,-0.42352,
1641629265831385088,0.02833,-0.09617,0.06990,0.67265,0.45485,-0.41695,-0.40842,
1641629265881385216,0.02509,-0.11094,0.07901,0.65399,0.47140,-0.43855,-0.39717,
1641629265931385344,0.02559,-0.12457,0.09189,0.63304,0.48350,-0.45730,-0.39544,
1641629265981385216,0.02972,-0.13573,0.10842,0.61037,0.49282,-0.47285,-0.40124,
1641629266031385088,0.03536,-0.14431,0.12783,0.59064,0.49900,-0.48287,-0.41107,
1641629266081386240,0.04166,-0.14966,0.15003,0.57391,0.50374,-0.48662,-0.42435,
1641629266131385344,0.04843,-0.15210,0.17297,0.56187,0.50641,-0.48381,-0.44019,
1641629266181385216,0.05478,-0.15019,0.19533,0.55537,0.50514,-0.47661,-0.45742,
1641629266231385344,0.06015,-0.14537,0.21567,0.55232,0.50001,-0.47022,-0.47310,
1641629266281385216,0.06720,-0.13303,0.23556,0.55155,0.48959,-0.46403,-0.49069,
1641629266331385088,0.07544,-0.12193,0.24976,-0.55541,-0.47655,0.45778,0.50483,
1641629266381385216,0.08268,-0.10824,0.25711,-0.56461,-0.46091,0.45019,0.51585,
1641629266431385344,0.08966,-0.09456,0.26155,-0.58000,-0.44136,0.44224,0.52271,
1641629266481385216,0.09814,-0.07666,0.25851,-0.59643,-0.42071,0.43908,0.52390,
1641629266531385088,0.10594,-0.06036,0.24912,-0.61683,-0.40039,0.43752,0.51748,
1641629266581386240,0.11314,-0.04505,0.23253,-0.63826,-0.38484,0.43444,0.50574,
1641629266631385344,0.12030,-0.03165,0.21125,0.65757,0.36854,-0.43355,-0.49377,
1641629266681385216,0.12742,-0.02034,0.18619,0.67540,0.35151,-0.43137,-0.48394,
1641629266731385344,0.13552,-0.01178,0.15975,0.69278,0.33762,-0.42930,-0.47093,
1641629266781385216,0.14499,-0.00440,0.13350,0.71019,0.32324,-0.42699,-0.45697,
1641629266831385088,0.15702,0.00198,0.10941,0.72684,0.30601,-0.42022,-0.44886,
1641629266881385216,0.17086,0.00830,0.08799,0.74368,0.28544,-0.40427,-0.44948,
1641629266931385344,0.18774,0.01476,0.07236,0.76278,0.26471,-0.37721,-0.45366,
1641629266981385216,0.20853,0.02049,0.06428,0.77861,0.23993,-0.34864,-0.46329,
1641629267031385088,0.23293,0.02459,0.06376,0.78698,0.21853,-0.32446,-0.47711,
1641629267081385216,0.25922,0.02822,0.06993,0.79142,0.19617,-0.29951,-0.49544,
1641629267131385344,0.28612,0.03229,0.08122,-0.79653,-0.17254,0.27070,0.51234,
1641629267181385216,0.31400,0.03478,0.09642,-0.79903,-0.15204,0.24499,0.52766,
1641629267241385216,0.34770,0.03546,0.11794,-0.79516,-0.13067,0.22186,0.54902,
1641629267281385216,0.36896,0.03534,0.13263,-0.79514,-0.11525,0.19815,0.56143,
1641629267331385088,0.39548,0.03429,0.15214,-0.79599,-0.08940,0.15964,0.57700,
1641629267381385216,0.42134,0.03063,0.17301,-0.79475,-0.06153,0.11810,0.59215,
1641629267431385344,0.44596,0.02457,0.19479,-0.79273,-0.03544,0.07964,0.60331,
1641629267481385216,0.46816,0.01626,0.21736,-0.78861,-0.00804,0.04242,0.61337,
1641629267531385088,0.48708,0.01079,0.23776,-0.78353,0.01870,0.00513,0.62105,
1641629267581385216,0.50191,0.00376,0.25669,-0.77543,0.04151,-0.02961,0.62937,
1641629267631385344,0.51233,-0.00285,0.27354,-0.76772,0.05536,-0.05825,0.63572,
1641629267681385216,0.51841,-0.00735,0.28787,-0.76178,0.06470,-0.08441,0.63905,
1641629267731385344,0.52200,-0.01050,0.29905,-0.75761,0.07116,-0.10794,0.63977,
1641629267781385216,0.52270,-0.01316,0.30536,-0.75169,0.07602,-0.12621,0.64285,
1641629267831385088,0.52270,-0.01825,0.31133,-0.74395,0.08229,-0.13781,0.64867,
1641629267981385216,0.52383,-0.02366,0.28859,-0.74165,0.10267,-0.14330,0.64721,
1641629268041385216,0.52666,-0.02457,0.26729,-0.74645,0.11649,-0.14025,0.63998,
1641629268081385216,0.52770,-0.02500,0.25016,-0.75303,0.12520,-0.13141,0.63245,
1641629268131385344,0.52852,-0.02299,0.22678,-0.76279,0.13750,-0.11942,0.62048,
1641629268181385216,0.52673,-0.01977,0.20210,-0.77308,0.14663,-0.10304,0.60847,
1641629268241385216,0.51956,-0.01464,0.17448,-0.78362,0.14709,-0.07695,0.59865,
1641629268291385088,0.50944,-0.00964,0.15522,-0.79278,0.13728,-0.05575,0.59123,
1641629268331385088,0.49926,-0.00433,0.14367,-0.79853,0.12899,-0.04551,0.58621,
1641629268381385216,0.48513,0.00329,0.13521,-0.80416,0.11609,-0.03409,0.58196,
1641629268431385344,0.47070,0.01033,0.13431,-0.80707,0.09874,-0.02216,0.58172,
1641629268491385344,0.45526,0.01427,0.14462,-0.80501,0.07770,-0.01108,0.58805,
1641629268531385088,0.44769,0.01943,0.15673,-0.79940,0.06716,-0.00660,0.59700,
1641629268581385216,0.44143,0.02079,0.17800,-0.78891,0.05791,-0.00171,0.61178,
1641629268631385344,0.43927,0.01947,0.20251,-0.77672,0.05164,-0.00069,0.62773,
1641629268681385216,0.44087,0.01733,0.22814,-0.76374,0.05096,-0.00241,0.64351,
1641629268731385344,0.44628,0.01353,0.25247,-0.75137,0.05469,-0.00496,0.65759,
1641629268781385216,0.45454,0.00816,0.27368,-0.73969,0.06341,-0.00745,0.66991,
1641629268831385088,0.46486,0.00222,0.28923,-0.72893,0.07659,-0.01217,0.68018,
1641629268881385216,0.47618,-0.00330,0.29685,-0.72218,0.09246,-0.02135,0.68516,
1641629268931385344,0.48773,-0.00843,0.29573,-0.71990,0.10671,-0.03109,0.68512,
1641629268981385216,0.49901,-0.01264,0.28688,-0.72345,0.11899,-0.03740,0.67902,
1641629269031385088,0.50983,-0.01569,0.27130,-0.73162,0.13306,-0.04752,0.66691,
1641629269081385216,0.52028,-0.01908,0.25063,-0.74012,0.14854,-0.05752,0.65333,
1641629269131385344,0.53083,-0.02362,0.22724,-0.74914,0.16225,-0.06116,0.63931,
1641629269191385344,0.54253,-0.02796,0.20054,-0.75862,0.18208,-0.05933,0.62276,
1641629269241385216,0.55158,-0.03205,0.18494,-0.76405,0.19838,-0.05675,0.61127,
1641629269281385216,0.55710,-0.03478,0.17975,-0.76695,0.20633,-0.05497,0.60514,
1641629269381385216,0.55779,-0.03905,0.19553,-0.75929,0.20254,-0.06486,0.61502,
1641629269431385344,0.55088,-0.03919,0.21498,-0.75103,0.18917,-0.07508,0.62812,
1641629269481385216,0.53891,-0.03757,0.23648,-0.74489,0.17026,-0.08123,0.63996,
1641629269541385216,0.51843,-0.03347,0.25978,-0.73902,0.13983,-0.07613,0.65460,
1641629269591385088,0.49525,-0.02725,0.27375,-0.73650,0.11293,-0.06960,0.66330,
1641629269631385344,0.47720,-0.02128,0.27934,-0.73665,0.08995,-0.06654,0.66695,
1641629269681385216,0.44904,-0.01332,0.28139,-0.74047,0.05936,-0.05644,0.66707,
1641629269731385344,0.41775,-0.00611,0.27803,-0.74432,0.02268,-0.03576,0.66648,
1641629269781385216,0.38553,-0.00209,0.27170,-0.74814,-0.01367,-0.00807,0.66335,
1641629269831388160,0.35279,-0.00465,0.26250,-0.75097,-0.04687,0.02205,0.65830,
1641629269881385216,0.31601,-0.00075,0.25067,-0.75201,-0.08501,0.06534,0.65037,
1641629269941386240,0.27328,-0.00701,0.23554,-0.74963,-0.13798,0.12639,0.63485,
1641629269991385344,0.23790,-0.01546,0.22193,-0.74397,-0.18315,0.17020,0.61967,
1641629270041385216,0.20381,-0.02619,0.21018,-0.73638,-0.22407,0.20857,0.60336,
1641629270081385216,0.17722,-0.03574,0.19795,-0.72835,-0.25694,0.23482,0.59021,
1641629270131385344,0.14770,-0.05083,0.18725,-0.71806,-0.29521,0.27039,0.56932,
1641629270191388160,0.11768,-0.06920,0.17440,-0.70572,-0.33318,0.31327,0.54113,
1641629270241385216,0.09755,-0.08433,0.16523,-0.69486,-0.35889,0.35060,0.51521,
1641629270331385088,0.06968,-0.11170,0.14816,0.67691,0.40376,-0.40000,-0.46772,
1641629270381385216,0.05879,-0.12410,0.13708,0.66883,0.42244,-0.41446,-0.44992,
1641629270431385344,0.05096,-0.13465,0.12505,0.66256,0.43676,-0.42434,-0.43611,
1641629270481385216,0.04779,-0.14184,0.11351,0.66101,0.44906,-0.43157,-0.41851,
1641629270531385088,0.04147,-0.14823,0.10378,0.65720,0.45786,-0.44159,-0.40429,
1641629270581386240,0.03987,-0.15243,0.09830,0.64730,0.46541,-0.45798,-0.39325,
1641629270631385344,0.03887,-0.15581,0.09825,0.63324,0.47382,-0.47425,-0.38675,
1641629270681385216,0.03987,-0.15921,0.10626,0.61869,0.48274,-0.48588,-0.38485,
1641629270731385344,0.04031,-0.16056,0.12088,0.60467,0.49100,-0.48955,-0.39195,
1641629270781385216,0.04348,-0.15878,0.13888,0.59235,0.49505,-0.48927,-0.40578,
1641629270831385088,0.04846,-0.15286,0.15879,0.58348,0.49259,-0.48543,-0.42575,
1641629270881385216,0.05505,-0.14468,0.17971,0.57794,0.48420,-0.48539,-0.44264,
1641629270931385344,0.06460,-0.13409,0.19853,0.57425,0.47287,-0.48593,-0.45880,
1641629270981385216,0.07123,-0.12188,0.21135,0.57205,0.45792,-0.48717,-0.47512,
1641629271031385088,0.07879,-0.10842,0.21953,0.57215,0.44485,-0.48433,-0.49008,
1641629271081385216,0.08535,-0.09914,0.21734,0.57974,0.43240,-0.47852,-0.49794,
1641629271131385344,0.09007,-0.08942,0.21049,-0.59211,-0.42220,0.46935,0.50087,
1641629271181385216,0.09439,-0.08053,0.19615,0.60697,0.41465,-0.46183,-0.49635,
1641629271231386112,0.09797,-0.07219,0.17689,0.62564,0.40365,-0.45295,-0.49038,
1641629271291385088,0.10119,-0.06235,0.14909,0.65381,0.39010,-0.43775,-0.47825,
1641629271331385088,0.10139,-0.05629,0.12893,0.67414,0.38125,-0.42655,-0.46715,
1641629271391385344,0.09957,-0.05133,0.09746,0.70293,0.37343,-0.40582,-0.44916,
1641629271431385344,0.09700,-0.05091,0.07712,0.71635,0.37230,-0.39694,-0.43666,
1641629271481385216,0.09253,-0.05476,0.05488,0.72575,0.37577,-0.39398,-0.42055,
1641629271531385088,0.08699,-0.06257,0.03719,0.72766,0.38309,-0.39925,-0.40542,
1641629271581385216,0.07970,-0.07402,0.02334,0.72319,0.39552,-0.40918,-0.39131,
1641629271631385344,0.06997,-0.08802,0.01169,0.71715,0.40924,-0.41541,-0.38165,
1641629271681386240,0.05684,-0.10269,0.00325,0.71136,0.42664,-0.41672,-0.37188,
1641629271731385344,0.04568,-0.11596,0.00021,0.70175,0.44762,-0.42412,-0.35680,
1641629271781385216,0.03194,-0.13057,0.00181,0.68677,0.46898,-0.43438,-0.34601,
1641629271831385088,0.02432,-0.13992,0.00933,0.66964,0.48454,-0.44586,-0.34353,
1641629271881385216,0.01756,-0.15028,0.01846,0.65362,0.49547,-0.45339,-0.34891,
1641629271931390208,0.01145,-0.15249,0.02404,0.64105,0.50543,-0.45579,-0.35475,
1641629272031385088,0.01130,-0.14660,0.03049,0.63495,0.51433,-0.44384,-0.36785,
1641629272081385216,0.02071,-0.13460,0.02897,0.64566,0.50745,-0.43081,-0.37421,
1641629272131386368,0.01976,-0.11478,0.02212,0.66365,0.49265,-0.41828,-0.37670,
1641629272181385216,0.02907,-0.09107,0.01535,0.68335,0.47160,-0.40485,-0.38305,
1641629272231386112,0.04130,-0.06596,0.00987,0.70553,0.44535,-0.38516,-0.39438,
1641629272281385216,0.05602,-0.04225,0.00682,0.72535,0.41971,-0.35704,-0.41259,
1641629272331385088,0.07166,-0.02191,0.00730,0.73926,0.39813,-0.32718,-0.43351,
1641629272381385216,0.08847,-0.00516,0.01201,0.74849,0.38011,-0.29920,-0.45361,
1641629272431385344,0.10486,0.00850,0.01988,0.75427,0.36569,-0.27540,-0.47064,
1641629272481385216,0.11995,0.02023,0.02992,0.75721,0.35096,-0.25730,-0.48709,
1641629272541385216,0.13524,0.03201,0.04246,-0.76000,-0.32852,0.23956,0.50704,
1641629272581385216,0.14075,0.03795,0.04896,-0.76039,-0.31540,0.23398,0.51729,
1641629272631386368,0.14379,0.04177,0.05438,-0.75789,-0.30378,0.23619,0.52682,
1641629272731385344,0.13064,0.03725,0.04985,-0.75200,-0.30071,0.24763,0.53174,
1641629272781385216,0.10853,0.02883,0.03669,-0.74825,-0.31736,0.25393,0.52434,
1641629272831385088,0.07902,0.01404,0.01972,-0.74298,-0.34079,0.27306,0.50723,
1641629272881385216,0.04569,-0.00853,0.00018,0.73258,0.37379,-0.30534,-0.47997,
1641629272931385344,0.01244,-0.03811,-0.01972,0.71534,0.40976,-0.34825,-0.44622,
1641629272981385216,-0.01874,-0.07191,-0.04026,0.69259,0.44598,-0.38837,-0.41303,
1641629273031385088,-0.04449,-0.10476,-0.06014,0.66869,0.48344,-0.41459,-0.38374,
1641629273081385216,-0.06248,-0.12875,-0.07605,0.64977,0.50991,-0.42759,-0.36737,
1641629273131386368,-0.06784,-0.13685,-0.08160,0.64684,0.51805,-0.43368,-0.35376,
1641629273181385216,-0.07144,-0.12464,-0.08527,0.65612,0.51108,-0.43390,-0.34646,
1641629273231385344,-0.06066,-0.09645,-0.08127,0.67174,0.48843,-0.43321,-0.35003,
1641629273281385216,-0.04028,-0.05447,-0.07443,0.68918,0.45247,-0.43154,-0.36616,
1641629273331385088,-0.01410,-0.00430,-0.06813,0.70626,0.41290,-0.42526,-0.38712,
1641629273391388160,0.01878,0.05653,-0.06522,0.74012,0.37325,-0.37706,-0.41320,
1641629273431385344,0.03468,0.08931,-0.06538,0.76133,0.32549,-0.33484,-0.44979,
1641629273481387264,0.04794,0.10585,-0.06614,0.77293,0.30100,-0.31833,-0.45896,
1641629273531385088,0.04725,0.09318,-0.07057,0.76318,0.32361,-0.32717,-0.45364,
1641629273581385216,0.03083,0.05990,-0.08160,0.74875,0.36370,-0.33246,-0.44336,
1641629273631385344,0.00666,0.01275,-0.09792,0.73148,0.41477,-0.33929,-0.42165,
1641629273681385216,-0.01591,-0.03951,-0.11517,0.70594,0.46100,-0.35576,-0.40318,
1641629273731385344,-0.03435,-0.08239,-0.12925,0.68934,0.49716,-0.37530,-0.36985,
1641629273781385216,-0.04357,-0.10408,-0.13737,0.67815,0.51650,-0.39596,-0.34141,
1641629273831385088,-0.04322,-0.09734,-0.14114,0.68139,0.51628,-0.39779,-0.33305,
1641629273881385216,-0.02944,-0.06523,-0.14011,0.70219,0.49732,-0.37483,-0.34512,
1641629273931385344,-0.00722,-0.01607,-0.13954,0.72195,0.46811,-0.34141,-0.37829,
1641629273981385216,0.02413,0.03680,-0.13301,0.75076,0.41726,-0.30778,-0.40930,
1641629274031385088,0.05514,0.07848,-0.12631,0.77044,0.37620,-0.27715,-0.43370,
1641629274081385216,0.07748,0.09727,-0.11850,0.78594,0.34730,-0.24974,-0.44645,
1641629274131385344,0.09311,0.08677,-0.10752,0.78128,0.35765,-0.25137,-0.44554,
1641629274181385216,0.10834,0.05563,-0.09221,0.76247,0.39176,-0.26704,-0.44029,
1641629274231385344,0.12733,0.01695,-0.07094,0.74720,0.40670,-0.28881,-0.43917,
1641629274281385216,0.15240,-0.02218,-0.04670,0.73285,0.41342,-0.31783,-0.43704,
1641629274331385088,0.18031,-0.05519,-0.02433,0.71811,0.41208,-0.34648,-0.44097,
1641629274381385216,0.19759,-0.07628,-0.00897,0.71526,0.40282,-0.35322,-0.44874,
1641629274431387136,0.19600,-0.08676,-0.00364,0.71713,0.39657,-0.34181,-0.46003,
1641629274481385216,0.17435,-0.08869,-0.00882,0.71544,0.41338,-0.32862,-0.45745,
1641629274531387392,0.13522,-0.08318,-0.02298,0.70733,0.43422,-0.32502,-0.45332,
1641629274581385216,0.08186,-0.07351,-0.04542,0.70201,0.45668,-0.32845,-0.43675,
1641629274631385344,0.02244,-0.06242,-0.07502,0.69878,0.48436,-0.32674,-0.41273,
1641629274681385216,-0.03108,-0.05288,-0.10897,0.68846,0.50887,-0.31760,-0.40768,
1641629274741385216,-0.07604,-0.04033,-0.14131,0.70324,0.51395,-0.29390,-0.39360,
1641629274781385216,-0.08984,-0.03284,-0.15046,0.72021,0.49863,-0.30478,-0.37387,
1641629274831385088,-0.07974,-0.02738,-0.14333,0.72852,0.47373,-0.34811,-0.35164,
1641629274881385216,-0.04894,-0.02913,-0.12455,0.72235,0.46008,-0.37730,-0.35240,
1641629274931385344,-0.00698,-0.03321,-0.10206,0.72649,0.45251,-0.36717,-0.36417,
1641629274981386240,0.04591,-0.04074,-0.07805,0.72805,0.44629,-0.35125,-0.38392,
1641629275041385216,0.11536,-0.05185,-0.04782,0.73407,0.43425,-0.34073,-0.39556,
1641629275081385216,0.15403,-0.05803,-0.02990,0.74771,0.41427,-0.33062,-0.39999,
1641629275141385216,0.19832,-0.06630,-0.01032,0.75613,0.38968,-0.31494,-0.42099,
1641629275181385216,0.20766,-0.06654,-0.00559,0.76514,0.37722,-0.29954,-0.42724,
1641629275231386112,0.20080,-0.06417,-0.00681,0.76980,0.37214,-0.28960,-0.43018,
1641629275281385216,0.17734,-0.06393,-0.01614,0.75957,0.39174,-0.29654,-0.42621,
1641629275331385088,0.13336,-0.05696,-0.03679,0.74589,0.41475,-0.31182,-0.41761,
1641629275381386240,0.08212,-0.05134,-0.06384,0.72784,0.44428,-0.32566,-0.40842,
1641629275431385344,0.02983,-0.04368,-0.09586,0.71583,0.47564,-0.32375,-0.39565,
1641629275481385216,-0.01489,-0.03337,-0.12636,0.71765,0.48067,-0.31657,-0.39207,
1641629275531385088,-0.04277,-0.02267,-0.14818,0.72842,0.47145,-0.31812,-0.38201,
1641629275581385216,-0.04838,-0.01563,-0.15296,0.74158,0.45710,-0.33326,-0.36063,
1641629275631388160,-0.02801,-0.01513,-0.13897,0.73994,0.43470,-0.36346,-0.36253,
1641629275681385216,0.00925,-0.01996,-0.11503,0.73590,0.42791,-0.37049,-0.37158,
1641629275731386112,0.05497,-0.03029,-0.08417,0.74263,0.42251,-0.35627,-0.37823,
1641629275781385216,0.10940,-0.04725,-0.05041,0.73127,0.42180,-0.36089,-0.39634,
1641629275831385088,0.16162,-0.06510,-0.01903,0.72592,0.41747,-0.36703,-0.40503,
1641629275881385216,0.20020,-0.07942,0.00421,0.73222,0.40060,-0.36054,-0.41639,
1641629275931386112,0.21991,-0.08779,0.01639,0.73665,0.39125,-0.34770,-0.42823,
1641629275981386240,0.21788,-0.08779,0.01701,0.74484,0.38490,-0.33513,-0.42983,
1641629276081385216,0.17500,-0.07451,-0.00932,0.73087,0.40757,-0.32685,-0.43918,
1641629276131385344,0.13285,-0.05177,-0.04390,0.72979,0.41816,-0.33645,-0.42350,
1641629276181385216,0.08635,-0.02937,-0.07976,0.72992,0.43005,-0.33828,-0.40969,
1641629276231385344,0.04336,-0.00816,-0.11792,0.73515,0.44077,-0.32287,-0.40128,
1641629276281385216,0.01153,0.00604,-0.14859,0.74812,0.43984,-0.29927,-0.39660,
1641629276331385088,-0.00393,0.00623,-0.16397,0.75518,0.43675,-0.29107,-0.39273,
1641629276381385216,-0.00202,-0.00787,-0.15943,0.74260,0.43635,-0.32191,-0.39309,
1641629276431385344,0.01143,-0.02285,-0.14569,0.72161,0.44876,-0.35593,-0.38885,
1641629276481385216,0.03000,-0.02382,-0.13020,0.71497,0.45200,-0.35448,-0.39857,
1641629276531385088,0.05417,-0.00402,-0.11557,0.71579,0.44462,-0.32025,-0.43289,
1641629276581386240,0.08347,0.03613,-0.10054,0.72351,0.42480,-0.27101,-0.47184,
1641629276631385344,0.11526,0.09016,-0.08219,-0.74569,-0.37789,0.22597,0.50008,
1641629276691385344,0.15574,0.15359,-0.05703,-0.76644,-0.30874,0.21195,0.52185,
1641629276741385216,0.17751,0.18814,-0.04371,-0.78255,-0.26631,0.19980,0.52609,
1641629276841385216,0.17295,0.16242,-0.03417,-0.76295,-0.30375,0.19165,0.53752,
1641629276881385216,0.14766,0.12872,-0.04193,-0.75777,-0.34135,0.20354,0.51752,
1641629276931385344,0.11290,0.06957,-0.05270,0.73593,0.38769,-0.24363,-0.49875,
1641629276991385344,0.07068,-0.01015,-0.06701,0.71589,0.43397,-0.30275,-0.45554,
1641629277041385216,0.04001,-0.07363,-0.08159,0.69369,0.47675,-0.35359,-0.40802,
1641629277091385088,0.01900,-0.12533,-0.09623,0.66821,0.52681,-0.39082,-0.35104,
1641629277131385344,0.00745,-0.14918,-0.10472,0.65875,0.54626,-0.41637,-0.30707,
1641629277181385216,0.00353,-0.15498,-0.11030,0.65280,0.55560,-0.42666,-0.28831,
1641629277231385344,0.00801,-0.13354,-0.11282,0.65814,0.55329,-0.40035,-0.31693,
1641629277281385216,0.02193,-0.08852,-0.10777,0.68412,0.52549,-0.36273,-0.35251,
1641629277341385216,0.05656,-0.01397,-0.09423,0.70771,0.48019,-0.31780,-0.40936,
1641629277381385216,0.08287,0.04369,-0.08607,0.72686,0.44893,-0.27615,-0.44031,
1641629277441385216,0.12984,0.12288,-0.07112,0.75182,0.37839,-0.21008,-0.49744,
1641629277491389184,0.16376,0.16869,-0.06156,-0.77947,-0.32417,0.17889,0.50531,
1641629277531385088,0.18137,0.18229,-0.05840,-0.78645,-0.30426,0.17253,0.50908,
1641629277581385216,0.18957,0.17191,-0.05879,-0.78272,-0.30717,0.17978,0.51057,
1641629277631385344,0.17982,0.14148,-0.06693,0.78382,0.32910,-0.19155,-0.49053,
1641629277681385216,0.15920,0.09602,-0.08096,0.77540,0.36914,-0.20415,-0.46991,
1641629277741385216,0.12906,0.03326,-0.09899,0.76822,0.39638,-0.22744,-0.44833,
1641629277791385088,0.10441,-0.01972,-0.11411,0.76475,0.42211,-0.26746,-0.40675,
1641629277831385088,0.08786,-0.05802,-0.12485,0.75179,0.44760,-0.30603,-0.37526,
1641629277881385216,0.07446,-0.09470,-0.12802,0.74513,0.45370,-0.34711,-0.34417,
1641629277931385344,0.06987,-0.11600,-0.11719,0.74357,0.45601,-0.37279,-0.31653,
1641629277981385216,0.08123,-0.12889,-0.09029,0.72826,0.46954,-0.38631,-0.31612,
1641629278031385088,0.10394,-0.13245,-0.05517,0.71207,0.47833,-0.38091,-0.34506,
1641629278081385216,0.14289,-0.13895,-0.01231,0.69389,0.48250,-0.37802,-0.37789,
1641629278131385344,0.19303,-0.14721,0.03125,0.68233,0.49026,-0.37358,-0.39307,
1641629278181385216,0.24799,-0.15849,0.07016,0.66855,0.49047,-0.37144,-0.41774,
1641629278231385344,0.29628,-0.17082,0.10090,0.66209,0.47157,-0.36420,-0.45454,
1641629278281385216,0.33049,-0.18095,0.12132,0.66200,0.45398,-0.34999,-0.48287,
1641629278331385088,0.34505,-0.18477,0.13188,0.66431,0.44137,-0.34129,-0.49741,
1641629278431385344,0.32334,-0.17592,0.12728,0.66685,0.44803,-0.33370,-0.49318,
1641629278481386240,0.28282,-0.15924,0.10648,0.66742,0.46202,-0.34641,-0.47021,
1641629278541385216,0.21834,-0.13788,0.06909,0.67789,0.48097,-0.34962,-0.43231,
1641629278581385216,0.17090,-0.12081,0.03504,0.68130,0.49546,-0.34569,-0.41335,
1641629278631385344,0.11849,-0.10068,-0.00645,0.69848,0.50651,-0.32595,-0.38641,
1641629278681386240,0.08321,-0.08324,-0.03803,0.70935,0.50183,-0.31801,-0.37928,
1641629278781386240,0.09719,-0.07676,-0.03214,0.71640,0.46841,-0.36202,-0.36919,
1641629278831385088,0.13510,-0.08127,-0.00457,0.71525,0.45210,-0.39461,-0.35819,
1641629278881385216,0.18862,-0.09351,0.02951,0.71628,0.44435,-0.40234,-0.35724,
1641629278931385344,0.25146,-0.11190,0.06656,0.72076,0.43345,-0.38771,-0.37723,
1641629278981387264,0.31545,-0.13312,0.10158,0.72145,0.43042,-0.36868,-0.39790,
1641629279031385088,0.37384,-0.15299,0.13308,0.72691,0.42411,-0.35001,-0.41136,
1641629279081385216,0.41830,-0.16679,0.16038,0.73097,0.40481,-0.34457,-0.42788,
1641629279131385344,0.44068,-0.17034,0.18075,0.73428,0.38044,-0.34141,-0.44669,
1641629279181385216,0.43945,-0.16370,0.19097,0.73404,0.35719,-0.34028,-0.46670,
1641629279281385216,0.39272,-0.14083,0.17224,0.71528,0.38465,-0.34812,-0.46822,
1641629279331386368,0.35390,-0.12350,0.14283,0.72477,0.40319,-0.33813,-0.44477,
1641629279381385216,0.32620,-0.11115,0.11189,0.73483,0.42321,-0.31881,-0.42342,
1641629279431385344,0.31104,-0.10389,0.08726,0.74240,0.43633,-0.28294,-0.42237,
1641629279481385216,0.30644,-0.10311,0.07570,0.74300,0.42997,-0.25493,-0.44507,
1641629279531385088,0.30810,-0.11239,0.07675,0.74056,0.42291,-0.25760,-0.45426,
1641629279581385216,0.31279,-0.12766,0.08321,0.72736,0.43633,-0.28894,-0.44393,
1641629279631385344,0.31708,-0.13947,0.08914,0.71863,0.44866,-0.30676,-0.43380,
1641629279731385344,0.34085,-0.14295,0.10958,0.72004,0.44492,-0.28472,-0.45003,
1641629279781385216,0.35555,-0.13159,0.12424,0.72639,0.43257,-0.27275,-0.45917,
1641629279831385088,0.37604,-0.11711,0.14710,0.73131,0.41260,-0.26721,-0.47281,
1641629279881385216,0.40032,-0.10279,0.17782,0.73279,0.38669,-0.26085,-0.49543,
1641629279931385344,0.42642,-0.09138,0.21365,-0.73128,-0.35652,0.25805,0.52110,
1641629279981387264,0.45323,-0.08276,0.24895,-0.73062,-0.32067,0.26145,0.54314,
1641629280041385216,0.48522,-0.07567,0.28257,-0.73807,-0.27293,0.26943,0.55513,
1641629280091385088,0.50972,-0.07237,0.29559,-0.73993,-0.24784,0.27215,0.56304,
1641629280131385344,0.52693,-0.07071,0.29471,-0.74008,-0.23419,0.26667,0.57125,
1641629280191385344,0.55376,-0.07144,0.28278,-0.75205,-0.21795,0.24266,0.57274,
1641629280241385216,0.57432,-0.07082,0.26413,-0.76954,-0.20335,0.21528,0.56579,
1641629280291385088,0.59646,-0.07044,0.24265,-0.78524,-0.18967,0.18645,0.55916,
1641629280331385088,0.61380,-0.06940,0.22527,-0.79900,-0.17876,0.15950,0.55155,
1641629280391385344,0.64717,-0.07262,0.21089,-0.81189,-0.15616,0.12259,0.54902,
1641629280441385216,0.67578,-0.07715,0.20923,-0.81652,-0.13574,0.10416,0.55138,
1641629280491386112,0.70460,-0.08339,0.21773,-0.81497,-0.11793,0.08917,0.56033,
1641629280541385216,0.73134,-0.09015,0.23421,-0.80971,-0.10117,0.06968,0.57384,
1641629280591386368,0.75469,-0.09806,0.25724,-0.80159,-0.08691,0.04828,0.58956,
1641629280631385344,0.76932,-0.10435,0.27786,-0.79290,-0.07898,0.03150,0.60339,
1641629280681385216,0.78584,-0.11389,0.30811,-0.77890,-0.06926,0.01101,0.62322,
1641629280741385216,0.80225,-0.12488,0.34614,-0.76253,-0.05517,-0.01719,0.64437,
1641629280791385088,0.80933,-0.13046,0.37347,-0.75108,-0.04468,-0.04049,0.65745,
1641629280831385088,0.80905,-0.13165,0.39052,-0.74022,-0.03316,-0.05549,0.66925,
1641629280881385216,0.80521,-0.13115,0.40678,-0.73375,-0.01660,-0.06649,0.67596,
1641629280981385216,0.78284,-0.13143,0.41361,-0.73963,-0.03003,-0.06435,0.66926,
1641629281031385088,0.75534,-0.12877,0.39884,-0.74533,-0.04863,-0.06194,0.66203,
1641629281081385216,0.72432,-0.12765,0.37849,-0.75211,-0.06744,-0.05277,0.65345,
1641629281141385216,0.68523,-0.13097,0.35072,-0.76850,-0.10406,-0.03118,0.63056,
1641629281191385344,0.64980,-0.13770,0.32684,-0.78057,-0.13431,-0.00065,0.61046,
1641629281241385216,0.61538,-0.14744,0.30483,-0.79175,-0.16282,0.03457,0.58773,
1641629281291385088,0.58311,-0.16043,0.28598,-0.79638,-0.19348,0.07219,0.56845,
1641629281341385216,0.55198,-0.17457,0.27047,-0.80018,-0.21340,0.10768,0.55007,
1641629281391385344,0.52311,-0.18876,0.25754,-0.79967,-0.23827,0.13855,0.53344,
1641629281431385344,0.50069,-0.19912,0.25066,-0.79873,-0.26284,0.15523,0.51851,
1641629281481385216,0.47812,-0.21508,0.25022,-0.78876,-0.29632,0.17322,0.50995,
1641629281531385088,0.45984,-0.23202,0.25738,-0.77180,-0.32382,0.19444,0.51152,
1641629281581385216,0.44664,-0.24692,0.27257,-0.75687,-0.34418,0.21457,0.51249,
1641629281641385216,0.44065,-0.25948,0.30227,-0.73613,-0.35021,0.24341,0.52556,
1641629281691385344,0.44174,-0.26316,0.33097,-0.71913,-0.34234,0.26588,0.54310,
1641629281731385344,0.44487,-0.26056,0.35356,-0.71078,-0.32721,0.28122,0.55555,
1641629281781385216,0.45360,-0.25472,0.38102,-0.70675,-0.30339,0.29655,0.56614,
1641629281831385088,0.46493,-0.24591,0.40314,-0.70819,-0.27910,0.30465,0.57250,
1641629281881385216,0.47904,-0.23608,0.41777,-0.71096,-0.25304,0.30362,0.58166,
1641629281931385344,0.49481,-0.22692,0.42364,-0.71593,-0.22768,0.29179,0.59200,
1641629281991385344,0.51733,-0.21778,0.42060,-0.72225,-0.20041,0.27588,0.60173,
1641629282041385216,0.53885,-0.20969,0.41054,-0.73234,-0.17484,0.26309,0.60324,
1641629282091385088,0.55951,-0.20125,0.39396,-0.74553,-0.14805,0.24781,0.60072,
1641629282141385216,0.58088,-0.19350,0.37332,-0.75818,-0.12151,0.23063,0.59768,
1641629282191385344,0.60157,-0.18610,0.35031,-0.77042,-0.09935,0.21551,0.59172,
1641629282231385344,0.61601,-0.18002,0.33067,-0.78083,-0.08249,0.20430,0.58460,
1641629282291385088,0.64123,-0.17561,0.30862,-0.79640,-0.05649,0.17956,0.57473,
1641629282341385216,0.65940,-0.17210,0.29451,-0.80740,-0.03368,0.15649,0.56788,
1641629282381385216,0.67076,-0.16954,0.28619,-0.81191,-0.01553,0.13866,0.56686,
1641629282431385344,0.68668,-0.16995,0.28434,-0.81231,0.00312,0.11723,0.57132,
1641629282481385216,0.70035,-0.17162,0.28875,-0.81064,0.01683,0.09102,0.57819,
1641629282531385088,0.71201,-0.17430,0.29970,-0.80715,0.02532,0.06236,0.58650,
1641629282591385088,0.72259,-0.17772,0.32147,-0.79970,0.03348,0.02632,0.59888,
1641629282631385344,0.72410,-0.17960,0.33688,-0.79305,0.03322,0.00684,0.60821,
1641629282681385216,0.72427,-0.18228,0.35966,-0.78352,0.02943,-0.01132,0.62057,
1641629282731385344,0.72092,-0.18358,0.38265,-0.77270,0.02714,-0.02826,0.63357,
1641629282781385216,0.70926,-0.18003,0.40105,-0.76360,0.02251,-0.04189,0.64393,
1641629282831385088,0.70404,-0.18249,0.42041,-0.75753,0.01348,-0.04918,0.65081,
1641629282881385216,0.68790,-0.17784,0.42880,-0.75413,0.00478,-0.05500,0.65440,
1641629282931385344,0.67025,-0.17429,0.42973,-0.75254,-0.00191,-0.05498,0.65625,
1641629282981385216,0.66116,-0.17372,0.42820,-0.75562,-0.01019,-0.04946,0.65306,
1641629283041385216,0.64222,-0.17031,0.41002,-0.76414,-0.02580,-0.03442,0.64361,
1641629283081385216,0.62712,-0.16549,0.39053,-0.77394,-0.03445,-0.02210,0.63193,
1641629283141385216,0.60562,-0.15918,0.35818,-0.79206,-0.04822,-0.00091,0.60853,
1641629283191385344,0.58550,-0.15457,0.32782,-0.80803,-0.06191,0.02075,0.58551,
1641629283241385216,0.56221,-0.15120,0.29594,-0.82397,-0.08021,0.03860,0.55960,
1641629283291385088,0.53747,-0.15249,0.26660,-0.83223,-0.10041,0.06169,0.54176,
1641629283341385216,0.51138,-0.15785,0.24162,-0.83474,-0.12361,0.08555,0.52973,
1641629283391385344,0.48433,-0.16665,0.22219,-0.83358,-0.15159,0.11635,0.51828,
1641629283441385216,0.45686,-0.17768,0.20834,-0.83034,-0.17998,0.15315,0.50466,
1641629283491385344,0.42887,-0.19019,0.19931,0.82643,0.20975,-0.18832,-0.48740,
1641629283521385216,0.41123,-0.19814,0.19536,0.82309,0.23030,-0.20641,-0.47632,
1641629283571385088,0.38548,-0.21406,0.19683,0.81214,0.26400,-0.23518,-0.46414,
1641629283621385216,0.36391,-0.23057,0.20698,0.79337,0.29655,-0.26475,-0.46102,
1641629283681385216,0.34618,-0.24795,0.22964,0.76632,0.32758,-0.28997,-0.47049,
1641629283741385216,0.33662,-0.25877,0.26061,0.74059,0.33749,-0.30098,-0.49703,
1641629283781385216,0.33390,-0.26175,0.28252,-0.72548,-0.33651,0.30388,0.51778,
1641629283841385216,0.33749,-0.26133,0.31683,-0.70798,-0.32493,0.30521,0.54774,
1641629283881385216,0.34222,-0.25738,0.33652,-0.70128,-0.31109,0.30362,0.56501,
1641629283941385216,0.35434,-0.24724,0.36068,-0.69997,-0.28269,0.29115,0.58767,
1641629283991385344,0.36732,-0.23559,0.37311,-0.70370,-0.25390,0.27556,0.60366,
1641629284041385216,0.38358,-0.22242,0.37924,-0.71009,-0.22214,0.26123,0.61497,
1641629284091385088,0.40198,-0.20791,0.37894,-0.72136,-0.18916,0.24517,0.61947,
1641629284141385216,0.42136,-0.19118,0.37293,-0.73790,-0.15372,0.22707,0.61670,
1641629284191385344,0.44155,-0.17467,0.36161,-0.75341,-0.12013,0.21096,0.61110,
1641629284241385216,0.46314,-0.15843,0.34622,-0.76891,-0.08604,0.19699,0.60214,
1641629284291385088,0.48592,-0.14317,0.32817,-0.78475,-0.05001,0.18378,0.58982,
1641629284321387264,0.49865,-0.13421,0.31481,-0.79293,-0.02950,0.17357,0.58333,
1641629284371387136,0.52150,-0.12323,0.29470,-0.80455,0.00780,0.15276,0.57385,
1641629284421385216,0.54314,-0.11614,0.27478,-0.81339,0.04062,0.12929,0.56571,
1641629284481385216,0.56740,-0.11132,0.25602,-0.81888,0.07508,0.10436,0.55939,
1641629284541385216,0.58829,-0.10959,0.24570,-0.82217,0.10426,0.07224,0.55493,
1641629284591385088,0.60282,-0.11074,0.24632,-0.81918,0.12601,0.04340,0.55784,
1641629284641385216,0.61499,-0.11467,0.25626,-0.81101,0.14056,0.02057,0.56752,
1641629284681385216,0.62254,-0.11842,0.26934,-0.80199,0.14891,0.00611,0.57845,
1641629284741385216,0.63171,-0.12557,0.29596,-0.78661,0.15972,-0.02288,0.59599,
1641629284791385088,0.63631,-0.13210,0.32009,-0.77142,0.16530,-0.04698,0.61269,
1641629284841385216,0.63916,-0.13940,0.34340,-0.75885,0.16463,-0.06600,0.62665,
1641629284881385216,0.64152,-0.14581,0.35949,-0.74951,0.16454,-0.07987,0.63623,
1641629284941385216,0.64622,-0.15622,0.37964,-0.73803,0.16812,-0.10073,0.64568,
1641629284991385344,0.65246,-0.16505,0.38980,-0.72857,0.17936,-0.12092,0.64991,
1641629285031385088,0.65774,-0.17156,0.39270,-0.72282,0.18894,-0.13441,0.65098,
1641629285081385216,0.66406,-0.17860,0.39182,-0.71791,0.20128,-0.14592,0.65023,
1641629285141385216,0.66967,-0.18489,0.38328,-0.71651,0.21226,-0.15171,0.64695,
1641629285191385344,0.67390,-0.18789,0.36968,-0.71978,0.22375,-0.15607,0.63836,
1641629285241385216,0.67827,-0.18828,0.35213,-0.72218,0.23976,-0.16278,0.62807,
1641629285291385088,0.68162,-0.18559,0.33198,-0.72874,0.25379,-0.16857,0.61327,
1641629285341385216,0.68149,-0.18021,0.31038,-0.74055,0.25822,-0.16859,0.59706,
1641629285391385344,0.67726,-0.17226,0.28984,-0.75414,0.25366,-0.15918,0.58445,
1641629285441385216,0.67003,-0.16220,0.27282,-0.76498,0.24560,-0.14518,0.57742,
1641629285481385216,0.66302,-0.15287,0.26312,-0.77122,0.24197,-0.13860,0.57224,
1641629285531385088,0.65327,-0.14199,0.26073,-0.77027,0.24054,-0.13577,0.57480,
1641629285591385088,0.63753,-0.13037,0.27105,-0.76076,0.23327,-0.13317,0.59085,
1641629285641385216,0.62051,-0.12203,0.28676,-0.75111,0.21900,-0.12460,0.61020,
1641629285691385344,0.60019,-0.11372,0.30441,-0.74413,0.19867,-0.11374,0.62759,
1641629285741385216,0.57679,-0.10485,0.32064,-0.74043,0.17546,-0.10566,0.64017,
1641629285791385088,0.54569,-0.09438,0.32987,-0.73602,0.15221,-0.09885,0.65217,
1641629285841386240,0.52384,-0.08881,0.34286,-0.73154,0.12777,-0.08525,0.66428,
1641629285881385216,0.50152,-0.08376,0.34644,-0.73013,0.10756,-0.06752,0.67140,
1641629285931385344,0.47358,-0.07842,0.34661,-0.73265,0.08148,-0.04052,0.67449,
1641629285991385344,0.43988,-0.07414,0.34185,-0.73682,0.04780,-0.00129,0.67440,
1641629286041385216,0.41106,-0.06969,0.33280,-0.74455,0.01951,0.02438,0.66683,
1641629286081385216,0.38960,-0.06770,0.32542,-0.74906,-0.00007,0.04587,0.66091,
1641629286141385216,0.35425,-0.06435,0.30745,-0.75507,-0.03520,0.08423,0.64926,
1641629286191385344,0.32897,-0.06587,0.29748,-0.76077,-0.06737,0.11837,0.63457,
1641629286241385216,0.30225,-0.06707,0.28219,-0.76588,-0.10301,0.14814,0.61715,
1641629286281385216,0.28186,-0.06883,0.26917,-0.76828,-0.13074,0.16676,0.60403,
1641629286341385216,0.25363,-0.07207,0.24938,-0.77048,-0.16609,0.18550,0.58683,
1641629286381385216,0.23725,-0.07502,0.23690,-0.77043,-0.18771,0.19598,0.57689,
1641629286441385216,0.21782,-0.07891,0.22097,-0.77039,-0.21439,0.21332,0.56128,
1641629286491385344,0.20671,-0.08124,0.21078,-0.76973,-0.22761,0.22491,0.55238,
1641629286531385088,0.20017,-0.08316,0.20396,-0.77036,-0.23874,0.23287,0.54343,
1641629286591385088,0.19250,-0.08650,0.19573,-0.76924,-0.26216,0.24984,0.52642,
1641629286641385216,0.18848,-0.08885,0.18983,-0.76715,-0.28012,0.26588,0.51217,
1641629286681385216,0.18621,-0.09034,0.18494,-0.76443,-0.29108,0.27470,0.50544,
1641629286741386240,0.18476,-0.09127,0.17772,-0.76193,-0.29981,0.28026,0.50103,
1641629286831385088,0.18785,-0.08527,0.17182,-0.76715,-0.29498,0.26962,0.50178,
1641629286881385216,0.19268,-0.07938,0.17273,-0.77194,-0.28499,0.26354,0.50342,
1641629286931386112,0.19985,-0.07384,0.17587,-0.77421,-0.27289,0.26049,0.50821,
1641629286991385344,0.20978,-0.06936,0.18096,-0.77175,-0.25880,0.25813,0.52038,
1641629287031385088,0.21664,-0.06779,0.18427,-0.76950,-0.25052,0.25690,0.52831,
1641629287081385216,0.22469,-0.06586,0.18833,-0.76691,-0.24131,0.25320,0.53806,
1641629287131385344,0.23169,-0.06425,0.19170,-0.76451,-0.23479,0.25007,0.54576,
1641629287281386240,0.24313,-0.05911,0.19757,-0.76139,-0.22852,0.24618,0.55449,
1641629287731392256,0.24494,-0.03753,0.19315,-0.76228,-0.21964,0.24004,0.55952,
1641629287991387136,0.23064,-0.02715,0.18038,-0.76463,-0.22466,0.24792,0.55081,
1641629288041385216,0.22001,-0.03201,0.17075,-0.76701,-0.23410,0.26377,0.53603,
1641629288091385088,0.20712,-0.04022,0.15978,-0.76943,-0.24842,0.28363,0.51557,
1641629288141385216,0.19360,-0.05072,0.14939,0.77106,0.26525,-0.29991,-0.49514,
1641629288191385344,0.17982,-0.06271,0.14152,0.76853,0.28535,-0.31293,-0.47958,
1641629288241385216,0.16549,-0.07729,0.13906,0.76049,0.31072,-0.32810,-0.46633,
1641629288281385216,0.15554,-0.09178,0.14247,0.74895,0.33297,-0.34425,-0.45792,
1641629288341386240,0.14297,-0.11054,0.15573,0.72351,0.36447,-0.37187,-0.45323,
1641629288381385216,0.13684,-0.12064,0.16810,0.70430,0.38427,-0.38793,-0.45366,
1641629288431386112,0.13160,-0.13015,0.18656,0.68157,0.40358,-0.40350,-0.45801,
1641629288491385344,0.12965,-0.13618,0.21109,0.66078,0.41163,-0.41532,-0.47057,
1641629288531385088,0.13140,-0.13654,0.22781,0.65052,0.40795,-0.42459,-0.47971,
1641629288591385088,0.13840,-0.13216,0.25025,0.63813,0.39710,-0.44077,-0.49073,
1641629288631385344,0.14537,-0.12662,0.26147,0.63324,0.38753,-0.45130,-0.49514,
1641629288691385344,0.15758,-0.11457,0.27003,-0.63152,-0.37103,0.45908,0.50276,
1641629288731385344,0.16546,-0.10458,0.26953,-0.63909,-0.35887,0.45313,0.50739,
1641629288791385088,0.17765,-0.08725,0.26165,-0.66066,-0.33534,0.43457,0.51207,
1641629288831385088,0.18694,-0.07462,0.25290,-0.67680,-0.31761,0.42509,0.51026,
1641629288891385344,0.20261,-0.05485,0.23497,-0.70181,-0.28969,0.41175,0.50400,
1641629288941385216,0.21685,-0.03884,0.21594,0.72447,0.26558,-0.39733,-0.49673,
1641629288991385344,0.23181,-0.02415,0.19446,0.74815,0.24130,-0.37732,-0.48957,
1641629289041385216,0.24768,-0.01111,0.17267,0.77228,0.21540,-0.35232,-0.48275,
1641629289091385088,0.26463,-0.00046,0.15225,0.79136,0.18848,-0.32520,-0.48215,
1641629289141387264,0.28250,0.00842,0.13582,0.80783,0.16153,-0.29864,-0.48180,
1641629289191385344,0.30094,0.01529,0.12537,0.81739,0.13810,-0.27514,-0.48693,
1641629289241385216,0.31896,0.02067,0.12054,0.82457,0.12093,-0.24946,-0.49319,
1641629289271385088,0.32977,0.02330,0.12035,0.82780,0.11407,-0.23012,-0.49878,
1641629289321385216,0.34772,0.02669,0.12512,-0.83177,-0.10039,0.18989,0.51189,
1641629289371385344,0.36709,0.02784,0.13678,-0.82929,-0.08386,0.14963,0.53184,
1641629289421385216,0.38792,0.02657,0.15466,-0.82143,-0.06434,0.11619,0.55464,
1641629289471385344,0.40873,0.02326,0.17632,-0.81107,-0.04439,0.08699,0.57674,
1641629289521385216,0.42905,0.01806,0.20027,-0.80104,-0.01946,0.05802,0.59548,
1641629289571385088,0.44778,0.00966,0.22449,-0.78803,0.00448,0.03082,0.61485,
1641629289621385216,0.46467,-0.00152,0.24669,-0.77499,0.02652,0.00557,0.63139,
1641629289661385216,0.47731,-0.01171,0.26148,-0.76531,0.04487,-0.01428,0.64194,
1641629289711385344,0.49221,-0.02480,0.27452,-0.75301,0.07006,-0.03783,0.65317,
1641629289761385216,0.50684,-0.03736,0.28198,-0.74586,0.09643,-0.06028,0.65632,
1641629289811385088,0.52055,-0.04789,0.28284,-0.74258,0.12283,-0.07818,0.65374,
1641629289861385216,0.53338,-0.05675,0.27781,-0.74042,0.14675,-0.08832,0.64995,
1641629289911386368,0.54422,-0.06310,0.26664,-0.74077,0.16645,-0.09586,0.64371,
1641629289961385216,0.55293,-0.06683,0.25067,-0.74557,0.18068,-0.09931,0.63373,
1641629290011387136,0.56016,-0.06740,0.23247,-0.75168,0.19490,-0.09867,0.62230,
1641629290061385216,0.56767,-0.06815,0.21486,-0.75625,0.20852,-0.09695,0.61253,
1641629290111386368,0.57310,-0.06693,0.20129,-0.75691,0.22270,-0.09830,0.60649,
1641629290161386240,0.57623,-0.06416,0.19548,-0.75644,0.23292,-0.10125,0.60274,
1641629290261385216,0.56785,-0.05523,0.20843,-0.75606,0.21452,-0.09883,0.61040,
1641629290311385088,0.55571,-0.04985,0.22346,-0.75229,0.19432,-0.09809,0.62184,
1641629290361385216,0.53877,-0.04387,0.24050,-0.74587,0.17111,-0.09566,0.63659,
1641629290411385344,0.51793,-0.03734,0.25675,-0.74118,0.14491,-0.09053,0.64920,
1641629290441385216,0.50379,-0.03348,0.26571,-0.73915,0.12863,-0.08319,0.65589,
1641629290491385344,0.47981,-0.02682,0.27694,-0.73548,0.09987,-0.06639,0.66684,
1641629290541385216,0.45099,-0.02013,0.28353,-0.73368,0.07083,-0.04512,0.67428,
1641629290591385088,0.42433,-0.01574,0.28497,-0.73359,0.04637,-0.02442,0.67757,
1641629290641385216,0.39724,-0.01045,0.28040,-0.73831,0.02031,-0.00424,0.67414,
1641629290691385344,0.37066,-0.00603,0.27230,-0.74432,-0.00651,0.01920,0.66752,
1641629290741385216,0.34566,-0.00241,0.26188,-0.75129,-0.03155,0.04521,0.65766,
1641629290791385088,0.32004,-0.00028,0.25040,-0.75725,-0.05517,0.07108,0.64689,
1641629290841385216,0.29448,0.00006,0.23743,-0.76249,-0.08116,0.09936,0.63415,
1641629290941385216,0.24261,-0.00142,0.20798,-0.76675,-0.13454,0.15649,0.60787,
1641629290991385344,0.21767,-0.00538,0.19340,-0.76669,-0.16246,0.18415,0.59320,
1641629291041385216,0.19321,-0.01070,0.17806,-0.76546,-0.18914,0.20838,0.57869,
1641629291091385088,0.17029,-0.01788,0.16206,-0.76267,-0.21668,0.23651,0.56165,
1641629291141385216,0.14861,-0.02642,0.14469,-0.75940,-0.24577,0.26409,0.54144,
1641629291191385344,0.12763,-0.03559,0.12591,-0.75992,-0.27466,0.28319,0.51662,
1641629291241385216,0.10727,-0.04538,0.10596,0.76119,0.30343,-0.29224,-0.49306,
1641629291271385088,0.09535,-0.05161,0.09389,0.76247,0.31986,-0.29441,-0.47922,
1641629291321385216,0.07851,-0.06352,0.07602,0.75967,0.34405,-0.30153,-0.46218,
1641629291371385344,0.06496,-0.07718,0.06236,0.74950,0.36595,-0.32027,-0.44918,
1641629291431385344,0.05286,-0.09543,0.05194,0.72794,0.39261,-0.35973,-0.43191,
1641629291471385344,0.04524,-0.10663,0.04807,0.71611,0.40763,-0.38310,-0.41745,
1641629291531385088,0.03373,-0.12073,0.04628,0.70453,0.42188,-0.40875,-0.39821,
1641629291571386368,0.02636,-0.12904,0.04828,0.69731,0.42756,-0.42621,-0.38639,
1641629291631385344,0.01836,-0.14007,0.05640,0.68359,0.43881,-0.44799,-0.37345,
1641629291661386240,0.01581,-0.14504,0.06342,0.67724,0.44480,-0.45586,-0.36836,
1641629291711385344,0.01383,-0.15114,0.07699,0.66516,0.45428,-0.46650,-0.36547,
1641629291761385216,0.01777,-0.15628,0.09356,0.64796,0.46151,-0.47937,-0.37061,
1641629291811385088,0.02883,-0.16053,0.10698,0.62737,0.46412,-0.49514,-0.38188,
1641629291861386240,0.04502,-0.16042,0.12427,0.60704,0.46143,-0.51097,-0.39685,
1641629291911385344,0.06134,-0.15963,0.13296,0.59319,0.45810,-0.52230,-0.40678,
1641629292061385216,0.13111,-0.15093,0.12758,0.59701,0.45729,-0.52264,-0.40164,
1641629292111385088,0.15430,-0.14797,0.11754,0.60676,0.46144,-0.51035,-0.39806,
1641629292161385216,0.17916,-0.14578,0.10726,0.61888,0.46502,-0.49385,-0.39604,
1641629292211386112,0.20587,-0.14376,0.09864,0.63408,0.46228,-0.47808,-0.39456,
1641629292261385216,0.23437,-0.14192,0.09265,0.65226,0.45720,-0.46302,-0.38876,
1641629292311385088,0.26067,-0.13983,0.09000,0.66639,0.45098,-0.44789,-0.38980,
1641629292361385216,0.29356,-0.14271,0.09071,0.67941,0.43855,-0.43312,-0.39809,
1641629292411385344,0.32326,-0.14786,0.09560,0.68686,0.43391,-0.41507,-0.40946,
1641629292441385216,0.33581,-0.15056,0.09811,0.68888,0.43263,-0.40341,-0.41897,
1641629292491385344,0.35905,-0.15738,0.10746,0.69315,0.42497,-0.38570,-0.43609,
1641629292541385216,0.37998,-0.16546,0.11823,0.69274,0.41943,-0.37538,-0.45087,
1641629292641387264,0.41025,-0.18087,0.13769,0.68795,0.41701,-0.36624,-0.46765,
1641629292741385216,0.42127,-0.18973,0.14719,0.68703,0.40943,-0.35389,-0.48488,
1641629292841388288,0.41528,-0.19188,0.14735,0.68182,0.40354,-0.36244,-0.49083,
1641629292941385216,0.39322,-0.18797,0.13852,0.67385,0.41418,-0.37701,-0.48192,
1641629292991388416,0.37632,-0.18367,0.13261,0.67133,0.42071,-0.38391,-0.47427,
1641629293041385216,0.35686,-0.17788,0.12616,0.66651,0.42626,-0.39513,-0.46684,
1641629293091385088,0.33013,-0.16985,0.11935,0.66296,0.43411,-0.40763,-0.45373,
1641629293131386368,0.31930,-0.16762,0.11388,0.66150,0.44062,-0.41514,-0.44265,
1641629293181385216,0.29608,-0.16124,0.10527,0.66015,0.45116,-0.42069,-0.42858,
1641629293231386112,0.27132,-0.15492,0.09512,0.65882,0.46344,-0.42196,-0.41608,
1641629293271385088,0.25124,-0.15043,0.08620,0.65726,0.47225,-0.42059,-0.41000,
1641629293321385216,0.22679,-0.14522,0.07402,0.65621,0.48242,-0.41815,-0.40227,
1641629293371385344,0.20106,-0.14020,0.06074,0.65989,0.49198,-0.41183,-0.39103,
1641629293431385344,0.17128,-0.13493,0.04358,0.66309,0.50531,-0.40380,-0.37672,
1641629293481386240,0.14677,-0.13181,0.02927,0.66456,0.51584,-0.39295,-0.37128,
1641629293531385088,0.12204,-0.12991,0.01613,0.66585,0.52519,-0.37950,-0.36986,
1641629293571385088,0.10235,-0.13002,0.00769,0.66642,0.53286,-0.37133,-0.36614,
1641629293621386240,0.08028,-0.13181,0.00142,0.66233,0.54073,-0.37119,-0.36215,
1641629293661385216,0.06450,-0.13503,0.00004,0.65535,0.54697,-0.37880,-0.35757,
1641629293711385344,0.04689,-0.13981,0.00223,0.64350,0.55510,-0.39379,-0.35029,
1641629293761385216,0.02978,-0.14710,0.00698,0.63270,0.56065,-0.40844,-0.34431,
1641629293811385088,0.02233,-0.14725,0.02182,0.62406,0.56199,-0.41906,-0.34510,
1641629293861385216,0.01216,-0.14927,0.03802,0.61310,0.56130,-0.42817,-0.35457,
1641629293911385344,0.00611,-0.15055,0.05503,0.60246,0.55845,-0.43619,-0.36732,
1641629293961385216,0.00772,-0.14975,0.07993,0.59257,0.55375,-0.44363,-0.38133,
1641629294011385088,0.01125,-0.15025,0.10300,0.58365,0.54767,-0.45064,-0.39539,
1641629294061385216,0.01808,-0.15005,0.12540,0.57639,0.53849,-0.45848,-0.40939,
1641629294111385088,0.03015,-0.14954,0.14643,0.57200,0.52774,-0.46468,-0.42235,
1641629294161385216,0.04580,-0.14895,0.16316,0.56611,0.51750,-0.47061,-0.43615,
1641629294211385344,0.06478,-0.14842,0.17537,0.56309,0.50561,-0.47518,-0.44889,
1641629294261385216,0.08615,-0.14726,0.18353,0.56413,0.49213,-0.47846,-0.45896,
1641629294311386112,0.10908,-0.14544,0.18834,0.57186,0.47386,-0.48178,-0.46510,
1641629294361385216,0.13091,-0.14305,0.18877,0.58326,0.45679,-0.48219,-0.46761,
1641629294411385344,0.15232,-0.14156,0.18469,0.59526,0.44141,-0.47930,-0.47020,
1641629294441385216,0.16537,-0.14133,0.17996,0.60223,0.43378,-0.47607,-0.47171,
1641629294491385344,0.18492,-0.14193,0.16788,0.61322,0.42362,-0.47050,-0.47237,
1641629294541385216,0.20277,-0.14376,0.15164,0.62243,0.42114,-0.46212,-0.47082,
1641629294591385088,0.21885,-0.14657,0.13236,0.63016,0.42215,-0.45142,-0.47000,
1641629294641385216,0.23303,-0.14920,0.11217,0.64041,0.42649,-0.43650,-0.46631,
1641629294691385344,0.24517,-0.15108,0.09346,0.65398,0.42656,-0.42094,-0.46170,
1641629294741385216,0.25811,-0.15229,0.07758,0.66807,0.42092,-0.41015,-0.45638,
1641629294791385088,0.27266,-0.15276,0.06440,0.68044,0.41716,-0.40010,-0.45044,
1641629294841385216,0.28799,-0.15281,0.05464,0.69414,0.41212,-0.38686,-0.44573,
1641629294891385344,0.30420,-0.15276,0.04949,0.70666,0.40744,-0.37015,-0.44454,
1641629294941385216,0.32066,-0.15243,0.05030,0.71675,0.40052,-0.35404,-0.44779,
1641629294991385344,0.33595,-0.15233,0.05776,0.72436,0.39206,-0.34002,-0.45385,
1641629295041385216,0.34959,-0.15286,0.07072,0.72713,0.38531,-0.32696,-0.46466,
1641629295081385216,0.35865,-0.15371,0.08377,0.72482,0.38197,-0.31695,-0.47778,
1641629295131385344,0.36750,-0.15485,0.10253,0.71925,0.37810,-0.30795,-0.49486,
1641629295181385216,0.37325,-0.15558,0.12199,-0.71409,-0.37728,0.30481,0.50480,
1641629295271385088,0.37377,-0.15457,0.14990,-0.70887,-0.38241,0.30677,0.50710,
1641629295421385216,0.34565,-0.14868,0.14855,0.70658,0.39531,-0.31197,-0.49715,
1641629295471385344,0.33137,-0.14583,0.13406,0.70820,0.40184,-0.31335,-0.48866,
1641629295521385216,0.31433,-0.14263,0.11472,0.71228,0.40717,-0.31419,-0.47766,
1641629295571385088,0.29554,-0.13948,0.09281,0.71947,0.41812,-0.31557,-0.45602,
1641629295621385216,0.27565,-0.13711,0.07090,0.72221,0.42703,-0.32635,-0.43537,
1641629295661385216,0.25977,-0.13703,0.05508,0.72322,0.43466,-0.33444,-0.41974,
1641629295711385344,0.23493,-0.13494,0.03585,0.72204,0.44527,-0.34215,-0.40413,
1641629295761385216,0.21089,-0.13637,0.02023,0.71375,0.46448,-0.34673,-0.39320,
1641629295811385088,0.18580,-0.13950,0.00867,0.70257,0.48478,-0.35083,-0.38510,
1641629295861385216,0.16088,-0.14406,0.00271,0.69066,0.49903,-0.36142,-0.37859,
1641629295911385344,0.13713,-0.14844,0.00269,0.67784,0.51166,-0.37878,-0.36777,
1641629295961385216,0.11708,-0.15418,0.00953,0.66182,0.52070,-0.40314,-0.35827,
1641629296011385088,0.09958,-0.15819,0.02201,0.64610,0.52579,-0.42685,-0.35198,
1641629296061385216,0.08644,-0.16053,0.03893,0.62947,0.52941,-0.44547,-0.35363,
1641629296111385088,0.07831,-0.16030,0.05881,0.61246,0.52881,-0.45935,-0.36641,
1641629296161385216,0.07478,-0.15755,0.08078,0.59932,0.51846,-0.47158,-0.38681,
1641629296211385344,0.07561,-0.15222,0.10304,0.59224,0.49911,-0.48618,-0.40469,
1641629296261385216,0.08067,-0.14581,0.12214,0.58673,0.47847,-0.50375,-0.41599,
1641629296311385088,0.08876,-0.13874,0.13506,0.58364,0.46248,-0.51751,-0.42149,
1641629296361385216,0.09716,-0.13044,0.14006,0.58830,0.44861,-0.52345,-0.42266,
1641629296411385344,0.10602,-0.11937,0.13712,0.60376,0.43237,-0.52132,-0.42043,
1641629296441385216,0.10935,-0.11418,0.13078,0.61639,0.42096,-0.51745,-0.41846,
1641629296491385344,0.12102,-0.10354,0.11690,0.63971,0.40438,-0.50607,-0.41368,
1641629296541385216,0.12934,-0.08801,0.09757,0.66489,0.38131,-0.49346,-0.41113,
1641629296591385088,0.14095,-0.07425,0.07912,0.68716,0.35552,-0.48070,-0.41273,
1641629296641385216,0.15623,-0.06103,0.06250,0.70890,0.33313,-0.46374,-0.41404,
1641629296691385344,0.17410,-0.04663,0.04777,0.73213,0.30626,-0.43981,-0.42042,
1641629296741385216,0.19193,-0.03377,0.03613,0.75329,0.28410,-0.40465,-0.43369,
1641629296791385088,0.21226,-0.02227,0.02851,0.77280,0.26201,-0.36379,-0.44922,
1641629296841385216,0.23406,-0.01201,0.02417,0.79092,0.24100,-0.31499,-0.46598,
1641629296891385344,0.25722,-0.00322,0.02315,0.80393,0.21645,-0.26350,-0.48725,
1641629296941385216,0.28158,0.00263,0.02478,-0.80937,-0.19284,0.21439,0.51164,
1641629296991385344,0.30704,0.00647,0.02902,-0.81311,-0.16584,0.17747,0.52901,
1641629297041385216,0.33357,0.00884,0.03424,-0.81696,-0.13420,0.15124,0.54008,
1641629297091385088,0.36112,0.00984,0.03919,-0.81904,-0.09763,0.13103,0.54997,
1641629297141386240,0.38903,0.00935,0.04351,-0.81872,-0.06280,0.10817,0.56041,
1641629297191385344,0.41629,0.00707,0.04747,-0.81798,-0.03163,0.07990,0.56879,
1641629297241385216,0.44183,0.00234,0.05171,-0.81517,-0.00853,0.04943,0.57704,
1641629297271385088,0.45585,-0.00127,0.05456,-0.81437,0.00220,0.03122,0.57949,
1641629297321385216,0.47669,-0.00858,0.06136,-0.81263,0.01590,0.00196,0.58257,
1641629297371385344,0.49319,-0.01677,0.07052,-0.80795,0.02784,-0.02208,0.58818,
1641629297421385216,0.50436,-0.02479,0.08096,-0.80015,0.03844,-0.03946,0.59727,
1641629297481385216,0.50891,-0.03251,0.09138,-0.79214,0.04270,-0.04625,0.60708,
1641629297571385088,0.49624,-0.03756,0.09414,-0.79343,0.01795,-0.03927,0.60713,
1641629297621386240,0.48077,-0.03571,0.08796,-0.79633,0.00340,-0.03321,0.60394,
1641629297661385216,0.46455,-0.03206,0.07988,-0.80050,-0.00610,-0.02793,0.59865,
1641629297711385344,0.44059,-0.02695,0.06716,-0.80404,-0.02055,-0.02080,0.59386,
1641629297761385216,0.41283,-0.02241,0.05317,-0.80624,-0.04243,-0.00775,0.59001,
1641629297811385088,0.38223,-0.01955,0.03940,-0.81072,-0.06951,0.01500,0.58110,
1641629297861385216,0.34950,-0.01896,0.02621,-0.81381,-0.10287,0.04527,0.57017,
1641629297911385344,0.31568,-0.01949,0.01402,-0.81674,-0.13249,0.07700,0.55628,
1641629297961385216,0.28193,-0.02092,0.00315,-0.81707,-0.16025,0.10502,0.54378,
1641629298011385088,0.24882,-0.02334,-0.00679,-0.81588,-0.18618,0.12817,0.53221,
1641629298061385216,0.21656,-0.02657,-0.01548,-0.81351,-0.21176,0.14687,0.52133,
1641629298111385088,0.18521,-0.03142,-0.02215,-0.80876,-0.23756,0.16492,0.51212,
1641629298161386240,0.15475,-0.03816,-0.02568,-0.80343,-0.26369,0.18640,0.50023,
1641629298211385344,0.12574,-0.04740,-0.02528,0.79519,0.29038,-0.21110,-0.48866,
1641629298261385216,0.09900,-0.05857,-0.02087,0.78274,0.31416,-0.23915,-0.48107,
1641629298311385088,0.07548,-0.07064,-0.01219,0.76968,0.33602,-0.26824,-0.47194,
1641629298361385216,0.05558,-0.08361,-0.00026,0.75429,0.35515,-0.29693,-0.46557,
1641629298411385344,0.04037,-0.09695,0.01330,0.73430,0.37298,-0.32436,-0.46527,
1641629298441385216,0.03299,-0.10374,0.02144,0.72337,0.37925,-0.33982,-0.46628,
1641629298491385344,0.02361,-0.11406,0.03414,0.70945,0.39117,-0.36138,-0.46159,
1641629298541385216,0.01730,-0.12267,0.04418,0.69824,0.40420,-0.38245,-0.45036,
1641629298591385088,0.01482,-0.12878,0.05074,0.68764,0.41868,-0.40183,-0.43634,
1641629298641385216,0.01648,-0.13036,0.05443,0.68112,0.42390,-0.41688,-0.42731,
1641629298741385216,0.03378,-0.11756,0.05203,0.68738,0.41279,-0.41789,-0.42717,
1641629298791386112,0.04888,-0.10506,0.04550,0.69969,0.40116,-0.40247,-0.43303,
1641629298841385216,0.06883,-0.09161,0.03664,0.71355,0.39143,-0.38132,-0.43843,
1641629298891385344,0.09390,-0.07924,0.02664,0.72260,0.38629,-0.36159,-0.44484,
1641629298931385344,0.11815,-0.07081,0.01918,0.72939,0.38183,-0.34886,-0.44775,
1641629298991385344,0.15535,-0.06335,0.00832,0.73851,0.37638,-0.33817,-0.44563,
1641629299041385216,0.18822,-0.06129,0.00143,0.74181,0.37168,-0.33649,-0.44535,
1641629299141387264,0.24960,-0.06836,-0.00539,0.74278,0.37471,-0.33295,-0.44387,
1641629299241386240,0.29041,-0.08143,-0.00282,0.75035,0.36886,-0.31886,-0.44637,
1641629299421385216,0.28228,-0.10474,-0.00139,0.74094,0.38672,-0.31032,-0.45295,
1641629299471385344,0.25973,-0.10927,-0.00842,0.73412,0.40649,-0.31272,-0.44501,
1641629299531385088,0.22257,-0.11371,-0.01907,0.72540,0.42833,-0.32604,-0.42899,
1641629299571385088,0.19331,-0.11714,-0.02721,0.71517,0.44346,-0.34186,-0.41834,
1641629299621385216,0.15274,-0.12241,-0.03780,0.69928,0.46230,-0.36483,-0.40520,
1641629299661385216,0.11831,-0.12725,-0.04729,0.68589,0.47757,-0.38110,-0.39529,
1641629299711385344,0.07233,-0.13206,-0.06090,0.66996,0.49635,-0.39252,-0.38822,
1641629299761385216,0.02548,-0.13486,-0.07506,0.66289,0.51187,-0.39910,-0.37320,
1641629299811385088,-0.01580,-0.13594,-0.08612,0.66394,0.52482,-0.40406,-0.34711,
1641629299861385216,-0.04908,-0.13774,-0.09743,0.66639,0.54104,-0.40363,-0.31667,
1641629299911385344,-0.07101,-0.13742,-0.10378,0.66501,0.54877,-0.40593,-0.30303,
1641629300011385088,-0.06657,-0.13230,-0.10475,0.67228,0.54821,-0.39230,-0.30595,
1641629300061387264,-0.04582,-0.12782,-0.09669,0.67706,0.54042,-0.38906,-0.31332,
1641629300111386368,-0.01655,-0.12405,-0.08394,0.68037,0.52812,-0.38608,-0.33034,
1641629300161385216,0.01411,-0.11826,-0.07182,0.68933,0.50946,-0.37739,-0.35050,
1641629300211385344,0.04934,-0.11300,-0.06019,0.70060,0.49151,-0.36319,-0.36835,
1641629300261388288,0.08418,-0.10652,-0.05258,0.71521,0.47647,-0.34205,-0.38006,
1641629300311385088,0.12204,-0.10165,-0.04411,0.73228,0.45923,-0.31517,-0.39183,
1641629300361385216,0.14816,-0.09631,-0.04005,0.74348,0.43038,-0.29443,-0.41871,
1641629300411385344,0.15773,-0.09241,-0.03854,0.75187,0.39872,-0.29030,-0.43753,
1641629300491385344,0.14307,-0.09475,-0.04809,0.74588,0.41173,-0.30786,-0.42352,
1641629300541385216,0.11550,-0.10072,-0.06321,0.72887,0.43554,-0.32401,-0.41721,
1641629300591385088,0.07326,-0.10826,-0.07999,0.71297,0.44978,-0.34813,-0.41009,
1641629300641385216,0.02150,-0.11646,-0.09430,0.69473,0.45944,-0.38918,-0.39345,
1641629300691385344,-0.02829,-0.12505,-0.10720,0.67875,0.48315,-0.41914,-0.36081,
1641629300741385216,-0.06408,-0.13204,-0.11964,0.66514,0.51547,-0.42754,-0.33028,
1641629300791385088,-0.08077,-0.13646,-0.12730,0.66420,0.52917,-0.41533,-0.32607,
1641629300891385344,-0.05174,-0.13333,-0.11773,0.65700,0.52853,-0.40431,-0.35432,
1641629300931385344,-0.02961,-0.12708,-0.10997,0.66104,0.51490,-0.40467,-0.36627,
1641629300991385344,0.00255,-0.11487,-0.09943,0.66761,0.49768,-0.38341,-0.39950,
1641629301041385216,0.02374,-0.09644,-0.09595,0.68280,0.48182,-0.34485,-0.42745,
1641629301091385088,0.04280,-0.06743,-0.09835,0.70674,0.46046,-0.30131,-0.44464,
1641629301141385216,0.05733,-0.03158,-0.10375,0.73800,0.41862,-0.26824,-0.45625,
1641629301191385344,0.06078,-0.00659,-0.10897,0.76692,0.36427,-0.24919,-0.46587,
1641629301231385344,0.05404,-0.00656,-0.11411,0.77424,0.34576,-0.25589,-0.46424,
1641629301271385088,0.03973,-0.02667,-0.12224,0.76322,0.37416,-0.27063,-0.45195,
1641629301321385216,0.01576,-0.06993,-0.13563,0.73138,0.44011,-0.29206,-0.43138,
1641629301371385344,-0.00854,-0.11746,-0.14681,0.70140,0.49393,-0.32187,-0.40059,
1641629301421385216,-0.02642,-0.15421,-0.15328,0.67533,0.53261,-0.35576,-0.36564,
1641629301471386112,-0.03547,-0.16881,-0.15742,0.65850,0.55664,-0.37491,-0.34054,
1641629301521385216,-0.03489,-0.15645,-0.16034,0.66772,0.55176,-0.36949,-0.33642,
1641629301571385088,-0.02207,-0.12041,-0.16161,0.69608,0.52035,-0.34274,-0.35670,
1641629301661385216,0.02750,-0.02682,-0.15345,0.75903,0.42461,-0.26714,-0.41499,
1641629301711385344,0.05424,0.01345,-0.14584,0.77952,0.36808,-0.22268,-0.45528,
1641629301761385216,0.06533,0.02368,-0.13907,0.78300,0.34079,-0.18212,-0.48744,
1641629301811385088,0.05825,-0.00082,-0.13631,0.76053,0.38040,-0.18902,-0.49107,
1641629301911385344,0.01862,-0.09714,-0.14298,0.70251,0.50545,-0.28962,-0.40880,
1641629301961385216,0.00675,-0.13365,-0.14868,0.67345,0.54665,-0.33703,-0.36612,
1641629302011385088,0.00468,-0.14176,-0.15205,0.66899,0.55333,-0.35667,-0.34505,
1641629302061385984,0.01404,-0.11968,-0.15420,0.69153,0.52793,-0.34254,-0.35460,
1641629302111385088,0.03640,-0.07704,-0.15402,0.72909,0.48129,-0.30320,-0.38059,
1641629302161385216,0.06989,-0.02899,-0.14823,0.76709,0.41485,-0.26832,-0.40924,
1641629302211385344,0.10212,0.00723,-0.14062,0.79042,0.35515,-0.22742,-0.44429,
1641629302261385216,0.11910,0.01885,-0.13525,0.79195,0.33247,-0.18244,-0.47853,
1641629302311386112,0.11507,0.00305,-0.13516,0.77476,0.36368,-0.16021,-0.49175,
1641629302361385216,0.09406,-0.03491,-0.14081,0.75263,0.42030,-0.18107,-0.47341,
1641629302411386368,0.06787,-0.08625,-0.15021,0.72563,0.48374,-0.23727,-0.42797,
1641629302441385216,0.05255,-0.11777,-0.15804,0.70680,0.51998,-0.27224,-0.39488,
1641629302491385344,0.03098,-0.16422,-0.16780,0.67668,0.57304,-0.31400,-0.33932,
1641629302541385216,0.01224,-0.19686,-0.16722,0.65397,0.59952,-0.34505,-0.30635,
1641629302591385088,-0.00088,-0.21273,-0.15083,0.63730,0.60467,-0.37338,-0.29800,
1641629302641385216,-0.00676,-0.21015,-0.12005,0.62458,0.59393,-0.40268,-0.30822,
1641629302691385344,-0.00475,-0.18966,-0.08178,0.62679,0.55958,-0.42997,-0.33036,
1641629302741385216,0.00630,-0.15596,-0.04556,0.64352,0.50729,-0.45160,-0.35298,
1641629302791385088,0.02655,-0.11532,-0.02082,0.67324,0.44557,-0.46595,-0.36209,
1641629302991385344,0.17625,-0.00275,-0.08570,0.80536,0.35818,-0.27444,-0.38443,
1641629303041385216,0.21442,0.01515,-0.09740,0.82538,0.34689,-0.20942,-0.39315,
1641629303091385088,0.24380,0.02758,-0.08177,0.83248,0.31894,-0.18860,-0.41192,
1641629303141385216,0.26080,0.03004,-0.04715,0.81870,0.30478,-0.19841,-0.44437,
1641629303191385344,0.26442,0.02324,-0.01016,0.79364,0.31848,-0.20454,-0.47630,
1641629303241385216,0.25604,0.00983,0.01697,0.77088,0.34715,-0.19571,-0.49692,
1641629303271385088,0.24672,0.00057,0.02507,-0.75889,-0.36712,0.18799,0.50396,
1641629303321385216,0.22853,-0.01728,0.02618,-0.74206,-0.40294,0.17934,0.50480,
1641629303371385344,0.20759,-0.03779,0.01150,0.73423,0.43696,-0.18615,-0.48510,
1641629303421385216,0.18520,-0.06361,-0.01476,0.73335,0.46937,-0.20771,-0.44581,
1641629303471385344,0.16130,-0.09642,-0.04322,0.73747,0.50465,-0.23216,-0.38414,
1641629303621385216,0.12275,-0.20695,-0.04260,0.67739,0.58828,-0.35988,-0.25604,
1641629303661385216,0.11826,-0.22093,-0.01884,0.65875,0.59041,-0.39509,-0.24773,
1641629303711385344,0.11737,-0.22558,0.01663,0.63886,0.58395,-0.42647,-0.26267,
1641629303761385216,0.11498,-0.21410,0.05035,0.63210,0.57039,-0.43785,-0.28877,
1641629303811385088,0.12921,-0.20114,0.08132,0.63361,0.55118,-0.44044,-0.31740,
1641629303861385216,0.14661,-0.17774,0.10509,0.63861,0.52938,-0.43580,-0.34931,
1641629303911385344,0.16865,-0.15038,0.12376,0.65969,0.50225,-0.41236,-0.37750,
1641629303961385216,0.19644,-0.12234,0.14058,0.68280,0.46865,-0.38404,-0.40826,
1641629304011385088,0.22958,-0.09759,0.15801,0.70469,0.42941,-0.35295,-0.44096,
1641629304061385216,0.26596,-0.07770,0.17660,0.71963,0.39326,-0.32646,-0.47001,
1641629304111385088,0.30190,-0.06386,0.19651,0.72855,0.35914,-0.30356,-0.49807,
1641629304161385216,0.33647,-0.05582,0.21603,-0.73287,-0.33031,0.27778,0.52595,
1641629304211386112,0.36999,-0.05274,0.23284,-0.73516,-0.30418,0.25236,0.55076,
1641629304261385216,0.40220,-0.05238,0.24407,-0.73755,-0.28302,0.22803,0.56915,
1641629304311385088,0.43324,-0.05343,0.24688,-0.74521,-0.26368,0.20626,0.57671,
1641629304361385216,0.46296,-0.05517,0.24114,-0.75596,-0.25337,0.18802,0.57356,
1641629304411385344,0.49156,-0.05646,0.22863,-0.76868,-0.24745,0.17166,0.56430,
1641629304441385216,0.50822,-0.05644,0.21854,-0.77719,-0.24187,0.16189,0.55791,
1641629304491385344,0.53523,-0.05440,0.20371,-0.79414,-0.22199,0.14360,0.54721,
1641629304541385216,0.56024,-0.05144,0.19233,-0.81277,-0.19638,0.12796,0.53335,
1641629304591385088,0.58438,-0.04984,0.18694,-0.82830,-0.17862,0.11194,0.51912,
1641629304641385216,0.60637,-0.05036,0.18952,-0.83455,-0.16739,0.09142,0.51686,
1641629304691385344,0.62520,-0.05338,0.20114,-0.83262,-0.16261,0.06339,0.52563,
1641629304741385216,0.63869,-0.05951,0.22268,-0.82172,-0.16113,0.03951,0.54521,
1641629304791385088,0.64819,-0.06809,0.25185,-0.80653,-0.16128,0.02279,0.56831,
1641629304841385216,0.65126,-0.07722,0.28554,-0.78953,-0.16117,0.01174,0.59205,
1641629304891385344,0.65004,-0.08685,0.31962,-0.77470,-0.16172,0.00390,0.61128,
1641629304941385216,0.64660,-0.09549,0.35111,-0.76261,-0.16046,-0.00117,0.62664,
1641629304991385344,0.64276,-0.10279,0.37751,-0.75161,-0.15856,-0.00205,0.64026,
1641629305041385216,0.63503,-0.10978,0.39663,-0.74096,-0.16314,-0.00325,0.65143,
1641629305091385088,0.62014,-0.11460,0.40744,-0.72875,-0.16987,-0.00629,0.66334,
1641629305141385216,0.60287,-0.11684,0.41120,-0.72084,-0.17000,-0.00832,0.67188,
1641629305191385344,0.58319,-0.11703,0.40783,-0.71652,-0.17263,-0.00646,0.67584,
1641629305271386112,0.54776,-0.11343,0.38897,-0.72294,-0.18896,0.00345,0.66456,
1641629305321385216,0.52521,-0.11005,0.37059,-0.73233,-0.19711,0.01632,0.65160,
1641629305371385344,0.50299,-0.10581,0.34831,-0.74311,-0.21238,0.02633,0.63402,
1641629305421385216,0.48146,-0.10253,0.32445,-0.75204,-0.22244,0.03568,0.61942,
1641629305471385344,0.46010,-0.10013,0.29780,-0.76040,-0.22771,0.04754,0.60636,
1641629305521385216,0.44004,-0.10049,0.27029,-0.76860,-0.24050,0.05967,0.58980,
1641629305571385088,0.42050,-0.10512,0.24677,-0.77271,-0.25996,0.07853,0.57373,
1641629305621387264,0.40016,-0.11185,0.22813,-0.77542,-0.28338,0.09962,0.55542,
1641629305661385216,0.38383,-0.11769,0.21556,-0.77904,-0.30260,0.11436,0.53708,
1641629305711385344,0.36379,-0.12529,0.20393,-0.78288,-0.32416,0.13285,0.51417,
1641629305761385216,0.34567,-0.13262,0.19731,0.78485,0.34387,-0.15067,-0.49302,
1641629305811385088,0.33024,-0.14016,0.19642,0.78311,0.35976,-0.16908,-0.47825,
1641629305861385216,0.31725,-0.14620,0.20177,0.78012,0.36914,-0.18677,-0.46932,
1641629305911385344,0.30684,-0.15083,0.21340,0.77532,0.37446,-0.20328,-0.46619,
1641629305961386240,0.29906,-0.15431,0.23077,0.76720,0.37776,-0.21822,-0.47020,
1641629306011385088,0.29412,-0.15793,0.25274,0.75561,0.37957,-0.23272,-0.48044,
1641629306061385216,0.29242,-0.15974,0.27832,0.74211,0.37977,-0.24759,-0.49371,
1641629306111385088,0.29464,-0.15938,0.30602,-0.72898,-0.37563,0.26372,0.50788,
1641629306161385216,0.30061,-0.15695,0.33382,-0.71961,-0.36694,0.27650,0.52064,
1641629306211385344,0.30961,-0.15394,0.35883,-0.71341,-0.35429,0.28105,0.53530,
1641629306261385216,0.32163,-0.15008,0.37964,-0.70741,-0.34101,0.27848,0.55293,
1641629306311385088,0.33604,-0.14511,0.39523,-0.70486,-0.32494,0.27105,0.56931,
1641629306361385216,0.35235,-0.13740,0.40501,-0.70901,-0.30399,0.26034,0.58061,
1641629306411385344,0.37054,-0.12846,0.40877,-0.71822,-0.27982,0.25119,0.58546,
1641629306441385216,0.38215,-0.12332,0.40700,-0.72377,-0.26611,0.24669,0.58694,
1641629306491385344,0.40176,-0.11515,0.40049,-0.73243,-0.24520,0.23924,0.58837,
1641629306591385088,0.43950,-0.09941,0.37467,-0.75471,-0.20571,0.22319,0.58162,
1641629306641387264,0.45710,-0.09287,0.35522,-0.76577,-0.18547,0.21119,0.57845,
1641629306691386112,0.47383,-0.08826,0.33403,-0.77154,-0.16364,0.20018,0.58128,
1641629306741385216,0.48965,-0.08472,0.31326,-0.78005,-0.14385,0.18775,0.57929,
1641629306791385088,0.50442,-0.08271,0.29596,-0.79138,-0.12537,0.17359,0.57259,
1641629306841385216,0.51866,-0.08268,0.28541,-0.79817,-0.10719,0.15814,0.57134,
1641629306891385344,0.53139,-0.08408,0.28224,-0.80324,-0.09406,0.14002,0.57127,
1641629306941385216,0.54253,-0.08681,0.28690,-0.80469,-0.08494,0.12100,0.57499,
1641629306991385344,0.55200,-0.09068,0.29955,-0.80154,-0.07708,0.10421,0.58372,
1641629307041385216,0.55933,-0.09557,0.31917,-0.79369,-0.06784,0.09021,0.59775,
1641629307091385088,0.56364,-0.10134,0.34357,-0.78396,-0.05665,0.08012,0.61301,
1641629307141385216,0.56486,-0.10865,0.36977,-0.77057,-0.04658,0.07478,0.63123,
1641629307191385344,0.56237,-0.11650,0.39375,-0.75661,-0.03993,0.07391,0.64844,
1641629307241385216,0.55657,-0.12272,0.41223,-0.74322,-0.03641,0.07704,0.66360,
1641629307271385088,0.55291,-0.12586,0.41821,-0.73665,-0.03966,0.07964,0.67040,
1641629307321385216,0.54158,-0.12741,0.42321,-0.73079,-0.05304,0.08037,0.67577,
1641629307371385344,0.52634,-0.12550,0.41975,-0.73212,-0.06594,0.08068,0.67316,
1641629307421385216,0.50687,-0.12076,0.40795,-0.73780,-0.08021,0.08242,0.66515,
1641629307471385344,0.48348,-0.11387,0.38873,-0.74752,-0.09639,0.08611,0.65154,
1641629307521385216,0.45632,-0.10624,0.36456,-0.75852,-0.11092,0.09038,0.63575,
1641629307571385088,0.42598,-0.09937,0.33833,-0.77127,-0.12799,0.09321,0.61650,
1641629307621385216,0.39369,-0.09467,0.31225,-0.77896,-0.14351,0.10171,0.60190,
1641629307661385216,0.36768,-0.09307,0.29142,-0.78577,-0.15364,0.11548,0.58790,
1641629307711386112,0.33565,-0.09368,0.26807,-0.79273,-0.17856,0.13667,0.56658,
1641629307761385216,0.30540,-0.09681,0.25004,-0.79285,-0.20467,0.16306,0.55037,
1641629307811385088,0.27696,-0.10059,0.23865,-0.79184,-0.23032,0.18475,0.53461,
1641629307861385216,0.25112,-0.10376,0.23572,-0.78883,-0.25060,0.20325,0.52310,
1641629307911385344,0.22847,-0.10645,0.24101,-0.78050,-0.26569,0.22024,0.52127,
1641629307961385216,0.20893,-0.10804,0.25279,-0.76919,-0.27672,0.23431,0.52618,
1641629308011385088,0.19211,-0.10932,0.26885,-0.75661,-0.28537,0.24452,0.53508,
1641629308061385216,0.17848,-0.11038,0.28803,-0.74228,-0.29150,0.25473,0.54696,
1641629308111385088,0.16903,-0.11095,0.30913,-0.72754,-0.29558,0.26702,0.55858,
1641629308161385216,0.16447,-0.10894,0.33126,-0.71662,-0.29132,0.27942,0.56878,
1641629308211385344,0.16414,-0.10335,0.35196,-0.71175,-0.27604,0.28402,0.58013,
1641629308261385216,0.16852,-0.09506,0.36892,-0.71219,-0.25089,0.28219,0.59179,
1641629308311385088,0.17769,-0.08549,0.38068,-0.71556,-0.22298,0.27534,0.60203,
1641629308361385216,0.19116,-0.07540,0.38649,-0.72039,-0.19522,0.26562,0.61022,
1641629308411385344,0.20825,-0.06536,0.38647,-0.72673,-0.16812,0.25356,0.61588,
1641629308441385216,0.21940,-0.06060,0.38150,-0.72984,-0.15164,0.24579,0.61961,
1641629308491385344,0.24081,-0.05112,0.37687,-0.73383,-0.12266,0.23104,0.62695,
1641629308541385216,0.26235,-0.04358,0.36771,-0.73689,-0.09611,0.21578,0.63340,
1641629308591385088,0.28434,-0.03733,0.35742,-0.74028,-0.07270,0.20121,0.63735,
1641629308641385216,0.30723,-0.03220,0.34569,-0.74378,-0.05039,0.18652,0.63990,
1641629308691385344,0.33064,-0.02767,0.33421,-0.74749,-0.02235,0.17062,0.64160,
1641629308741385216,0.35446,-0.02415,0.32170,-0.75118,0.00911,0.15255,0.64216,
1641629308791385088,0.37824,-0.02157,0.30912,-0.75468,0.04256,0.13380,0.64089,
1641629308891385344,0.42335,-0.01720,0.28319,-0.75890,0.10667,0.09241,0.63573,
1641629308941385216,0.44018,-0.01876,0.27957,-0.75941,0.12797,0.06721,0.63435,
1641629309041385216,0.46515,-0.01877,0.27342,-0.75466,0.15620,0.00498,0.63723,
1641629309091385088,0.47405,-0.01992,0.27537,-0.75080,0.16576,-0.02678,0.63883,
1641629309141385216,0.48234,-0.02203,0.28061,-0.74548,0.17452,-0.05615,0.64082,
1641629309191385344,0.48984,-0.02504,0.28965,-0.73820,0.18379,-0.07943,0.64418,
1641629309241385216,0.49716,-0.02990,0.30094,-0.72730,0.19371,-0.09649,0.65131,
1641629309271385088,0.50172,-0.03480,0.30872,-0.71997,0.19863,-0.10414,0.65676,
1641629309321385216,0.50740,-0.04141,0.32279,-0.70755,0.20484,-0.11621,0.66627,
1641629309371385344,0.51257,-0.04816,0.33710,-0.69617,0.20702,-0.12945,0.67508,
1641629309421385216,0.51608,-0.05344,0.34995,-0.68760,0.20387,-0.14438,0.68176,
1641629309471385344,0.51924,-0.05744,0.35977,-0.68202,0.20046,-0.16247,0.68430,
1641629309521386240,0.52182,-0.05994,0.36554,-0.67799,0.19863,-0.17829,0.68491,
1641629309621385216,0.52226,-0.05420,0.36051,-0.68464,0.19458,-0.18988,0.67627,
1641629309661385216,0.52236,-0.05161,0.35168,-0.69223,0.19204,-0.18976,0.66928,
1641629309711385344,0.52226,-0.04539,0.33599,-0.70599,0.19068,-0.19084,0.65483,
1641629309761385216,0.52169,-0.03692,0.31650,-0.72387,0.18832,-0.19225,0.63529,
1641629309811385088,0.52009,-0.02895,0.29544,-0.74230,0.18331,-0.18897,0.61619,
1641629309861385216,0.51715,-0.02059,0.27429,-0.76016,0.17594,-0.18470,0.59757,
1641629309911385344,0.51257,-0.01190,0.25419,-0.77602,0.16910,-0.18363,0.57920,
1641629309961385216,0.50651,-0.00415,0.23654,-0.78978,0.16135,-0.18016,0.56370,
1641629310011385088,0.49885,0.00249,0.22279,-0.79935,0.15298,-0.17176,0.55510,
1641629310061385216,0.48915,0.00831,0.21386,-0.80420,0.14625,-0.15911,0.55368,
1641629310111385088,0.47718,0.01291,0.20910,-0.80580,0.13924,-0.14664,0.55659,
1641629310161385216,0.46278,0.01726,0.20775,-0.80635,0.13115,-0.13596,0.56045,
1641629310211385344,0.44547,0.02084,0.20892,-0.80610,0.11798,-0.12297,0.56672,
1641629310261385216,0.42498,0.02316,0.21237,-0.80470,0.09760,-0.10519,0.57608,
1641629310311385088,0.40223,0.02421,0.21839,-0.80065,0.07420,-0.08341,0.58865,
1641629310361385216,0.37798,0.02303,0.22656,-0.79357,0.04863,-0.05431,0.60409,
1641629310411385344,0.35290,0.02059,0.23616,-0.78524,0.02272,-0.01725,0.61854,
1641629310441385216,0.33769,0.01785,0.24174,-0.77927,0.00564,0.00705,0.62662,
1641629310491385344,0.31244,0.01256,0.25080,-0.76951,-0.02581,0.05151,0.63603,
1641629310541385216,0.28724,0.00587,0.25807,-0.75855,-0.05898,0.09412,0.64208,
1641629310641385216,0.23817,-0.01122,0.26677,-0.73916,-0.13584,0.17793,0.63524,
1641629310691387136,0.21492,-0.02320,0.26676,-0.72851,-0.17656,0.21803,0.62495,
1641629310791385088,0.17342,-0.04872,0.26480,-0.70533,-0.25459,0.28568,0.59672,
1641629310841385216,0.15510,-0.06259,0.25940,-0.69323,-0.28812,0.31146,0.58260,
1641629310891385344,0.13911,-0.07596,0.25038,-0.68146,-0.32078,0.33433,0.56651,
1641629310941385216,0.12523,-0.08894,0.24152,-0.67136,-0.34835,0.35995,0.54623,
1641629311041385216,0.10298,-0.10974,0.21627,0.65635,0.39413,-0.40520,-0.49968,
1641629311091385088,0.09442,-0.12045,0.20199,0.64699,0.42111,-0.43284,-0.46553,
1641629311141385216,0.08790,-0.13107,0.18886,0.63066,0.44946,-0.46558,-0.42836,
1641629311191385344,0.08213,-0.14048,0.17869,0.61823,0.47179,-0.49488,-0.38768,
1641629311241385216,0.07757,-0.15029,0.17182,0.60436,0.48992,-0.51719,-0.35671,
1641629311271385088,0.07564,-0.15669,0.17026,0.59504,0.49928,-0.52768,-0.34380,
1641629311321385216,0.07415,-0.16563,0.17192,0.57892,0.51144,-0.54285,-0.32953,
1641629311371385344,0.07480,-0.17405,0.17825,0.55714,0.52703,-0.55334,-0.32505,
1641629311421385216,0.07727,-0.18111,0.18828,-0.53312,-0.54288,0.56019,0.32749,
1641629311471385344,0.08108,-0.18603,0.20046,-0.50972,-0.55580,0.56724,0.33093,
1641629311521386240,0.08608,-0.18862,0.21182,-0.48878,-0.56720,0.57223,0.33456,
1641629311571386368,0.09045,-0.18925,0.22078,0.47399,0.57633,-0.57480,-0.33582,
1641629311711385344,0.09933,-0.17331,0.21495,0.47663,0.57201,-0.56659,-0.35298,
1641629311761385216,0.10116,-0.16255,0.20475,-0.49663,-0.55778,0.56203,0.35549,
1641629311811386112,0.10163,-0.14782,0.19397,-0.52903,-0.53451,0.55286,0.35884,
1641629311861385216,0.10188,-0.13034,0.18169,0.56479,0.50858,-0.53187,-0.37345,
1641629311911385344,0.10434,-0.11124,0.16809,0.60056,0.47928,-0.50866,-0.38844,
1641629311961385216,0.10909,-0.09174,0.15640,0.62851,0.45613,-0.48728,-0.39936,
1641629312011385088,0.11711,-0.07287,0.14264,0.65282,0.43839,-0.46702,-0.40440,
1641629312061385216,0.12709,-0.05485,0.12852,0.67761,0.41931,-0.44172,-0.41220,
1641629312111385088,0.13981,-0.03788,0.11591,0.70170,0.39457,-0.41414,-0.42475,
1641629312161385216,0.15564,-0.02273,0.10749,0.72165,0.36892,-0.38701,-0.43971,
1641629312211385344,0.17439,-0.01015,0.10501,0.73559,0.34459,-0.36433,-0.45544,
1641629312261385216,0.19445,-0.00044,0.10839,0.74441,0.31910,-0.34132,-0.47700,
1641629312311385088,0.21451,0.00673,0.11677,0.75164,0.29440,-0.31422,-0.49964,
1641629312361385216,0.23423,0.01093,0.12900,-0.75398,-0.27220,0.28539,0.52533,
1641629312411385344,0.25381,0.01222,0.14404,-0.75349,-0.25065,0.25466,0.55189,
1641629312441385216,0.26492,0.01109,0.15446,-0.75239,-0.23726,0.23541,0.56763,
1641629312491385344,0.28430,0.00873,0.17178,-0.75046,-0.21261,0.20074,0.59271,
1641629312541385216,0.30319,0.00570,0.18982,-0.74834,-0.18492,0.16516,0.61523,
1641629312591385088,0.32211,0.00196,0.20816,-0.74514,-0.15139,0.13004,0.63635,
1641629312641385216,0.34081,-0.00200,0.22564,-0.74004,-0.11328,0.09793,0.65568,
1641629312741387008,0.37929,-0.01599,0.25264,-0.72959,-0.04145,0.03641,0.68165,
1641629312841385216,0.40729,-0.02415,0.26624,-0.71411,0.03389,-0.02282,0.69884,
1641629312941385216,0.43608,-0.03476,0.26618,-0.70197,0.09816,-0.07406,0.70151,
1641629312991385344,0.44925,-0.03886,0.26225,-0.69625,0.12994,-0.09423,0.69963,
1641629313041385216,0.46074,-0.04178,0.25554,-0.69259,0.15685,-0.10711,0.69588,
1641629313091385088,0.47014,-0.04227,0.24639,-0.69395,0.17706,-0.11113,0.68901,
1641629313141385216,0.47784,-0.03937,0.23435,-0.70069,0.19297,-0.11581,0.67704,
1641629313191385344,0.48266,-0.03305,0.21953,-0.71201,0.20392,-0.11762,0.66153,
1641629313241385216,0.48412,-0.02624,0.20348,-0.72372,0.20714,-0.11468,0.64820,
1641629313271385088,0.48297,-0.02178,0.19375,-0.72928,0.20641,-0.10989,0.64301,
1641629313321385216,0.47693,-0.01303,0.17555,-0.73973,0.20078,-0.09973,0.63446,
1641629313371385344,0.46749,-0.00372,0.15715,-0.75110,0.19383,-0.08562,0.62526,
1641629313421385216,0.45514,0.00611,0.13869,-0.76274,0.18422,-0.07583,0.61526,
1641629313471385344,0.44096,0.01600,0.12101,-0.77364,0.17611,-0.06705,0.60495,
1641629313521385216,0.42486,0.02538,0.10471,-0.78511,0.16544,-0.05710,0.59412,
1641629313571385088,0.40672,0.03420,0.08999,-0.79387,0.15186,-0.04358,0.58721,
1641629313621385216,0.38668,0.04266,0.07670,-0.80151,0.13416,-0.02638,0.58214,
1641629313661385216,0.36883,0.04901,0.06696,-0.80640,0.11634,-0.01219,0.57968,
1641629313711385344,0.34492,0.05598,0.05519,-0.81383,0.08567,0.00916,0.57468,
1641629313761385216,0.31937,0.06139,0.04393,-0.82260,0.04787,0.03413,0.56558,
1641629313811385088,0.29292,0.06410,0.03449,-0.82900,0.00762,0.06768,0.55509,
1641629313861386240,0.26536,0.06373,0.02539,-0.83298,-0.03937,0.11042,0.54074,
1641629313911385344,0.23681,0.06023,0.01723,-0.83349,-0.09085,0.15398,0.52281,
1641629313961385216,0.20768,0.05363,0.00950,-0.82858,-0.14147,0.19010,0.50725,
1641629314011385088,0.17987,0.04278,0.00335,0.81525,0.19162,-0.22844,-0.49644,
1641629314061385216,0.15401,0.02868,-0.00261,0.79733,0.24490,-0.26756,-0.48238,
1641629314111385088,0.13015,0.01321,-0.00920,0.77806,0.29617,-0.30209,-0.46438,
1641629314161385216,0.10724,-0.00244,-0.01652,0.76302,0.34351,-0.32482,-0.44080,
1641629314211385344,0.08576,-0.01848,-0.02250,0.74710,0.38661,-0.34563,-0.41583,
1641629314261386240,0.06647,-0.03474,-0.02417,0.73143,0.42589,-0.36544,-0.38740,
1641629314311385088,0.04996,-0.05144,-0.01925,0.71184,0.45988,-0.38294,-0.36762,
1641629314361385216,0.03671,-0.06741,-0.00762,0.68742,0.48702,-0.39732,-0.36385,
1641629314411385344,0.02693,-0.08252,0.00985,0.65858,0.50881,-0.41250,-0.37044,
1641629314441385216,0.02173,-0.08985,0.02343,0.64335,0.51889,-0.42040,-0.37433,
1641629314491385344,0.01632,-0.09994,0.04867,0.62101,0.53231,-0.43103,-0.38106,
1641629314541385216,0.01434,-0.10708,0.07742,0.60159,0.54111,-0.44065,-0.38873,
1641629314591385088,0.01594,-0.11267,0.10760,0.58338,0.54542,-0.44728,-0.40265,
1641629314641385216,0.02053,-0.11544,0.13867,0.57153,0.54227,-0.45136,-0.41902,
1641629314691385344,0.02806,-0.11560,0.16879,0.56022,0.53394,-0.45736,-0.43805,
1641629314741385216,0.03837,-0.11150,0.19769,0.55131,0.52054,-0.46751,-0.45446,
1641629314791385088,0.05098,-0.10716,0.22244,0.54434,0.50619,-0.47600,-0.47000,
1641629314841385216,0.06435,-0.10483,0.24136,0.54413,0.48993,-0.47689,-0.48629,
1641629314891385344,0.07706,-0.09770,0.25530,-0.55063,-0.47235,0.46720,0.50539,
1641629314941385216,0.09141,-0.08652,0.26500,-0.56239,-0.45391,0.45108,0.52365,
1641629314991385344,0.10651,-0.07633,0.26966,-0.57906,-0.43143,0.42864,0.54298,
1641629315041385216,0.12237,-0.06405,0.27044,-0.60047,-0.40478,0.40197,0.56037,
1641629315091385088,0.14008,-0.05165,0.26831,-0.62494,-0.37456,0.37383,0.57394,
1641629315141385216,0.15699,-0.03545,0.26398,-0.65110,-0.34284,0.34289,0.58391,
1641629315191385344,0.17625,-0.02086,0.25835,-0.67414,-0.30637,0.30741,0.59764,
1641629315271385088,0.21054,-0.00261,0.24743,-0.70232,-0.25277,0.25592,0.61429,
1641629315371385344,0.25542,0.01229,0.23464,-0.72819,-0.18762,0.19981,0.62818,
1641629315421388032,0.27682,0.01805,0.23086,-0.73560,-0.15419,0.17352,0.63640,
1641629315471385344,0.29763,0.02127,0.22756,-0.74115,-0.12732,0.14935,0.64201,
1641629315521387264,0.31809,0.02326,0.22365,-0.74288,-0.09945,0.12554,0.64998,
1641629315571385088,0.33850,0.02413,0.21839,-0.74375,-0.07476,0.10745,0.65551,
1641629315621386240,0.35936,0.02530,0.21192,-0.74508,-0.04712,0.09907,0.65789,
1641629315661385216,0.37624,0.02563,0.20580,-0.74815,-0.02444,0.09292,0.65653,
1641629315711385344,0.39724,0.02948,0.19468,-0.75369,0.00565,0.08177,0.65210,
1641629315761385216,0.41780,0.03106,0.18522,-0.76094,0.03437,0.06792,0.64434,
1641629315811385088,0.43874,0.03464,0.17526,-0.76888,0.05865,0.05189,0.63458,
1641629315861385216,0.45877,0.03663,0.17041,-0.77636,0.07930,0.03030,0.62454,
1641629315911385344,0.47672,0.03812,0.17158,-0.77982,0.09299,0.00545,0.61904,
1641629315961385216,0.49159,0.03627,0.18016,-0.77880,0.09885,-0.01606,0.61923,
1641629316011385088,0.50341,0.03219,0.19408,-0.77170,0.10168,-0.03683,0.62673,
1641629316061385216,0.51180,0.02722,0.21046,-0.76288,0.10465,-0.05780,0.63539,
1641629316111385088,0.51604,0.02129,0.22718,-0.75347,0.10924,-0.07545,0.64393,
1641629316161385216,0.51689,0.01625,0.24154,-0.74270,0.11551,-0.09049,0.65335,
1641629316211385344,0.51629,0.01070,0.25147,-0.73301,0.12343,-0.10557,0.66055,
1641629316261386240,0.51414,0.00800,0.24999,-0.72636,0.13001,-0.11626,0.66482,
1641629316361385216,0.51369,0.00345,0.22875,-0.72668,0.14586,-0.11869,0.66073,
1641629316411387136,0.51282,0.00799,0.20968,-0.73352,0.15708,-0.11458,0.65126,
1641629316441385216,0.51170,0.01333,0.19701,-0.73930,0.16362,-0.10788,0.64422,
1641629316491385344,0.50859,0.02004,0.17458,-0.74921,0.17111,-0.09282,0.63308,
1641629316541385216,0.50241,0.02726,0.15280,-0.76101,0.17339,-0.07834,0.62021,
1641629316591385088,0.49255,0.03482,0.13317,-0.77140,0.16984,-0.06452,0.60987,
1641629316641385216,0.47878,0.04246,0.11661,-0.78344,0.15779,-0.04512,0.59940,
1641629316691386112,0.46139,0.04953,0.10333,-0.79575,0.13648,-0.01693,0.58980,
1641629316741389312,0.44021,0.05559,0.09224,-0.80671,0.10822,0.00962,0.58087,
1641629316791387392,0.41575,0.06011,0.08266,-0.81433,0.07419,0.02970,0.57488,
1641629316841385216,0.38907,0.06285,0.07499,-0.81922,0.03828,0.05316,0.56972,
1641629316891385344,0.36129,0.06359,0.06853,-0.81958,0.00029,0.08103,0.56721,
1641629316941385216,0.33330,0.06324,0.06319,-0.81938,-0.03483,0.11296,0.56093,
1641629316991385344,0.30475,0.06260,0.05784,-0.81636,-0.06646,0.13817,0.55682,
1641629317041385216,0.27608,0.06068,0.05127,-0.81493,-0.10303,0.16810,0.54499,
1641629317091385088,0.24750,0.05716,0.04311,-0.81226,-0.13970,0.19610,0.53128,
1641629317141385216,0.21960,0.05081,0.03261,-0.80896,-0.17667,0.21897,0.51617,
1641629317191385344,0.19326,0.04153,0.02132,0.80489,0.21389,-0.23786,-0.49982,
1641629317241385216,0.16895,0.02966,0.01079,0.79884,0.24991,-0.25774,-0.48267,
1641629317271385088,0.15546,0.02250,0.00572,0.79258,0.27210,-0.27415,-0.47183,
1641629317321385216,0.13583,0.00549,-0.00096,0.77891,0.31040,-0.30837,-0.44929,
1641629317371386368,0.11773,-0.01373,-0.00638,0.76218,0.34801,-0.33580,-0.43036,
1641629317421385216,0.10149,-0.03391,-0.01037,0.74321,0.38229,-0.36065,-0.41404,
1641629317471385344,0.08677,-0.05424,-0.01354,0.72497,0.41365,-0.38015,-0.39851,
1641629317521385216,0.07381,-0.07358,-0.01573,0.70763,0.43979,-0.39909,-0.38285,
1641629317571385088,0.06148,-0.09125,-0.01697,0.69390,0.45974,-0.41622,-0.36594,
1641629317621385216,0.04973,-0.10765,-0.01611,0.68213,0.47505,-0.43233,-0.34944,
1641629317661386240,0.04071,-0.12098,-0.01331,0.67093,0.48688,-0.44469,-0.33919,
1641629317711385344,0.03275,-0.13581,-0.00425,0.65543,0.50303,-0.45602,-0.33077,
1641629317761385216,0.02213,-0.14896,0.00957,0.63792,0.51911,-0.46346,-0.32983,
1641629317811385088,0.01671,-0.16026,0.02814,0.61801,0.53332,-0.47024,-0.33542,
1641629317861385216,0.01356,-0.17045,0.05288,0.59651,0.54643,-0.47553,-0.34562,
1641629317911385344,0.01344,-0.17677,0.08026,0.57667,0.55404,-0.47813,-0.36315,
1641629317961385216,0.01657,-0.17807,0.10929,0.56100,0.55665,-0.47700,-0.38456,
1641629318011385088,0.01955,-0.17793,0.13984,0.54900,0.55436,-0.47469,-0.40738,
1641629318061385216,0.02592,-0.17304,0.16861,0.54144,0.54773,-0.47309,-0.42781,
1641629318111385088,0.03361,-0.16593,0.19437,0.53643,0.53896,-0.47237,-0.44569,
1641629318161385216,0.04329,-0.15495,0.21714,0.53628,0.52536,-0.47283,-0.46133,
1641629318211385344,0.05316,-0.14031,0.23330,0.54059,0.51184,-0.47155,-0.47267,
1641629318261385216,0.06335,-0.12326,0.24378,0.55111,0.49377,-0.46824,-0.48292,
1641629318311385088,0.07533,-0.10516,0.24987,0.56543,0.47160,-0.46579,-0.49084,
1641629318361385216,0.08779,-0.08884,0.25083,0.57816,0.45120,-0.46627,-0.49472,
1641629318411385344,0.10173,-0.06814,0.24586,0.59611,0.43170,-0.46606,-0.49100,
1641629318441385216,0.10924,-0.05443,0.23997,0.60877,0.41929,-0.46467,-0.48752,
1641629318491385344,0.12228,-0.03584,0.22760,0.63088,0.40104,-0.45485,-0.48401,
1641629318541385216,0.13652,-0.01926,0.21244,0.64987,0.38614,-0.44361,-0.48143,
1641629318641385216,0.17291,0.00091,0.18885,0.67881,0.35603,-0.41090,-0.49358,
1641629318691385344,0.19274,0.00897,0.18608,-0.69135,-0.33486,0.39013,0.50764,
1641629318741387008,0.21459,0.01288,0.18913,-0.70012,-0.32003,0.36794,0.52157,
1641629318791385088,0.23786,0.01423,0.19584,-0.70378,-0.30106,0.34265,0.54465,
1641629318841385216,0.26136,0.01441,0.20284,-0.71132,-0.27774,0.30839,0.56725,
1641629318891385344,0.28433,0.01350,0.20835,-0.71968,-0.24807,0.27112,0.58908,
1641629318941385216,0.30630,0.01125,0.21123,-0.72848,-0.22010,0.23578,0.60438,
1641629318991385344,0.32414,0.00959,0.21047,-0.73787,-0.19023,0.19958,0.61605,
1641629319041385216,0.34680,0.00303,0.20793,-0.74278,-0.15485,0.16518,0.63009,
1641629319141385216,0.38871,-0.01575,0.19409,-0.74712,-0.07884,0.11001,0.65076,
1641629319191385344,0.40750,-0.02407,0.18308,-0.74805,-0.03846,0.09098,0.65625,
1641629319271385088,0.43603,-0.03738,0.16080,-0.75772,0.01290,0.07539,0.64808,
1641629319321385216,0.45352,-0.04172,0.14983,-0.76858,0.03316,0.07325,0.63468,
1641629319371385344,0.47061,-0.04477,0.14393,-0.77761,0.05256,0.06200,0.62347,
1641629319421385216,0.48750,-0.04860,0.14504,-0.78405,0.06951,0.04275,0.61531,
1641629319471385344,0.50323,-0.05419,0.15402,-0.78220,0.08299,0.02040,0.61713,
1641629319521385216,0.51564,-0.06047,0.16888,-0.77587,0.09042,-0.00062,0.62438,
1641629319571385088,0.52429,-0.06623,0.18728,-0.76928,0.09346,-0.02091,0.63169,
1641629319621385216,0.52848,-0.07128,0.20775,-0.76065,0.09304,-0.03897,0.64127,
1641629319661385216,0.52763,-0.07388,0.22483,-0.75254,0.08904,-0.04954,0.65062,
1641629319711385344,0.52287,-0.07690,0.24535,-0.74202,0.08301,-0.05841,0.66265,
1641629319761385216,0.51415,-0.07895,0.26392,-0.73140,0.07452,-0.06464,0.67477,
1641629319811385088,0.50000,-0.07891,0.27766,-0.72292,0.06169,-0.06578,0.68502,
1641629319861385216,0.48378,-0.07803,0.28649,-0.71709,0.04561,-0.06356,0.69258,
1641629319911385344,0.46668,-0.07587,0.29075,-0.71472,0.03060,-0.05487,0.69659,
1641629319961385216,0.45648,-0.07661,0.29536,-0.71444,0.01681,-0.04170,0.69825,
1641629320011385088,0.42980,-0.06993,0.28685,-0.71481,0.00373,-0.02490,0.69886,
1641629320061385216,0.40898,-0.06619,0.28000,-0.71961,-0.01165,-0.00284,0.69427,
1641629320111385088,0.38035,-0.05798,0.27001,-0.72502,-0.03166,0.02368,0.68759,
1641629320161385216,0.35990,-0.05872,0.25834,-0.72822,-0.05733,0.05473,0.68074,
1641629320261385216,0.30519,-0.06671,0.22685,-0.73552,-0.13173,0.12956,0.65182,
1641629320311385088,0.27564,-0.06940,0.20937,-0.73902,-0.16879,0.16574,0.63079,
1641629320411385344,0.22206,-0.08085,0.17356,-0.74239,-0.23095,0.22756,0.58629,
1641629320491385344,0.18409,-0.09389,0.14462,-0.73999,-0.27797,0.27015,0.54970,
1641629320541385216,0.16169,-0.10161,0.12594,-0.73825,-0.30327,0.28838,0.52902,
1641629320591385088,0.14144,-0.10977,0.10788,-0.73803,-0.32470,0.30326,0.50786,
1641629320641385216,0.12381,-0.11857,0.09083,0.73662,0.34617,-0.31822,-0.48611,
1641629320691385344,0.10910,-0.12752,0.07510,0.73421,0.36452,-0.33510,-0.46451,
1641629320741385216,0.09619,-0.13585,0.06126,0.73474,0.37866,-0.34747,-0.44277,
1641629320791385088,0.08453,-0.14448,0.04923,0.73404,0.38861,-0.35641,-0.42794,
1641629320841385216,0.07389,-0.15465,0.03926,0.73021,0.40331,-0.36327,-0.41493,
1641629320891385344,0.06400,-0.16648,0.03294,0.72209,0.41934,-0.37683,-0.40093,
1641629320941385216,0.05441,-0.18053,0.03064,0.71099,0.43399,-0.39407,-0.38841,
1641629320991385344,0.04464,-0.19652,0.03111,0.69588,0.44851,-0.41147,-0.38116,
1641629321041385216,0.03404,-0.21296,0.03405,0.68149,0.46290,-0.42552,-0.37446,
1641629321091385088,0.02297,-0.22853,0.04077,0.66692,0.47728,-0.43964,-0.36624,
1641629321141385216,0.01298,-0.24326,0.05136,0.64783,0.49393,-0.45457,-0.36017,
1641629321191385344,0.00498,-0.25668,0.06581,0.62414,0.51166,-0.47048,-0.35678,
1641629321241385216,-0.00097,-0.26782,0.08292,0.60078,0.52885,-0.48133,-0.35735,
1641629321271385088,-0.00443,-0.27091,0.09425,0.58706,0.53778,-0.48649,-0.35983,
1641629321321385216,-0.00581,-0.27654,0.11418,0.56723,0.54938,-0.49061,-0.36843,
1641629321371385344,-0.00352,-0.27712,0.13520,0.55011,0.55619,-0.49266,-0.38120,
1641629321421385216,0.00261,-0.27335,0.15672,0.53800,0.55644,-0.49498,-0.39487,
1641629321471385344,0.01219,-0.26495,0.17691,0.53114,0.55073,-0.49692,-0.40946,
1641629321521385216,0.02436,-0.25291,0.19399,0.52858,0.54101,-0.49588,-0.42663,
1641629321571386368,0.03814,-0.23864,0.20702,0.53045,0.52981,-0.49122,-0.44342,
1641629321621385216,0.05310,-0.22316,0.21674,0.53774,0.51758,-0.48249,-0.45842,
1641629321661385216,0.06584,-0.20896,0.22295,0.54537,0.50538,-0.47525,-0.47042,
1641629321711385344,0.08342,-0.19081,0.23041,0.55617,0.48945,-0.46754,-0.48220,
1641629321761385216,0.10253,-0.17195,0.23956,0.57227,0.47077,-0.45502,-0.49379,
1641629321811385088,0.12451,-0.15357,0.24981,-0.58808,-0.44465,0.43806,0.51434,
1641629321861385216,0.14939,-0.13610,0.26193,-0.60638,-0.41028,0.42108,0.53541,
1641629321911385344,0.17363,-0.11950,0.27074,-0.62499,-0.37539,0.39532,0.55874,
1641629321961385216,0.20010,-0.10491,0.27890,-0.64868,-0.33976,0.34942,0.58453,
1641629322111385088,0.27995,-0.07770,0.28094,-0.71625,-0.19919,0.18967,0.64135,
1641629322161385216,0.30478,-0.07142,0.27667,-0.72502,-0.15233,0.15233,0.65417,
1641629322251385088,0.34734,-0.06814,0.26317,-0.73050,-0.07374,0.09830,0.67176,
1641629322361385216,0.38998,-0.06885,0.23708,-0.73394,0.01236,0.04458,0.67764,
1641629322411385344,0.40491,-0.07049,0.22153,-0.73834,0.04078,0.02800,0.67262,
1641629322491385344,0.42450,-0.07110,0.18848,-0.75389,0.06648,0.03478,0.65270,
1641629322541385216,0.43473,-0.06881,0.16436,-0.76529,0.08212,0.04580,0.63678,
1641629322591385088,0.44273,-0.06581,0.13821,-0.77501,0.09564,0.04926,0.62272,
1641629322641385216,0.45053,-0.06277,0.11261,-0.78197,0.10989,0.04834,0.61164,
1641629322691385344,0.45874,-0.05916,0.08936,-0.78966,0.12441,0.04131,0.59938,
1641629322741385216,0.46663,-0.05695,0.07050,-0.79797,0.13247,0.03092,0.58714,
1641629322791385088,0.47532,-0.05583,0.05846,-0.80548,0.13821,0.01668,0.57605,
1641629322841386240,0.48476,-0.05585,0.05465,-0.81117,0.14179,-0.00481,0.56735,
1641629322891385344,0.49417,-0.05728,0.06045,-0.80982,0.14548,-0.02880,0.56762,
1641629322941385216,0.50272,-0.05907,0.07564,-0.80397,0.14862,-0.04859,0.57374,
1641629322991385344,0.51026,-0.06021,0.09793,-0.79439,0.15164,-0.06493,0.58458,
1641629323041385216,0.51529,-0.06034,0.12489,-0.78220,0.15233,-0.07972,0.59884,
1641629323091385088,0.51719,-0.05958,0.15360,-0.76943,0.14970,-0.09441,0.61372,
1641629323141385216,0.51573,-0.05747,0.18236,-0.75895,0.14362,-0.10631,0.62615,
1641629323191385344,0.51051,-0.05444,0.20984,-0.75091,0.13298,-0.11302,0.63693,
1641629323241385216,0.50126,-0.05143,0.23552,-0.74203,0.12037,-0.11363,0.64961,
1641629323271385088,0.49324,-0.04883,0.24980,-0.73591,0.11227,-0.11119,0.65839,
1641629323321385216,0.47831,-0.04635,0.27055,-0.72456,0.09816,-0.10233,0.67446,
1641629323371385344,0.45994,-0.04472,0.28801,-0.71429,0.08118,-0.08912,0.68939,
1641629323421385216,0.43868,-0.04323,0.30266,-0.70557,0.06266,-0.07538,0.70183,
1641629323471385344,0.41559,-0.04077,0.31508,-0.69877,0.04695,-0.06491,0.71085,
1641629323521385216,0.39108,-0.03769,0.32477,-0.69419,0.02989,-0.05343,0.71718,
1641629323571385088,0.36580,-0.03445,0.33033,-0.69062,0.00818,-0.04060,0.72203,
1641629323621385216,0.33984,-0.03184,0.33071,-0.68828,-0.01880,-0.02165,0.72488,
1641629323661385216,0.31818,-0.02987,0.32717,-0.68917,-0.04344,0.00144,0.72329,
1641629323711385344,0.29237,-0.02741,0.32032,-0.69496,-0.06986,0.03453,0.71481,
1641629323761385216,0.26563,-0.02531,0.30942,-0.69941,-0.09194,0.07014,0.70530,
1641629323811385088,0.23843,-0.02452,0.29479,-0.70296,-0.11795,0.10656,0.69324,
1641629323911385344,0.18795,-0.02899,0.25741,-0.70862,-0.18343,0.16496,0.66106,
1641629323961385216,0.16730,-0.03163,0.23803,-0.71123,-0.21628,0.19366,0.64021,
1641629324061385216,0.13425,-0.03951,0.19647,-0.70959,-0.25666,0.24111,0.61030,
1641629324111385088,0.11876,-0.04269,0.17282,-0.71171,-0.27690,0.25608,0.59264,
1641629324161385216,0.10472,-0.04663,0.14595,-0.71632,-0.29459,0.26524,0.57424,
1641629324211385344,0.09287,-0.05183,0.11642,-0.72037,-0.31403,0.27201,0.55539,
1641629324261385216,0.08290,-0.05824,0.08692,-0.72151,-0.33383,0.28773,0.53404,
1641629324301385216,0.07433,-0.06387,0.06486,-0.72458,-0.34885,0.29844,0.51402,
1641629324361385216,0.06058,-0.07494,0.03485,0.72858,0.37286,-0.30532,-0.48675,
1641629324411385344,0.04850,-0.08535,0.01500,0.72852,0.39434,-0.31265,-0.46477,
1641629324441385216,0.04135,-0.09175,0.00588,0.72488,0.40758,-0.32139,-0.45291,
1641629324491385344,0.03221,-0.10456,-0.00495,0.71478,0.42516,-0.34764,-0.43299,
1641629324541385216,0.02366,-0.11739,-0.01202,0.70577,0.43633,-0.37292,-0.41525,
1641629324591385088,0.01581,-0.12950,-0.01627,0.69956,0.44231,-0.39497,-0.39871,
1641629324641385216,0.00770,-0.14138,-0.01769,0.69258,0.45242,-0.41429,-0.37948,
1641629324691385344,-0.00013,-0.15220,-0.01424,0.68212,0.46754,-0.43330,-0.35829,
1641629324741385216,-0.00717,-0.16219,-0.00564,0.66697,0.48617,-0.44703,-0.34490,
1641629324791385088,-0.00962,-0.16774,0.01037,0.64789,0.50161,-0.45888,-0.34358,
1641629324841385216,-0.01529,-0.17464,0.03107,0.62551,0.51449,-0.47085,-0.34977,
1641629324891385344,-0.01607,-0.17621,0.05684,0.60356,0.52450,-0.48190,-0.35832,
1641629324941385216,-0.01416,-0.17518,0.08449,0.58421,0.52990,-0.48923,-0.37223,
1641629324991386112,-0.00901,-0.17128,0.11188,0.56818,0.53184,-0.49318,-0.38870,
1641629325041385216,0.00258,-0.16383,0.13841,0.55947,0.52879,-0.49443,-0.40363,
1641629325091385088,0.01208,-0.15690,0.15557,0.55762,0.52106,-0.49610,-0.41406,
1641629325141385216,0.02768,-0.14732,0.16683,0.56157,0.51078,-0.49722,-0.42014,
1641629325191385344,0.04690,-0.13895,0.17256,0.56569,0.49807,-0.49804,-0.42880,
1641629325241385216,0.06940,-0.13075,0.17192,0.57197,0.48304,-0.49613,-0.43973,
1641629325271385088,0.08059,-0.12711,0.16820,0.57532,0.47480,-0.49391,-0.44679,
1641629325321385216,0.10397,-0.12182,0.16138,0.58483,0.46368,-0.48668,-0.45399,
1641629325371386368,0.12759,-0.11862,0.15215,0.59628,0.45807,-0.47639,-0.45572,
1641629325421385216,0.15213,-0.11740,0.14138,0.60583,0.45671,-0.46829,-0.45287,
1641629325471386112,0.17742,-0.11781,0.13030,0.61597,0.45434,-0.46100,-0.44904,
1641629325521385216,0.20248,-0.11888,0.12147,0.62341,0.44315,-0.46187,-0.44906,
1641629325571385088,0.22615,-0.12121,0.11377,0.63361,0.43392,-0.45712,-0.44864,
1641629325661390336,0.27234,-0.13129,0.10596,0.64397,0.43071,-0.45386,-0.44023,
1641629325761388288,0.31991,-0.14867,0.10527,0.65074,0.42834,-0.43737,-0.44918,
1641629325811385088,0.33803,-0.15543,0.10810,0.65124,0.42482,-0.43016,-0.45867,
1641629325861385216,0.34490,-0.15952,0.11278,0.65258,0.41805,-0.42678,-0.46609,
1641629325911385344,0.35938,-0.16363,0.11779,0.65785,0.40695,-0.42170,-0.47307,
1641629325961386240,0.36326,-0.16559,0.12252,0.66255,0.39881,-0.41472,-0.47956,
1641629326211385344,0.29965,-0.15529,0.10691,0.64980,0.41035,-0.42550,-0.47783,
1641629326261385216,0.27139,-0.15142,0.09958,0.64398,0.42483,-0.43556,-0.46378,
1641629326311385088,0.24119,-0.14759,0.09040,0.63797,0.44411,-0.44061,-0.44902,
1641629326361385216,0.20734,-0.14288,0.08040,0.63282,0.45742,-0.44933,-0.43406,
1641629326411385344,0.17480,-0.13933,0.06998,0.62877,0.46959,-0.45733,-0.41832,
1641629326441385216,0.15491,-0.13824,0.06358,0.62687,0.47732,-0.46299,-0.40600,
1641629326491386112,0.12047,-0.13817,0.05089,0.62625,0.49009,-0.47027,-0.38271,
1641629326541385216,0.08871,-0.13799,0.03718,0.62702,0.50585,-0.47193,-0.35812,
1641629326591385088,0.05735,-0.14292,0.02737,0.62762,0.52073,-0.47117,-0.33606,
1641629326641385216,0.02803,-0.14992,0.01988,0.62455,0.53541,-0.47016,-0.31973,
1641629326691385344,0.00925,-0.15777,0.02544,0.61582,0.54397,-0.47553,-0.31422,
1641629326741385216,-0.00268,-0.16482,0.03775,0.59971,0.54986,-0.48570,-0.31952,
1641629326791385088,-0.01127,-0.17053,0.05606,0.58006,0.55424,-0.49575,-0.33254,
1641629326841385216,-0.01440,-0.17281,0.07850,0.56546,0.55213,-0.50070,-0.35313,
1641629326891385344,-0.01287,-0.17150,0.10314,0.55358,0.54804,-0.50219,-0.37553,
1641629326941385216,-0.00920,-0.16633,0.12759,0.54598,0.54219,-0.50262,-0.39411,
1641629326991385344,-0.00324,-0.15725,0.15112,0.54691,0.53049,-0.50124,-0.41016,
1641629327041386240,0.00524,-0.14494,0.17260,0.55028,0.51692,-0.49958,-0.42474,
1641629327091385088,0.01660,-0.13121,0.19279,0.55540,0.50334,-0.49457,-0.43998,
1641629327141385216,0.03077,-0.11820,0.21217,0.56311,0.48290,-0.48620,-0.46187,
1641629327191385344,0.05169,-0.10788,0.23054,0.56606,0.45765,-0.47988,-0.48973,
1641629327241385216,0.07430,-0.09789,0.24815,-0.56635,-0.43463,0.47270,0.51662,
1641629327271385088,0.08862,-0.09323,0.25820,-0.56688,-0.42156,0.46733,0.53154,
1641629327321385216,0.11342,-0.08707,0.27159,-0.56801,-0.40254,0.45456,0.55561,
1641629327371385344,0.13933,-0.08027,0.28213,-0.57316,-0.37856,0.43585,0.58156,
1641629327421385216,0.16430,-0.07317,0.28826,-0.58547,-0.34780,0.41066,0.60632,
1641629327471385344,0.18900,-0.06501,0.28955,-0.60228,-0.31406,0.38261,0.62629,
1641629327521385216,0.21350,-0.05559,0.28599,-0.62235,-0.27744,0.35364,0.64082,
1641629327571385088,0.23753,-0.04474,0.27703,-0.64385,-0.24265,0.32424,0.64919,
1641629327621385216,0.26110,-0.03224,0.26320,-0.66835,-0.20532,0.29405,0.65167,
1641629327671385344,0.28503,-0.01872,0.24594,-0.69409,-0.15815,0.26558,0.65015,
1641629327771385088,0.33296,0.00354,0.20251,-0.74473,-0.07000,0.21934,0.62639,
1641629327921385216,0.38752,0.01145,0.12474,-0.78431,0.00579,0.15814,0.59985,
1641629328011385088,0.41383,0.00475,0.08843,-0.79459,0.04383,0.12795,0.59189,
1641629328061385216,0.42887,-0.00024,0.07405,-0.79961,0.06231,0.11361,0.58637,
1641629328111385088,0.44313,-0.00433,0.06454,-0.80645,0.08219,0.09232,0.57824,
1641629328161385216,0.45904,-0.00904,0.06005,-0.81107,0.10020,0.06593,0.57251,
1641629328211385344,0.47300,-0.01454,0.06200,-0.81349,0.11200,0.03652,0.56953,
1641629328261385216,0.48573,-0.01993,0.06956,-0.81408,0.11861,0.00352,0.56850,
1641629328311386112,0.49719,-0.02503,0.08234,-0.81233,0.12553,-0.03166,0.56865,
1641629328361385216,0.50662,-0.03057,0.10019,-0.80513,0.13286,-0.06396,0.57447,
1641629328411385344,0.51325,-0.03688,0.12247,-0.79134,0.14174,-0.08878,0.58805,
1641629328441385216,0.51489,-0.04068,0.13732,-0.78222,0.14514,-0.09966,0.59761,
1641629328491386112,0.51482,-0.04687,0.16255,-0.76620,0.14884,-0.11253,0.61492,
1641629328541385216,0.50978,-0.05045,0.18781,-0.74897,0.14899,-0.12183,0.63404,
1641629328591385088,0.50070,-0.05461,0.20979,-0.73577,0.14163,-0.12438,0.65047,
1641629328641385216,0.48674,-0.05539,0.22943,-0.72886,0.12459,-0.11933,0.66257,
1641629328691385344,0.46940,-0.05383,0.24605,-0.72478,0.10270,-0.10853,0.67258,
1641629328741385216,0.44956,-0.05007,0.25914,-0.72090,0.08181,-0.09774,0.68121,
1641629328791386112,0.42794,-0.04503,0.26852,-0.71810,0.06177,-0.08616,0.68782,
1641629328841385216,0.40564,-0.03984,0.27484,-0.71507,0.04161,-0.07167,0.69412,
1641629328891385344,0.38339,-0.03562,0.27857,-0.71325,0.02196,-0.05274,0.69858,
1641629328941385216,0.36056,-0.03171,0.27997,-0.71341,0.00242,-0.03158,0.70003,
1641629328991385344,0.33696,-0.02754,0.27879,-0.71409,-0.01498,-0.01176,0.69980,
1641629329041385216,0.31243,-0.02350,0.27548,-0.71569,-0.03263,0.01061,0.69758,
1641629329091385088,0.29061,-0.02204,0.27046,-0.71752,-0.05158,0.03512,0.69374,
1641629329191385344,0.23374,-0.01686,0.25297,-0.72617,-0.09799,0.08815,0.67477,
1641629329271385088,0.18846,-0.01676,0.23313,-0.73368,-0.13768,0.12722,0.65313,
1641629329321385216,0.16037,-0.01908,0.21895,-0.73650,-0.16797,0.15838,0.63582,
1641629329421385216,0.11090,-0.03285,0.18687,-0.72842,-0.24427,0.23570,0.59513,
1641629329521385216,0.07285,-0.05714,0.15033,-0.70307,-0.33201,0.31940,0.54171,
1641629329661385216,0.03683,-0.09982,0.09751,0.66412,0.43710,-0.40124,-0.45485,
1641629329761385216,0.01861,-0.13114,0.06334,0.64179,0.49342,-0.42279,-0.40731,
1641629329811385088,0.01500,-0.14507,0.05031,0.62773,0.51824,-0.43503,-0.38488,
1641629329861385216,0.01645,-0.15545,0.04133,0.61632,0.53090,-0.44803,-0.37090,
1641629329911385344,0.02049,-0.16160,0.03350,0.61073,0.53401,-0.45837,-0.36297,
1641629330011386112,0.05196,-0.16586,0.03635,0.61254,0.52575,-0.47329,-0.35268,
1641629330111385088,0.09982,-0.16171,0.04438,0.61509,0.51516,-0.47388,-0.36292,
1641629330161386240,0.12783,-0.15833,0.05174,0.61945,0.50492,-0.46875,-0.37632,
1641629330211385344,0.15946,-0.15502,0.06015,0.62769,0.49247,-0.46008,-0.38962,
1641629330261385216,0.18784,-0.15203,0.06753,0.63692,0.47966,-0.44818,-0.40422,
1641629330311385088,0.22475,-0.15145,0.08099,0.64553,0.46578,-0.43505,-0.42079,
1641629330361385216,0.26296,-0.15181,0.09056,0.65493,0.45090,-0.42284,-0.43470,
1641629330411385344,0.30027,-0.15269,0.10340,0.66192,0.43513,-0.41450,-0.44801,
1641629330441385216,0.31614,-0.15331,0.11000,0.66538,0.42662,-0.40930,-0.45578,
1641629330491385344,0.33892,-0.15457,0.12018,0.67008,0.40995,-0.40283,-0.46975,
1641629330541385216,0.35721,-0.15643,0.12856,0.67533,0.39325,-0.39274,-0.48482,
1641629330591385088,0.36832,-0.15798,0.13389,0.68006,0.38274,-0.38002,-0.49660,
1641629330641385216,0.37243,-0.15895,0.13669,-0.68339,-0.37768,0.37070,0.50291,
1641629330791385088,0.34522,-0.15514,0.12670,0.68163,0.39781,-0.36881,-0.49102,
1641629330841385216,0.32695,-0.15349,0.12149,0.67747,0.40788,-0.37470,-0.48401,
1641629330891385344,0.30175,-0.14930,0.11458,0.66914,0.41882,-0.38745,-0.47616,
1641629330941385216,0.27374,-0.14612,0.10581,0.66009,0.43443,-0.39848,-0.46559,
1641629330991385344,0.24378,-0.14311,0.09494,0.64771,0.45337,-0.41041,-0.45441,
1641629331041385216,0.21232,-0.13991,0.08239,0.63550,0.47154,-0.42346,-0.44099,
1641629331091385088,0.18140,-0.13610,0.06950,0.62802,0.48875,-0.43624,-0.42001,
1641629331141385216,0.14914,-0.13173,0.05646,0.62650,0.50429,-0.44725,-0.39134,
1641629331191385344,0.11803,-0.12887,0.04403,0.62765,0.51500,-0.45090,-0.37084,
1641629331241385216,0.09004,-0.12756,0.03295,0.63087,0.52040,-0.45146,-0.35690,
1641629331321385216,0.05691,-0.13190,0.02548,0.62844,0.52972,-0.45797,-0.33870,
1641629331371387136,0.04364,-0.13986,0.03010,0.61722,0.53835,-0.46600,-0.33476,
1641629331421385216,0.03582,-0.14898,0.04158,0.60012,0.54407,-0.47697,-0.34108,
1641629331471385344,0.03141,-0.15673,0.05818,0.58421,0.54724,-0.48548,-0.35147,
1641629331521385216,0.03186,-0.16217,0.08087,0.57307,0.54382,-0.49460,-0.36226,
1641629331571385088,0.03565,-0.16409,0.10495,0.56165,0.53552,-0.50878,-0.37270,
1641629331621387264,0.04322,-0.16288,0.12917,0.55037,0.52216,-0.52905,-0.38019,
1641629331661385216,0.05160,-0.16004,0.14606,0.54282,0.51117,-0.54272,-0.38666,
1641629331711385344,0.06336,-0.15440,0.16293,-0.53897,-0.49291,0.55517,0.39790,
1641629331761386240,0.07681,-0.14698,0.17340,-0.54119,-0.47118,0.56101,0.41276,
1641629331811385088,0.09117,-0.13755,0.17882,-0.55361,-0.44345,0.56136,0.42630,
1641629331861385216,0.10677,-0.12736,0.17835,0.57193,0.41596,-0.55556,-0.43729,
1641629331911386368,0.12347,-0.11807,0.17356,0.59170,0.39460,-0.54524,-0.44373,
1641629331961385216,0.14258,-0.11050,0.16600,0.60766,0.37833,-0.53591,-0.44768,
1641629332011385088,0.16389,-0.10471,0.15668,0.62101,0.36198,-0.52918,-0.45088,
1641629332061385216,0.18595,-0.09811,0.14589,0.63310,0.34752,-0.52352,-0.45204,
1641629332111385088,0.20582,-0.09400,0.13531,0.64477,0.33223,-0.51723,-0.45428,
1641629332161385216,0.22814,-0.08972,0.12397,0.65747,0.32276,-0.50875,-0.45249,
1641629332211386112,0.24911,-0.08689,0.11368,0.66942,0.31513,-0.49988,-0.45022,
1641629332261385216,0.26979,-0.08474,0.10521,0.68176,0.30393,-0.48497,-0.45568,
1641629332311385088,0.28932,-0.08238,0.10009,0.69318,0.29064,-0.46874,-0.46402,
1641629332361385216,0.30725,-0.08000,0.09802,0.70614,0.28084,-0.44526,-0.47355,
1641629332411385344,0.32282,-0.07765,0.10021,0.72125,0.27605,-0.41491,-0.48108,
1641629332441385216,0.33102,-0.07615,0.10384,0.72984,0.27483,-0.39315,-0.48706,
1641629332491385344,0.34244,-0.07528,0.11298,0.74066,0.27552,-0.35476,-0.49966,
1641629332541385216,0.35216,-0.07503,0.12579,-0.74700,-0.27680,0.31579,0.51542,
1641629332591386368,0.36025,-0.07572,0.14128,-0.74921,-0.27717,0.28245,0.53111,
1641629332641385216,0.36611,-0.07730,0.15799,-0.74836,-0.27840,0.25254,0.54651,
1641629332691385344,0.36966,-0.07982,0.17523,-0.74297,-0.28091,0.23076,0.56200,
1641629332741385216,0.37056,-0.08265,0.19135,-0.73510,-0.28351,0.21288,0.57787,
1641629332791385088,0.36888,-0.08555,0.20507,-0.72688,-0.28646,0.19969,0.59136,
1641629332841386240,0.36379,-0.08862,0.21532,-0.71947,-0.29115,0.18961,0.60137,
1641629332941385216,0.34704,-0.09499,0.22352,-0.70592,-0.30427,0.18783,0.61141,
1641629333041386240,0.32250,-0.09855,0.21617,-0.69933,-0.32263,0.20512,0.60396,
1641629333091385088,0.30824,-0.09851,0.20772,-0.69877,-0.33304,0.21420,0.59575,
1641629333141385216,0.29315,-0.09832,0.19664,-0.69856,-0.34365,0.22722,0.58506,
1641629333191385344,0.27749,-0.09839,0.18277,-0.69776,-0.35629,0.24550,0.57089,
1641629333241385216,0.26002,-0.09830,0.16572,-0.70105,-0.37096,0.26367,0.54900,
1641629333271385088,0.24888,-0.09785,0.15412,-0.70333,-0.37946,0.27441,0.53482,
1641629333321385216,0.22960,-0.09803,0.13288,-0.70420,-0.39449,0.29237,0.51282,
1641629333371385344,0.20979,-0.09911,0.11123,0.70702,0.41004,-0.30828,-0.48678,
1641629333421385216,0.18973,-0.10156,0.09150,0.70676,0.42407,-0.33129,-0.45924,
1641629333471385344,0.16959,-0.10635,0.07417,0.70365,0.43788,-0.35451,-0.43297,
1641629333521385216,0.15028,-0.11270,0.05958,0.69645,0.45059,-0.37945,-0.40981,
1641629333571385088,0.13155,-0.12061,0.04808,0.68841,0.46096,-0.39972,-0.39222,
1641629333621385216,0.11453,-0.12845,0.04133,0.67987,0.47121,-0.41972,-0.37359,
1641629333661385216,0.10273,-0.13393,0.04037,0.67467,0.47645,-0.43387,-0.35997,
1641629333711385344,0.09037,-0.13947,0.04525,0.66819,0.47987,-0.44935,-0.34833,
1641629333761385216,0.07700,-0.14397,0.05476,0.65941,0.48335,-0.46020,-0.34608,
1641629333811385088,0.07315,-0.14177,0.06988,0.64844,0.48214,-0.47082,-0.35410,
1641629333861385216,0.07131,-0.14022,0.08949,0.64006,0.47607,-0.47755,-0.36826,
1641629333911385344,0.07351,-0.13287,0.11136,0.63527,0.46162,-0.48200,-0.38860,
1641629333961385216,0.07332,-0.12517,0.13181,0.63352,0.44160,-0.48223,-0.41365,
1641629334011385088,0.07816,-0.11442,0.14974,0.63434,0.42175,-0.47794,-0.43739,
1641629334061385216,0.08525,-0.10331,0.16322,0.63669,0.40550,-0.46983,-0.45766,
1641629334111385088,0.09456,-0.09102,0.17199,0.64078,0.38932,-0.46187,-0.47383,
1641629334161385216,0.10876,-0.08182,0.17839,0.64680,0.37115,-0.45484,-0.48684,
1641629334211385344,0.11880,-0.06494,0.17637,0.65380,0.35167,-0.44867,-0.49756,
1641629334261385216,0.13274,-0.05030,0.17163,-0.66533,-0.32957,0.44253,0.50288,
1641629334311385088,0.14587,-0.03599,0.16316,-0.67709,-0.30939,0.43629,0.50545,
1641629334361385216,0.15784,-0.02182,0.15245,-0.69074,-0.29084,0.43142,0.50216,
1641629334411385344,0.16766,-0.00790,0.13992,0.70550,0.27380,-0.42223,-0.49902,
1641629334441385216,0.17323,0.00038,0.13250,0.71542,0.26307,-0.41486,-0.49685,
1641629334491385344,0.18167,0.01198,0.12122,0.72838,0.24743,-0.39991,-0.49831,
1641629334591385088,0.19799,0.02893,0.10068,-0.74600,-0.22256,0.36407,0.51129,
1641629334641385216,0.20640,0.03696,0.09124,-0.75610,-0.21087,0.33674,0.52005,
1641629334691386112,0.21544,0.04472,0.08258,-0.76743,-0.19675,0.30178,0.53034,
1641629334741385216,0.22569,0.05124,0.07599,-0.77670,-0.18200,0.26555,0.54139,
1641629334791385088,0.23668,0.05643,0.07268,-0.78349,-0.16958,0.23540,0.54952,
1641629334841385216,0.24821,0.06042,0.07386,-0.78908,-0.15807,0.21202,0.55445,
1641629334891385344,0.25993,0.06361,0.07981,-0.79427,-0.14492,0.18879,0.55901,
1641629334941385216,0.27166,0.06524,0.08981,-0.79519,-0.13176,0.16297,0.56899,
1641629334991385344,0.28230,0.06554,0.10278,-0.79238,-0.12137,0.13796,0.58169,
1641629335041385216,0.29154,0.06490,0.11789,-0.78799,-0.11244,0.11545,0.59422,
1641629335091385088,0.29963,0.06374,0.13397,-0.78357,-0.10241,0.09269,0.60576,
1641629335141385216,0.30630,0.06179,0.15010,-0.77915,-0.09227,0.07093,0.61594,
1641629335241385216,0.31476,0.05473,0.17814,-0.76984,-0.07535,0.02943,0.63309,
1641629335271385088,0.31708,0.05211,0.18491,-0.76700,-0.07343,0.02029,0.63711,
1641629335371385344,0.31981,0.04087,0.19799,-0.75813,-0.06653,-0.00179,0.64870,
1641629335421385216,0.32147,0.03629,0.19888,-0.75327,-0.05820,-0.00755,0.65508,
1641629335471385344,0.32339,0.03294,0.19552,-0.75000,-0.04600,-0.01199,0.65972,
1641629335521385216,0.32562,0.03166,0.18831,-0.75065,-0.03222,-0.01501,0.65975,
1641629335571385088,0.32771,0.03307,0.17746,-0.75631,-0.01974,-0.01489,0.65375,
1641629335621385216,0.32886,0.03670,0.16329,-0.76613,-0.00971,-0.01294,0.64248,
1641629335661385216,0.32870,0.04037,0.15052,-0.77584,-0.00242,-0.00838,0.63087,
1641629335711385344,0.32551,0.04494,0.13308,-0.78936,0.00141,0.00185,0.61392,
1641629335761385216,0.31869,0.04859,0.11487,-0.79997,0.00007,0.01324,0.59990,
1641629335811385088,0.30813,0.05124,0.09730,-0.80901,-0.00681,0.02757,0.58711,
1641629335861385216,0.29441,0.05298,0.08177,-0.81676,-0.01980,0.04892,0.57455,
1641629335911385344,0.27756,0.05462,0.06890,-0.82441,-0.03813,0.07140,0.56017,
1641629335961386240,0.25794,0.05596,0.05966,-0.83027,-0.06039,0.09466,0.54593,
1641629336011385088,0.23639,0.05555,0.05495,-0.83210,-0.08548,0.11835,0.53507,
1641629336061385216,0.21440,0.05352,0.05561,-0.82800,-0.11479,0.14342,0.52979,
1641629336101385216,0.19807,0.05145,0.06059,-0.82171,-0.13821,0.16582,0.52744,
1641629336161385216,0.17705,0.04831,0.07445,-0.80823,-0.16684,0.19225,0.53102,
1641629336211385344,0.16408,0.04663,0.09165,-0.79495,-0.18141,0.20659,0.54080,
1641629336261385216,0.15582,0.04539,0.11292,-0.77992,-0.18962,0.21764,0.55535,
1641629336311385088,0.15257,0.04421,0.13696,-0.76366,-0.19412,0.23048,0.57098,
1641629336361385216,0.15389,0.04385,0.16173,-0.74896,-0.19427,0.23861,0.58684,
1641629336411385344,0.15900,0.04462,0.18533,-0.73758,-0.18839,0.23660,0.60374,
1641629336441385216,0.16394,0.04561,0.19835,-0.73188,-0.18324,0.23128,0.61423,
1641629336491385344,0.17446,0.04648,0.21723,-0.72406,-0.17252,0.21973,0.63062,
1641629336541385216,0.18804,0.04706,0.23146,-0.71938,-0.16136,0.20717,0.64306,
1641629336641385216,0.22126,0.04599,0.24286,-0.71632,-0.12685,0.18280,0.66135,
1641629336691385344,0.23935,0.04660,0.24049,-0.72028,-0.10357,0.17321,0.66368,
1641629336741385216,0.25666,0.04723,0.23280,-0.72597,-0.08204,0.16710,0.66206,
1641629336791385088,0.27298,0.04715,0.22006,-0.73268,-0.06334,0.16358,0.65757,
1641629336841385216,0.28762,0.04768,0.20323,-0.74153,-0.04613,0.16017,0.64988,
1641629336941385216,0.31117,0.05003,0.16110,-0.76462,-0.00739,0.14347,0.62826,
1641629336991385344,0.31793,0.05172,0.13737,-0.77887,0.00550,0.13772,0.61186,
1641629337041385216,0.31978,0.05251,0.11304,-0.79315,0.00872,0.14064,0.59251,
1641629337091385088,0.31637,0.05290,0.08932,-0.80530,0.00683,0.14202,0.57557,
1641629337141385216,0.30823,0.05304,0.06785,-0.81628,-0.00261,0.14648,0.55877,
1641629337191385344,0.29554,0.05333,0.04980,-0.82493,-0.01607,0.15376,0.54369,
1641629337241385216,0.27870,0.05319,0.03591,-0.83119,-0.03585,0.16051,0.53110,
1641629337321385216,0.24586,0.05020,0.02559,-0.83532,-0.07542,0.18372,0.51265,
1641629337371385344,0.22350,0.04744,0.02659,-0.83191,-0.10413,0.20067,0.50677,
1641629337421385216,0.20154,0.04432,0.03342,-0.82448,-0.13447,0.21435,0.50616,
1641629337471385344,0.18211,0.04147,0.04692,-0.81308,-0.16150,0.22589,0.51165,
1641629337521385216,0.16728,0.03832,0.06733,-0.79660,-0.18364,0.23739,0.52474,
1641629337571386368,0.15834,0.03456,0.09393,-0.77585,-0.19784,0.25273,0.54318,
1641629337621385216,0.15498,0.03032,0.12428,-0.75381,-0.20511,0.26731,0.56413,
1641629337671385344,0.15624,0.02633,0.15561,-0.73308,-0.20747,0.27672,0.58564,
1641629337711385344,0.16054,0.02386,0.17958,-0.71872,-0.20398,0.28055,0.60261,
1641629337761385216,0.16893,0.02089,0.20612,-0.70392,-0.19305,0.28320,0.62211,
1641629337821385216,0.18194,0.01827,0.22963,-0.68968,-0.17720,0.28285,0.64260,
1641629337861385216,0.19108,0.01769,0.23841,-0.68380,-0.16616,0.27589,0.65475,
1641629337921386240,0.20411,0.01727,0.24085,-0.68531,-0.14878,0.25674,0.66505,
1641629338021385216,0.22294,0.01987,0.22224,-0.70356,-0.12418,0.22487,0.66258,
1641629338051385088,0.22985,0.02181,0.21482,-0.70983,-0.11516,0.21746,0.65999,
1641629338111385088,0.24330,0.02485,0.20206,-0.72343,-0.09573,0.19541,0.65522,
1641629338161385216,0.25405,0.02687,0.19841,-0.72998,-0.08249,0.17588,0.65528,
1641629338211385344,0.26246,0.02822,0.20237,-0.73045,-0.07342,0.16274,0.65921,
1641629338301385216,0.26730,0.02589,0.22374,-0.71991,-0.07053,0.15242,0.67344,
1641629338351385088,0.26350,0.02502,0.23795,-0.71240,-0.07710,0.15368,0.68038,
1641629338411385344,0.25133,0.02384,0.25132,-0.70268,-0.09135,0.16085,0.68704,
1641629338441385216,0.24323,0.02430,0.25542,-0.69875,-0.10002,0.16608,0.68859,
1641629338491385344,0.22542,0.02314,0.25794,-0.69431,-0.11810,0.17672,0.68757,
1641629338591385088,0.18037,0.01784,0.24539,-0.69393,-0.16454,0.20116,0.67150,
1641629338641385216,0.15756,0.01435,0.23185,-0.69485,-0.18849,0.22167,0.65766,
1641629338741385216,0.11537,0.00559,0.19348,-0.70470,-0.23231,0.26189,0.61713,
1641629338791385088,0.09837,0.00182,0.16958,-0.71352,-0.25274,0.27405,0.59322,
1641629338891385344,0.07863,-0.00593,0.11837,-0.73105,-0.28664,0.27649,0.55403,
1641629338941385216,0.07846,-0.00725,0.09483,-0.74141,-0.29340,0.27432,0.53757,
1641629338991385344,0.08459,-0.00630,0.07376,-0.75314,-0.28827,0.27386,0.52410,
1641629339041385216,0.09608,-0.00341,0.05477,-0.76748,-0.27684,0.27425,0.50904,
1641629339091385088,0.11149,0.00065,0.03732,0.78145,0.26353,-0.27290,-0.49538,
1641629339141385216,0.12953,0.00470,0.02162,0.79419,0.24972,-0.26665,-0.48559,
1641629339191385344,0.14970,0.00931,0.00924,0.80635,0.22984,-0.25341,-0.48245,
1641629339241385216,0.17154,0.01393,0.00165,0.81775,0.20830,-0.23608,-0.48183,
1641629339271385088,0.18538,0.01712,-0.00003,0.82288,0.19553,-0.22542,-0.48355,
1641629339321385216,0.20845,0.02156,0.00154,0.82847,0.17587,-0.20609,-0.49014,
1641629339371385344,0.23094,0.02590,0.00933,-0.83080,-0.15462,0.18628,0.50117,
1641629339421385216,0.25117,0.02887,0.02284,-0.82921,-0.13535,0.16868,0.51541,
1641629339471385344,0.26708,0.03038,0.04107,-0.82289,-0.12133,0.15452,0.53315,
1641629339521386240,0.27738,0.02971,0.06256,-0.81237,-0.11548,0.14509,0.55287,
1641629339571385088,0.28176,0.02677,0.08590,-0.79816,-0.11781,0.13923,0.57417,
1641629339621385216,0.28101,0.02225,0.11015,-0.78042,-0.12268,0.13547,0.59795,
1641629339661385216,0.27772,0.01843,0.12930,-0.76572,-0.12844,0.13449,0.61570,
1641629339721385216,0.26795,0.01182,0.15690,-0.74515,-0.13944,0.13950,0.63706,
1641629339771386112,0.25644,0.00685,0.17701,-0.72903,-0.15037,0.14883,0.65096,
1641629339811385088,0.24544,0.00349,0.19035,-0.71836,-0.16068,0.16020,0.65763,
1641629339861385216,0.22966,-0.00124,0.20280,-0.70633,-0.17524,0.17907,0.66205,
1641629339921385216,0.20738,-0.00620,0.20972,-0.69459,-0.19779,0.20414,0.66087,
1641629340011385088,0.17066,-0.01163,0.20249,-0.69051,-0.23419,0.22752,0.64543,
1641629340101385216,0.13627,-0.01549,0.17777,-0.69660,-0.26750,0.25325,0.61568,
1641629340161385216,0.11607,-0.01758,0.15324,-0.70601,-0.28807,0.27003,0.58791,
1641629340211385344,0.10128,-0.01982,0.12968,-0.71410,-0.30589,0.28286,0.56256,
1641629340311385088,0.07562,-0.03174,0.08043,-0.72815,-0.35406,0.30137,0.50360,
1641629340361385216,0.06680,-0.04088,0.05825,0.72695,0.38415,-0.31059,-0.47698,
1641629340411386368,0.06144,-0.05063,0.04011,0.72206,0.40914,-0.32299,-0.45487,
1641629340441386240,0.06024,-0.05547,0.03122,0.71758,0.41963,-0.33082,-0.44671,
1641629340491386112,0.06009,-0.06398,0.01923,0.71159,0.43224,-0.34078,-0.43667,
1641629340541385216,0.06198,-0.07201,0.01123,0.70372,0.44121,-0.35733,-0.42712,
1641629340591385088,0.06364,-0.07949,0.00556,0.69423,0.45030,-0.37657,-0.41651,
1641629340641385216,0.06301,-0.08642,0.00115,0.68822,0.45786,-0.39106,-0.40471,
1641629340691385344,0.05964,-0.09404,-0.00322,0.68699,0.46560,-0.39689,-0.39210,
1641629340741385216,0.05479,-0.10354,-0.00791,0.68484,0.47620,-0.40007,-0.37969,
1641629340791385088,0.04959,-0.11488,-0.01170,0.67875,0.48892,-0.40686,-0.36704,
1641629340841385216,0.04468,-0.12757,-0.01321,0.66715,0.50235,-0.42003,-0.35516,
1641629340891385344,0.03938,-0.13933,-0.01146,0.65465,0.51497,-0.43452,-0.34269,
1641629340941390336,0.03330,-0.14846,-0.00633,0.64255,0.52566,-0.44662,-0.33367,
1641629340991385344,0.02761,-0.15701,0.00269,0.63092,0.53516,-0.45557,-0.32864,
1641629341041385216,0.02251,-0.16440,0.01467,0.61745,0.54475,-0.46580,-0.32409,
1641629341091385088,0.02037,-0.17076,0.03032,0.60044,0.55453,-0.47672,-0.32360,
1641629341141385216,0.02004,-0.17517,0.04732,0.58442,0.56091,-0.48733,-0.32610,
1641629341191385344,0.02108,-0.17654,0.06432,0.57028,0.56403,-0.49478,-0.33444,
1641629341241385216,0.02303,-0.17371,0.08203,0.56520,0.55678,-0.50181,-0.34458,
1641629341271385088,0.02542,-0.16905,0.09022,0.56350,0.55009,-0.50709,-0.35033,
1641629341321385216,0.03085,-0.16007,0.10412,0.56263,0.53561,-0.51852,-0.35736,
1641629341371385344,0.03645,-0.14929,0.11104,0.56435,0.52207,-0.52613,-0.36350,
1641629341421385216,0.04221,-0.13718,0.11028,0.57795,0.50519,-0.52179,-0.37213,
1641629341471385344,0.04823,-0.12423,0.10166,0.60403,0.48893,-0.50375,-0.37727,
1641629341521385216,0.05637,-0.11051,0.08728,0.63453,0.47443,-0.48181,-0.37436,
1641629341571385088,0.06772,-0.09620,0.06926,0.66168,0.45755,-0.46825,-0.36548,
1641629341621385216,0.08202,-0.08177,0.04964,0.68727,0.43529,-0.46082,-0.35472,
1641629341661385216,0.09411,-0.07026,0.03350,0.70785,0.41638,-0.45316,-0.34672,
1641629341721386240,0.11222,-0.05406,0.01225,0.73822,0.38947,-0.43256,-0.34093,
1641629341761385216,0.12333,-0.04400,0.00136,0.75490,0.37695,-0.40971,-0.34666,
1641629341811385088,0.13618,-0.03334,-0.00562,0.77107,0.36645,-0.37596,-0.36030,
1641629341861385216,0.14840,-0.02507,-0.00315,0.77892,0.36240,-0.34924,-0.37415,
1641629341911385344,0.15864,-0.01903,0.00710,0.77861,0.36566,-0.32689,-0.39142,
1641629341961386240,0.16583,-0.01502,0.02305,0.77354,0.37047,-0.30466,-0.41422,
1641629342011385088,0.17024,-0.01341,0.04203,0.76439,0.37634,-0.28280,-0.44056,
1641629342061385216,0.17137,-0.01341,0.06129,0.75201,0.38099,-0.26441,-0.46842,
1641629342111386368,0.16957,-0.01496,0.07831,0.74039,0.38598,-0.24837,-0.49107,
1641629342161385216,0.16517,-0.01789,0.09143,-0.73021,-0.39134,0.23400,0.50880,
1641629342211385344,0.15831,-0.02219,0.09877,-0.72232,-0.39953,0.22330,0.51842,
1641629342311385088,0.14135,-0.03482,0.09399,-0.71119,-0.42307,0.22472,0.51451,
1641629342361385216,0.13068,-0.04198,0.08143,0.71085,0.43821,-0.23670,-0.49663,
1641629342411385344,0.11898,-0.04950,0.06416,0.71357,0.45090,-0.25349,-0.47250,
1641629342441385216,0.11115,-0.05420,0.05198,0.71523,0.45769,-0.26336,-0.45783,
1641629342491385344,0.09859,-0.06373,0.03162,0.71927,0.46846,-0.28272,-0.42810,
1641629342541385216,0.08598,-0.07480,0.01247,0.72214,0.47731,-0.30703,-0.39551,
1641629342591385088,0.07391,-0.08740,-0.00448,0.72197,0.48511,-0.33140,-0.36552,
1641629342641385216,0.06208,-0.10174,-0.01740,0.71875,0.49143,-0.35755,-0.33772,
1641629342691386112,0.05139,-0.11817,-0.02616,0.71157,0.50037,-0.38129,-0.31290,
1641629342741385216,0.04239,-0.13545,-0.02937,0.69961,0.51556,-0.40001,-0.29109,
1641629342791385088,0.03665,-0.15060,-0.02513,0.68355,0.53212,-0.41631,-0.27621,
1641629342841385216,0.03300,-0.16336,-0.01335,0.66441,0.54589,-0.43170,-0.27238,
1641629342891385344,0.03424,-0.17317,0.00030,0.64542,0.55360,-0.44875,-0.27494,
1641629342941385216,0.03813,-0.17432,0.01983,0.63207,0.54975,-0.46392,-0.28818,
1641629342991385344,0.05031,-0.17239,0.04157,0.62756,0.53353,-0.47727,-0.30615,
1641629343041385216,0.05401,-0.15788,0.06024,0.63224,0.50815,-0.48716,-0.32362,
1641629343091385088,0.06581,-0.14420,0.07436,0.64186,0.47985,-0.49124,-0.34123,
1641629343141385216,0.07945,-0.12911,0.08137,0.65467,0.45217,-0.48941,-0.35697,
1641629343191385344,0.09425,-0.11446,0.07972,0.66692,0.43091,-0.48218,-0.37019,
1641629343241385216,0.10830,-0.09878,0.07079,0.68431,0.41360,-0.47207,-0.37122,
1641629343271385088,0.11592,-0.08875,0.06196,0.69832,0.40189,-0.46321,-0.36915,
1641629343321385216,0.13035,-0.07207,0.04518,0.72457,0.37971,-0.44343,-0.36632,
1641629343371385344,0.14582,-0.05506,0.02649,0.75096,0.35576,-0.42316,-0.36113,
1641629343421385216,0.16183,-0.03774,0.00805,0.77448,0.33369,-0.40361,-0.35487,
1641629343471385344,0.17801,-0.02130,-0.00706,0.79624,0.31450,-0.38056,-0.34966,
1641629343521385216,0.19352,-0.00695,-0.01646,0.81594,0.30266,-0.34715,-0.34945,
1641629343571385088,0.20817,0.00442,-0.01769,0.83079,0.29675,-0.30323,-0.36024,
1641629343621385216,0.22196,0.01262,-0.01015,0.83583,0.29505,-0.25781,-0.38453,
1641629343661385216,0.23193,0.01689,0.00236,0.83219,0.29494,-0.23354,-0.40734,
1641629343711385344,0.24320,0.01893,0.02436,0.82034,0.29918,-0.21779,-0.43600,
1641629343761385216,0.25032,0.01853,0.04869,0.80611,0.30359,-0.20389,-0.46525,
1641629343811385088,0.25207,0.01601,0.07150,0.79147,0.30919,-0.18732,-0.49284,
1641629343861385216,0.24938,0.01211,0.09058,-0.77869,-0.31574,0.17238,0.51404,
1641629343911388160,0.24287,0.00653,0.10446,-0.76683,-0.32450,0.16245,0.52942,
1641629343961385216,0.23296,-0.00054,0.11107,-0.75768,-0.33778,0.15907,0.53527,
1641629344011385088,0.22017,-0.00892,0.10958,-0.75199,-0.35531,0.16374,0.53053,
1641629344061385216,0.20524,-0.01790,0.10006,-0.74950,-0.37536,0.17546,0.51631,
1641629344111385088,0.18901,-0.02685,0.08421,0.75098,0.39353,-0.19298,-0.49388,
1641629344161385216,0.17151,-0.03603,0.06443,0.75522,0.40837,-0.21460,-0.46564,
1641629344211385344,0.15323,-0.04754,0.04295,0.75979,0.42381,-0.23922,-0.43113,
1641629344261385216,0.13543,-0.06238,0.02242,0.75827,0.44466,-0.27076,-0.39243,
1641629344311385088,0.11868,-0.08007,0.00588,0.74952,0.46946,-0.30454,-0.35367,
1641629344361385216,0.10351,-0.09889,-0.00416,0.73421,0.49136,-0.33783,-0.32461,
1641629344411385344,0.09017,-0.11698,-0.00667,0.71742,0.50704,-0.36894,-0.30350,
1641629344441385216,0.08258,-0.12680,-0.00564,0.70692,0.51438,-0.38584,-0.29463,
1641629344491385344,0.07344,-0.14172,0.00309,0.69065,0.52353,-0.41089,-0.28301,
1641629344541385216,0.06820,-0.15453,0.01798,0.67317,0.53015,-0.43517,-0.27642,
1641629344591385088,0.06673,-0.16488,0.03749,0.65461,0.53682,-0.45537,-0.27558,
1641629344641385216,0.06866,-0.17190,0.06016,0.63756,0.53941,-0.47201,-0.28242,
1641629344691385344,0.07420,-0.17575,0.08406,0.62132,0.53839,-0.48428,-0.29929,
1641629344741385216,0.08338,-0.17537,0.10542,0.60728,0.53102,-0.49652,-0.32046,
1641629344791385088,0.09463,-0.17092,0.12349,0.59878,0.51902,-0.50516,-0.34190,
1641629344841385216,0.10744,-0.16318,0.13550,0.59685,0.50468,-0.50759,-0.36251,
1641629344891387136,0.12068,-0.15236,0.13978,0.60211,0.48950,-0.50107,-0.38312,
1641629344941385216,0.13301,-0.13759,0.13727,0.61748,0.47119,-0.48968,-0.39612,
1641629344991385344,0.14358,-0.11835,0.12753,0.64014,0.44972,-0.47563,-0.40218,
1641629345041385216,0.15952,-0.10037,0.11510,0.66703,0.42461,-0.45928,-0.40477,
1641629345091385088,0.17289,-0.07954,0.09699,0.69555,0.39852,-0.43698,-0.40797,
1641629345141385216,0.18792,-0.05714,0.07545,0.72650,0.36851,-0.41521,-0.40496,
1641629345191385344,0.20440,-0.03620,0.05364,0.75370,0.33982,-0.39360,-0.40192,
1641629345241385216,0.22215,-0.01769,0.03545,0.77704,0.31200,-0.37422,-0.39854,
1641629345271386112,0.23230,-0.00857,0.02696,0.78907,0.29597,-0.36040,-0.39985,
1641629345321385216,0.24954,0.00198,0.02174,0.80412,0.27936,-0.33550,-0.40346,
1641629345371385344,0.26605,0.00512,0.02748,0.80885,0.27408,-0.31316,-0.41541,
1641629345421388032,0.28212,0.00174,0.04394,0.80075,0.28184,-0.30618,-0.43083,
1641629345471385344,0.29713,-0.00669,0.06803,0.78498,0.29615,-0.30790,-0.44867,
1641629345521386240,0.31072,-0.01866,0.09609,0.76686,0.31119,-0.30838,-0.46903,
1641629345571387392,0.32298,-0.03360,0.12524,0.75403,0.32224,-0.30333,-0.48538,
1641629345621386240,0.33517,-0.05099,0.15264,-0.74313,-0.32797,0.29881,0.50091,
1641629345661385216,0.34515,-0.06472,0.17185,-0.73500,-0.32544,0.30203,0.51248,
1641629345711385344,0.35482,-0.08123,0.19178,-0.72569,-0.31955,0.31126,0.52381,
1641629345761385216,0.35779,-0.09652,0.20423,-0.71614,-0.31549,0.32156,0.53311,
1641629345861385216,0.33889,-0.11335,0.20243,-0.71187,-0.32404,0.31729,0.53624,
1641629345911386368,0.31732,-0.11361,0.18946,-0.71623,-0.33470,0.30766,0.52947,
1641629345961385216,0.29031,-0.10951,0.17313,-0.72021,-0.34419,0.30591,0.51890,
1641629346011385088,0.25896,-0.10287,0.15367,-0.72501,-0.35596,0.31048,0.50126,
1641629346061385216,0.22505,-0.09538,0.13106,0.72890,0.37382,-0.31458,-0.47958,
1641629346111385088,0.19046,-0.08746,0.10535,0.72581,0.39790,-0.32632,-0.45650,
1641629346151385344,0.16263,-0.08084,0.08278,0.72481,0.41952,-0.33455,-0.43212,
1641629346211385344,0.12312,-0.07179,0.04915,0.72336,0.44963,-0.34657,-0.39303,
1641629346261385216,0.09455,-0.06582,0.02220,0.72745,0.47119,-0.34818,-0.35718,
1641629346311386112,0.07257,-0.06177,-0.00077,0.73465,0.48192,-0.34236,-0.33291,
1641629346361387264,0.05715,-0.06132,-0.01635,0.74386,0.48376,-0.33580,-0.31606,
1641629346411386368,0.04881,-0.06523,-0.02236,0.74934,0.48294,-0.33845,-0.30119,
1641629346441385216,0.04633,-0.06975,-0.02228,0.75011,0.48232,-0.34395,-0.29395,
1641629346491385344,0.04589,-0.08059,-0.01408,0.74289,0.48149,-0.36407,-0.28937,
1641629346541385216,0.04806,-0.09385,0.00083,0.73016,0.48127,-0.39462,-0.28200,
1641629346591385088,0.05105,-0.10708,0.02067,0.71734,0.48113,-0.42725,-0.26720,
1641629346641385216,0.05558,-0.11917,0.04310,0.70272,0.48170,-0.45441,-0.26010,
1641629346691385344,0.06293,-0.12881,0.06801,0.68619,0.47959,-0.47875,-0.26445,
1641629346741385216,0.07467,-0.13675,0.09275,0.67203,0.47260,-0.49604,-0.28101,
1641629346791385088,0.08493,-0.13774,0.11358,0.66245,0.46030,-0.50566,-0.30593,
1641629346841385216,0.09392,-0.13140,0.12610,0.65783,0.44427,-0.51177,-0.32860,
1641629346891385344,0.11055,-0.12672,0.13877,0.65905,0.42912,-0.51279,-0.34432,
1641629346941385216,0.12569,-0.11584,0.13996,0.66474,0.41273,-0.51138,-0.35533,
1641629346991385344,0.14087,-0.10031,0.13378,0.67720,0.39093,-0.51014,-0.35823,
1641629347041385216,0.15671,-0.08144,0.12157,0.69542,0.36455,-0.50887,-0.35292,
1641629347091385088,0.17394,-0.06181,0.10618,0.71641,0.33346,-0.50527,-0.34679,
1641629347141385216,0.19304,-0.04300,0.09011,0.73323,0.30147,-0.50246,-0.34500,
1641629347191385344,0.21315,-0.02814,0.07600,0.74675,0.27849,-0.49305,-0.34888,
1641629347241385216,0.23471,-0.01995,0.06773,0.75806,0.26681,-0.47612,-0.35702,
1641629347271385088,0.24748,-0.01878,0.06525,0.76122,0.26680,-0.46276,-0.36772,
1641629347321385216,0.27052,-0.02151,0.06805,0.76021,0.27116,-0.44391,-0.38923,
1641629347371385344,0.29355,-0.02723,0.07681,0.75420,0.27649,-0.42790,-0.41430,
1641629347421385216,0.31504,-0.03392,0.08917,0.75024,0.27503,-0.40166,-0.44740,
1641629347471385344,0.33399,-0.03865,0.10427,0.74762,0.26256,-0.36744,-0.48694,
1641629347521385216,0.34981,-0.03983,0.12170,-0.74928,-0.24175,0.32740,0.52243,
1641629347571385088,0.36277,-0.03868,0.14095,-0.75349,-0.21915,0.28554,0.55017,
1641629347621385216,0.37362,-0.03712,0.16164,-0.75785,-0.19395,0.24356,0.57335,
1641629347671385344,0.38246,-0.03607,0.18275,-0.76009,-0.16735,0.20160,0.59465,
1641629347721385216,0.39018,-0.03727,0.20337,-0.75819,-0.14162,0.16274,0.61531,
1641629347761385216,0.39508,-0.04004,0.21844,-0.75213,-0.12560,0.13611,0.63246,
1641629347871385344,0.40613,-0.05104,0.25064,-0.73077,-0.08486,0.07154,0.67354,
1641629347921385216,0.40802,-0.04975,0.25704,-0.72329,-0.05704,0.03869,0.68709,
1641629348011385088,0.42080,-0.05060,0.25744,-0.71397,0.00524,-0.02008,0.69987,
1641629348111385088,0.43708,-0.04688,0.24332,-0.71417,0.06440,-0.03904,0.69591,
1641629348151385344,0.44415,-0.04466,0.23382,-0.71757,0.08250,-0.03235,0.69083,
1641629348211385344,0.45527,-0.03879,0.21678,-0.72715,0.10768,-0.02375,0.67756,
1641629348261385216,0.46386,-0.03235,0.19941,-0.73490,0.12964,-0.02179,0.66532,
1641629348301385216,0.47025,-0.02601,0.18435,-0.74149,0.14771,-0.01777,0.65427,
1641629348401385216,0.48411,-0.00929,0.14546,-0.75360,0.17908,0.00538,0.63245,
1641629348441385216,0.48914,-0.00288,0.12956,-0.75886,0.18815,0.01508,0.62330,
1641629348491385344,0.49609,0.00536,0.11167,-0.76728,0.20069,0.02129,0.60873,
1641629348541385216,0.50291,0.01217,0.09706,-0.77532,0.21150,0.02136,0.59472,
1641629348591385088,0.51019,0.01651,0.08717,-0.78083,0.21967,0.02000,0.58451,
1641629348641386240,0.51686,0.01875,0.08323,-0.78428,0.22702,0.01378,0.57721,
1641629348691385344,0.52237,0.01921,0.08622,-0.78377,0.23276,0.00406,0.57578,
1641629348741386240,0.52623,0.01746,0.09625,-0.77899,0.23254,-0.00494,0.58230,
1641629348791385088,0.52799,0.01382,0.11217,-0.77219,0.22739,-0.01467,0.59313,
1641629348841385216,0.52751,0.00911,0.13227,-0.76275,0.22048,-0.02997,0.60721,
1641629348891385344,0.52563,0.00271,0.15466,-0.75153,0.21285,-0.04910,0.62249,
1641629348941385216,0.52232,-0.00424,0.17748,-0.73910,0.20488,-0.06870,0.63799,
1641629348991385344,0.51692,-0.01220,0.19726,-0.72508,0.19718,-0.08991,0.65368,
1641629349041385216,0.51316,-0.01902,0.21545,-0.71292,0.18712,-0.11142,0.66657,
1641629349091385088,0.51191,-0.02580,0.23242,-0.70149,0.17993,-0.13419,0.67641,
1641629349141385216,0.51180,-0.03154,0.24354,-0.68910,0.18083,-0.15505,0.68440,
1641629349191385344,0.51476,-0.03630,0.24976,-0.67933,0.18813,-0.17045,0.68852,
1641629349271385088,0.52506,-0.04098,0.24838,-0.67361,0.20973,-0.18302,0.68467,
1641629349321385216,0.53368,-0.04185,0.24078,-0.67441,0.22646,-0.18377,0.67832,
1641629349371385344,0.54288,-0.04072,0.22865,-0.67767,0.24456,-0.18304,0.66892,
1641629349421385216,0.55182,-0.03670,0.21294,-0.68431,0.26299,-0.18728,0.65382,
1641629349471385344,0.55943,-0.03038,0.19484,-0.69502,0.27816,-0.19225,0.63452,
1641629349521385216,0.56462,-0.02310,0.17610,-0.70791,0.28518,-0.18797,0.61823,
1641629349571385088,0.56781,-0.01508,0.16052,-0.72235,0.28737,-0.17144,0.60518,
1641629349621385216,0.56874,-0.00692,0.15313,-0.73556,0.28703,-0.15527,0.59368,
1641629349721385216,0.55672,0.00375,0.16888,-0.72719,0.27521,-0.15439,0.60961,
1641629349761385216,0.54781,0.00518,0.18296,-0.71840,0.26473,-0.14909,0.62577,
1641629349821385216,0.53048,0.00877,0.20530,-0.70782,0.24301,-0.13415,0.64957,
1641629349871385344,0.51278,0.01302,0.22259,-0.70159,0.22257,-0.11862,0.66645,
1641629349921385216,0.49173,0.01763,0.23725,-0.69672,0.20109,-0.10003,0.68127,
1641629349971385344,0.46750,0.02224,0.24841,-0.69272,0.17681,-0.07469,0.69520,
1641629350051385088,0.42398,0.02859,0.25855,-0.69002,0.13086,-0.02850,0.71129,
1641629350101385216,0.39471,0.03205,0.25949,-0.69126,0.09881,-0.00108,0.71581,
1641629350161385216,0.35882,0.03518,0.25495,-0.69791,0.04808,0.03715,0.71360,
1641629350201385216,0.33567,0.03716,0.24952,-0.70397,0.01325,0.06126,0.70746,
1641629350251385088,0.30777,0.03922,0.23947,-0.70943,-0.02981,0.08748,0.69869,
1641629350301385216,0.28228,0.04050,0.22615,-0.71759,-0.07674,0.12087,0.68159,
1641629350351385088,0.25915,0.04239,0.20979,-0.72566,-0.11683,0.15369,0.66042,
1641629350401385216,0.23785,0.04402,0.18987,-0.73352,-0.15107,0.18517,0.63627,
1641629350441385216,0.22167,0.04476,0.17090,-0.74220,-0.18271,0.20687,0.61070,
1641629350491385344,0.20225,0.04511,0.14455,-0.75556,-0.22296,0.22816,0.57216,
1641629350591385088,0.16735,0.03870,0.09243,-0.76871,-0.28096,0.26303,0.51085,
1641629350691385344,0.13770,0.01983,0.05110,0.76210,0.33463,-0.30537,-0.46258,
1641629350741385216,0.12426,0.00753,0.03734,0.75222,0.35545,-0.32767,-0.44771,
1641629350791385088,0.11117,-0.00578,0.02769,0.74153,0.37753,-0.34595,-0.43349,
1641629350841385216,0.09789,-0.01918,0.02241,0.73345,0.39901,-0.36029,-0.41597,
1641629350891385344,0.08630,-0.03276,0.02169,0.72188,0.42058,-0.37579,-0.40098,
1641629350941385216,0.07656,-0.04584,0.02568,0.70886,0.43917,-0.39260,-0.38795,
1641629350991386112,0.06866,-0.05742,0.03382,0.69354,0.45438,-0.40720,-0.38306,
1641629351041386240,0.06250,-0.06769,0.04612,0.67963,0.46571,-0.41664,-0.38422,
1641629351091385088,0.06099,-0.07167,0.06535,0.66596,0.46908,-0.42580,-0.39390,
1641629351141385216,0.06248,-0.07397,0.08781,0.65346,0.46541,-0.43324,-0.41071,
1641629351191385344,0.06782,-0.07503,0.11175,0.63977,0.46079,-0.44076,-0.42906,
1641629351241385216,0.07827,-0.07275,0.13561,0.62713,0.45089,-0.44938,-0.44885,
1641629351271386112,0.08607,-0.07039,0.14868,0.62156,0.44299,-0.45170,-0.46194,
1641629351321385216,0.10039,-0.06532,0.16762,0.61609,0.42536,-0.45315,-0.48390,
1641629351371385344,0.11617,-0.05853,0.18124,-0.61570,-0.40710,0.44710,0.50525,
1641629351421385216,0.13298,-0.05026,0.18962,-0.62151,-0.38698,0.43390,0.52508,
1641629351471385344,0.15067,-0.04086,0.19370,-0.63279,-0.36508,0.41846,0.53961,
1641629351521385216,0.16876,-0.03060,0.19423,-0.64803,-0.34086,0.40429,0.54811,
1641629351571385088,0.18714,-0.01985,0.19176,-0.66557,-0.31447,0.39191,0.55184,
1641629351621385216,0.20565,-0.00964,0.18688,-0.68205,-0.28541,0.38402,0.55306,
1641629351671385344,0.22388,-0.00045,0.17929,-0.69796,-0.25829,0.37857,0.55029,
1641629351721385216,0.24137,0.00753,0.16947,-0.71285,-0.22959,0.37335,0.54749,
1641629351771386112,0.25795,0.01444,0.15736,-0.72485,-0.20048,0.36941,0.54583,
1641629351821385216,0.27350,0.02030,0.14316,-0.73518,-0.17127,0.36888,0.54231,
1641629351871385344,0.28804,0.02503,0.12704,-0.74436,-0.14647,0.36891,0.53701,
1641629351921385216,0.30172,0.02886,0.11027,-0.75456,-0.12669,0.36849,0.52802,
1641629351971385344,0.31455,0.03232,0.09448,-0.76559,-0.11034,0.36417,0.51874,
1641629352051385088,0.33340,0.03643,0.07546,-0.78772,-0.09011,0.34023,0.50559,
1641629352151385344,0.35494,0.03452,0.07381,-0.80248,-0.08723,0.29743,0.50985,
1641629352201385216,0.36511,0.03124,0.08341,-0.80225,-0.09254,0.27419,0.52216,
1641629352261385216,0.37539,0.02514,0.10247,-0.79498,-0.10282,0.24968,0.54323,
1641629352301385216,0.38169,0.02003,0.11910,-0.78721,-0.11040,0.23430,0.55965,
1641629352351385088,0.38654,0.01210,0.14223,-0.77443,-0.12124,0.21311,0.58321,
1641629352401385216,0.38876,0.00366,0.16653,-0.75990,-0.13246,0.19432,0.60601,
1641629352441385216,0.38813,-0.00254,0.18597,-0.75015,-0.13969,0.17899,0.62106,
1641629352491385344,0.38463,-0.01000,0.20870,-0.73865,-0.14695,0.16130,0.63780,
1641629352541385216,0.37902,-0.01686,0.22886,-0.72903,-0.15749,0.15269,0.64837,
1641629352591385088,0.37088,-0.02283,0.24512,-0.72266,-0.17093,0.14690,0.65343,
1641629352641385216,0.36034,-0.02807,0.25669,-0.71660,-0.18764,0.14304,0.65636,
1641629352741385216,0.33403,-0.03934,0.26388,-0.70451,-0.22727,0.14883,0.65564,
1641629352791385088,0.31956,-0.04382,0.25891,-0.70171,-0.24642,0.15288,0.65078,
1641629352891385344,0.28870,-0.05128,0.23344,-0.70242,-0.28694,0.17036,0.62869,
1641629352991385344,0.25695,-0.05678,0.19642,-0.70805,-0.31854,0.21101,0.59386,
1641629353041385216,0.23975,-0.05919,0.17403,-0.71337,-0.33610,0.23722,0.56733,
1641629353091385088,0.22062,-0.06180,0.14910,-0.72160,-0.35413,0.25554,0.53720,
1641629353141385216,0.20027,-0.06506,0.12428,-0.72806,-0.36923,0.27211,0.50946,
1641629353191385344,0.17981,-0.07061,0.10085,0.73543,0.38489,-0.28904,-0.47692,
1641629353241385216,0.16051,-0.07907,0.07969,0.73722,0.40389,-0.31061,-0.44375,
1641629353271385088,0.14997,-0.08478,0.06851,0.73706,0.41429,-0.32437,-0.42413,
1641629353321385216,0.13264,-0.09655,0.05262,0.73287,0.42627,-0.34680,-0.40116,
1641629353371385344,0.11622,-0.11054,0.03988,0.72741,0.43865,-0.36592,-0.38022,
1641629353421385216,0.10114,-0.12589,0.03034,0.71883,0.45680,-0.38221,-0.35852,
1641629353471385344,0.08799,-0.14122,0.02508,0.70570,0.47999,-0.39413,-0.34097,
1641629353521385216,0.07716,-0.15447,0.02682,0.69135,0.49973,-0.40362,-0.33074,
1641629353571385088,0.06942,-0.16445,0.03520,0.67554,0.51398,-0.41111,-0.33235,
1641629353621385216,0.06508,-0.17051,0.04974,0.66167,0.51986,-0.41954,-0.34046,
1641629353661385216,0.06355,-0.17237,0.06477,0.65083,0.51840,-0.42764,-0.35328,
1641629353711385344,0.06662,-0.17221,0.08823,0.63783,0.50944,-0.43843,-0.37608,
1641629353771385088,0.07230,-0.16705,0.11917,0.62725,0.48717,-0.44937,-0.40900,
1641629353821385216,0.07994,-0.15908,0.14557,0.62110,0.46458,-0.45603,-0.43639,
1641629353871385344,0.09009,-0.14935,0.17125,0.61713,0.43894,-0.46233,-0.46123,
1641629353921385216,0.10303,-0.13851,0.19454,0.61489,0.41245,-0.47021,-0.48031,
1641629353971385344,0.11752,-0.12755,0.21346,0.61326,0.38925,-0.47647,-0.49535,
1641629354021385216,0.13451,-0.11690,0.22747,-0.60938,-0.37033,0.48072,0.51031,
1641629354051385088,0.14655,-0.11013,0.23415,-0.60780,-0.35833,0.48191,0.51956,
1641629354151385344,0.18285,-0.08972,0.23973,-0.61467,-0.31439,0.46832,0.55138,
1641629354201385216,0.20040,-0.07810,0.23478,-0.62946,-0.29055,0.45236,0.56102,
1641629354251385088,0.21772,-0.06573,0.22482,-0.64970,-0.26493,0.43420,0.56495,
1641629354301385216,0.23584,-0.05333,0.21116,-0.67179,-0.23707,0.41743,0.56414,
1641629354351385088,0.25467,-0.04166,0.19456,-0.69298,-0.20840,0.40266,0.56055,
1641629354401386240,0.27339,-0.03136,0.17532,-0.71291,-0.18050,0.38863,0.55511,
1641629354441385216,0.28814,-0.02479,0.15916,-0.72771,-0.16097,0.37816,0.54911,
1641629354491385344,0.30473,-0.01890,0.13802,-0.74489,-0.13785,0.36829,0.53898,
1641629354541385216,0.32050,-0.01537,0.11766,-0.76136,-0.11625,0.35902,0.52718,
1641629354641385216,0.34863,-0.01542,0.08682,-0.78427,-0.07382,0.33766,0.51522,
1641629354691385344,0.36304,-0.01752,0.07941,-0.79035,-0.06438,0.32812,0.51335,
1641629354741385216,0.37719,-0.01876,0.07849,-0.79464,-0.05597,0.31036,0.51874,
1641629354791385088,0.39085,-0.01893,0.08453,-0.80149,-0.04874,0.28123,0.52550,
1641629354841385216,0.40435,-0.01929,0.09799,-0.80360,-0.03865,0.24433,0.54133,
1641629354941385216,0.42847,-0.02688,0.13963,-0.79355,-0.02742,0.16960,0.58375,
1641629354991385344,0.43982,-0.03267,0.16356,-0.78401,-0.01765,0.13002,0.60672,
1641629355091385088,0.45938,-0.04608,0.20464,-0.76249,0.01730,0.04915,0.64490,
1641629355141385216,0.46918,-0.05178,0.21920,-0.75240,0.03645,0.01806,0.65744,
1641629355191385344,0.47870,-0.05925,0.22873,-0.74398,0.05736,-0.00990,0.66566,
1641629355271385088,0.49183,-0.06812,0.23321,-0.73443,0.08883,-0.04778,0.67115,
1641629355321385216,0.50029,-0.07203,0.23098,-0.72938,0.10949,-0.06839,0.67182,
1641629355371385344,0.50891,-0.07503,0.22582,-0.72715,0.13030,-0.08141,0.66906,
1641629355421385216,0.51700,-0.07621,0.21780,-0.72744,0.14937,-0.08246,0.66462,
1641629355471385344,0.52368,-0.07474,0.20655,-0.73175,0.16411,-0.07707,0.65701,
1641629355521385216,0.52842,-0.07058,0.19219,-0.74114,0.17502,-0.07242,0.64408,
1641629355571385088,0.53097,-0.06412,0.17693,-0.75067,0.18612,-0.07114,0.62991,
1641629355621385216,0.53028,-0.05591,0.16292,-0.76201,0.19036,-0.06558,0.61547,
1641629355671385344,0.52523,-0.04628,0.15183,-0.77386,0.18546,-0.05257,0.60331,
1641629355721385216,0.51465,-0.03725,0.14516,-0.78321,0.17329,-0.03989,0.59579,
1641629355761385216,0.50250,-0.03096,0.14338,-0.78684,0.15759,-0.03111,0.59588,
1641629355821385216,0.47820,-0.02296,0.14573,-0.78878,0.12361,-0.01455,0.60194,
1641629355871385344,0.45512,-0.01516,0.15101,-0.78659,0.08756,0.00072,0.61123,
1641629355921388032,0.43035,-0.01371,0.15975,-0.78265,0.04985,0.01756,0.62021,
1641629355961385216,0.41019,-0.01186,0.16730,-0.77864,0.01915,0.03507,0.62620,
1641629356021385216,0.37899,-0.01106,0.17797,-0.77143,-0.02971,0.07437,0.63126,
1641629356101385216,0.33830,-0.01397,0.18847,-0.75796,-0.09324,0.14057,0.63012,
1641629356151385344,0.31454,-0.01725,0.19248,-0.74766,-0.12548,0.17901,0.62707,
1641629356201385216,0.29144,-0.02101,0.19372,-0.73826,-0.15497,0.21021,0.62191,
1641629356251385088,0.26893,-0.02558,0.19245,-0.73213,-0.18443,0.23999,0.61022,
1641629356301385216,0.24722,-0.03093,0.18914,-0.72674,-0.21442,0.26920,0.59447,
1641629356351385088,0.22624,-0.03737,0.18361,-0.72221,-0.24424,0.29405,0.57645,
1641629356401385216,0.20692,-0.04530,0.17631,-0.71490,-0.27505,0.31973,0.55771,
1641629356441385216,0.19303,-0.05274,0.16957,-0.70693,-0.29922,0.33996,0.54328,
1641629356491385344,0.17671,-0.06257,0.15980,-0.69637,-0.32734,0.36260,0.52578,
1641629356541385216,0.16100,-0.07305,0.14817,-0.68761,-0.35535,0.37677,0.50888,
1641629356591385088,0.14608,-0.08436,0.13493,0.68024,0.38211,-0.38462,-0.49328,
1641629356641385216,0.13319,-0.09622,0.12073,0.67211,0.40973,-0.39206,-0.47611,
1641629356691385344,0.12329,-0.10859,0.10648,0.66331,0.43537,-0.40381,-0.45541,
1641629356741385216,0.11659,-0.12116,0.09266,0.65091,0.45748,-0.41891,-0.43765,
1641629356791385088,0.11276,-0.13345,0.08001,0.63953,0.47576,-0.43508,-0.41875,
1641629356841385216,0.11099,-0.14526,0.06892,0.63025,0.48731,-0.45178,-0.40152,
1641629356891387136,0.11146,-0.15384,0.05913,0.62613,0.49415,-0.46390,-0.38546,
1641629356941385216,0.11030,-0.16278,0.05712,0.62190,0.49349,-0.47695,-0.37711,
1641629356991385344,0.10980,-0.16648,0.06235,0.61809,0.49067,-0.48613,-0.37534,
1641629357041385216,0.10910,-0.16628,0.07605,0.61316,0.48869,-0.48956,-0.38151,
1641629357091385088,0.11030,-0.16365,0.09533,0.60730,0.48376,-0.48753,-0.39934,
1641629357141386240,0.11371,-0.15896,0.11806,0.60535,0.47592,-0.47812,-0.42243,
1641629357191385344,0.12014,-0.15160,0.14201,0.60729,0.46299,-0.46808,-0.44468,
1641629357241385216,0.12961,-0.14241,0.16455,0.61075,0.44635,-0.45875,-0.46616,
1641629357271385088,0.13671,-0.13678,0.17714,0.61282,0.43560,-0.45420,-0.47793,
1641629357321385216,0.14877,-0.12609,0.19318,0.61723,0.42241,-0.44174,-0.49544,
1641629357421385216,0.17314,-0.10216,0.21249,-0.63650,-0.38192,0.41473,0.52632,
1641629357471385344,0.18722,-0.09085,0.21651,-0.64737,-0.35653,0.40494,0.53835,
1641629357521385216,0.20217,-0.07991,0.21580,-0.65798,-0.33230,0.39906,0.54534,
1641629357571385088,0.21756,-0.06915,0.21099,-0.67128,-0.30787,0.39741,0.54466,
1641629357621385216,0.23207,-0.05867,0.20167,-0.68514,-0.28213,0.39126,0.54581,
1641629357671385344,0.24643,-0.04864,0.18826,-0.70030,-0.25580,0.38009,0.54743,
1641629357721385216,0.26098,-0.03893,0.17207,-0.71828,-0.22664,0.36870,0.54477,
1641629357771385088,0.27577,-0.03019,0.15351,-0.73626,-0.19640,0.35673,0.54045,
1641629357821385216,0.29081,-0.02305,0.13439,-0.75482,-0.16373,0.34264,0.53483,
1641629357921385216,0.32137,-0.01559,0.10030,-0.78407,-0.10515,0.30047,0.53282,
1641629357971385344,0.33795,-0.01585,0.08888,-0.79443,-0.08172,0.27410,0.53579,
1641629358021385216,0.35503,-0.01720,0.08215,-0.80239,-0.05752,0.24505,0.54111,
1641629358051385088,0.36611,-0.01898,0.08087,-0.80735,-0.04589,0.22926,0.54177,
1641629358151386368,0.40015,-0.02310,0.08430,-0.81939,-0.00642,0.17426,0.54607,
1641629358201385216,0.41788,-0.02649,0.09202,-0.82148,0.01566,0.14527,0.55120,
1641629358251385088,0.43516,-0.03075,0.10326,-0.81919,0.03777,0.11866,0.55984,
1641629358301385216,0.45158,-0.03590,0.11666,-0.81486,0.05871,0.09039,0.56954,
1641629358351385088,0.46745,-0.04169,0.13190,-0.80861,0.08249,0.05940,0.57949,
1641629358401385216,0.48178,-0.04789,0.14843,-0.80121,0.10778,0.02497,0.58806,
1641629358441385216,0.49169,-0.05355,0.16253,-0.79402,0.12549,-0.00268,0.59479,
1641629358491392256,0.50063,-0.06098,0.18070,-0.78212,0.14285,-0.03540,0.60550,
1641629358541391104,0.50632,-0.06798,0.19954,-0.76839,0.15622,-0.06196,0.61752,
1641629358591385088,0.50872,-0.07351,0.21815,-0.75579,0.16335,-0.08614,0.62823,
1641629358641385216,0.50733,-0.07689,0.23545,-0.74697,0.16358,-0.10226,0.63626,
1641629358691385344,0.50233,-0.07787,0.25252,-0.73989,0.15723,-0.11083,0.64464,
1641629358741385216,0.49472,-0.07666,0.26928,-0.73223,0.14572,-0.11111,0.65594,
1641629358791385088,0.49020,-0.07533,0.28961,-0.72747,0.13118,-0.10387,0.66543,
1641629358891385344,0.46011,-0.06465,0.31793,-0.71734,0.10544,-0.07552,0.68454,
1641629358941385216,0.44517,-0.06194,0.33301,-0.70963,0.09100,-0.05810,0.69626,
1641629358991385344,0.42849,-0.05956,0.34600,-0.70506,0.07404,-0.03840,0.70423,
1641629359041385216,0.40963,-0.05859,0.35516,-0.70311,0.05156,-0.02004,0.70893,
1641629359091385088,0.38853,-0.05906,0.35920,-0.70056,0.02149,0.00527,0.71325,
1641629359141385216,0.36773,-0.05905,0.35922,-0.70331,-0.00840,0.03549,0.70995,
1641629359231385344,0.33060,-0.05830,0.35099,-0.71577,-0.05086,0.09401,0.69010,
1641629359321385216,0.29194,-0.05968,0.32978,-0.72217,-0.09326,0.13710,0.67154,
1641629359371385344,0.27086,-0.06216,0.31354,-0.72224,-0.12100,0.16047,0.66180,
1641629359471385344,0.23477,-0.06803,0.27265,-0.72368,-0.17732,0.20923,0.63330,
1641629359571385088,0.20559,-0.07020,0.22137,-0.72715,-0.21738,0.24300,0.60411,
1641629359621385216,0.19256,-0.06928,0.19310,-0.73348,-0.22822,0.25016,0.58936,
1641629359671385344,0.17993,-0.06766,0.16474,-0.74404,-0.23754,0.25190,0.57143,
1641629359721385216,0.16683,-0.06730,0.13747,-0.75513,-0.25319,0.25167,0.54985,
1641629359771385088,0.15451,-0.06955,0.11343,-0.76192,-0.27604,0.26035,0.52487,
1641629359871385344,0.13109,-0.08034,0.07723,0.76593,0.32886,-0.28539,-0.47303,
1641629359921385216,0.12019,-0.08965,0.06693,0.75957,0.35024,-0.30809,-0.45329,
1641629359971385344,0.11019,-0.10058,0.06178,0.74887,0.37044,-0.34066,-0.43118,
1641629360021385216,0.10023,-0.11164,0.06119,0.73594,0.38744,-0.37263,-0.41161,
1641629360051385088,0.09398,-0.11853,0.06256,0.72886,0.39603,-0.38904,-0.40072,
1641629360101385216,0.08481,-0.12860,0.06820,0.71559,0.40909,-0.41342,-0.38687,
1641629360151385344,0.07806,-0.13895,0.07748,0.69926,0.42341,-0.43409,-0.37858,
1641629360201385216,0.07366,-0.14766,0.09090,0.67993,0.43747,-0.45208,-0.37674,
1641629360251385088,0.07150,-0.15445,0.10809,0.65949,0.44758,-0.46686,-0.38314,
1641629360301385216,0.07154,-0.15957,0.12778,0.63994,0.45418,-0.47595,-0.39707,
1641629360351385088,0.07364,-0.16199,0.14926,0.62129,0.46144,-0.48076,-0.41224,
1641629360401385216,0.07773,-0.16162,0.17225,0.60672,0.46379,-0.48338,-0.42795,
1641629360441385216,0.08221,-0.15993,0.19057,0.59776,0.46277,-0.48271,-0.44218,
1641629360491385344,0.08947,-0.15535,0.21198,0.59160,0.45753,-0.48031,-0.45822,
1641629360541385216,0.09819,-0.14878,0.23134,0.59033,0.44894,-0.47449,-0.47416,
1641629360591385088,0.10934,-0.14065,0.24965,0.59427,0.43362,-0.46584,-0.49173,
1641629360641385216,0.12144,-0.13151,0.26373,-0.60239,-0.41320,0.45272,0.51131,
1641629360691385344,0.13650,-0.12204,0.27576,-0.61057,-0.38937,0.44443,0.52732,
1641629360741385216,0.15540,-0.11295,0.28454,-0.61518,-0.36565,0.44232,0.54056,
1641629360841385216,0.19734,-0.09317,0.28956,-0.62535,-0.31181,0.44509,0.56001,
1641629360891385344,0.21834,-0.08307,0.28585,-0.63484,-0.28150,0.44182,0.56792,
1641629360941385216,0.24019,-0.07429,0.27877,-0.64602,-0.25247,0.43333,0.57545,
1641629360991386112,0.25909,-0.06482,0.26731,-0.65771,-0.22645,0.43036,0.57526,
1641629361091385088,0.29780,-0.04973,0.23930,-0.68020,-0.17867,0.42025,0.57340,
1641629361141385216,0.31495,-0.04455,0.22295,-0.69329,-0.15734,0.40982,0.57152,
1641629361191385344,0.33107,-0.04141,0.20481,-0.70783,-0.13829,0.39512,0.56898,
1641629361271385088,0.35777,-0.03966,0.17451,-0.72723,-0.10483,0.37806,0.56321,
1641629361321385216,0.37422,-0.04022,0.15570,-0.73551,-0.08132,0.37098,0.56105,
1641629361371385344,0.38983,-0.04142,0.13749,-0.74596,-0.05903,0.35948,0.55752,
1641629361471385344,0.41898,-0.04567,0.10622,-0.77483,-0.01637,0.31605,0.54725,
1641629361521385216,0.43319,-0.05027,0.09475,-0.78745,0.00920,0.28459,0.54667,
1641629361621385216,0.45931,-0.05782,0.08407,-0.80006,0.05900,0.21859,0.55556,
1641629361721385216,0.47753,-0.06096,0.09088,-0.81648,0.07882,0.14222,0.55400,
1641629361771385088,0.48524,-0.06260,0.10134,-0.81998,0.08935,0.10254,0.55600,
1641629361821385216,0.49240,-0.06468,0.11667,-0.81723,0.10465,0.06664,0.56281,
1641629361871385344,0.49718,-0.06739,0.13549,-0.80963,0.11854,0.03111,0.57401,
1641629361921385216,0.49871,-0.07024,0.15656,-0.79870,0.12600,-0.00068,0.58838,
1641629361971385344,0.49647,-0.07228,0.17960,-0.78794,0.12296,-0.01990,0.60302,
1641629362021385216,0.49225,-0.07376,0.20338,-0.77808,0.11291,-0.03024,0.61720,
1641629362051385088,0.48830,-0.07433,0.21780,-0.77304,0.10430,-0.03471,0.62476,
1641629362101385216,0.48106,-0.07445,0.24152,-0.76418,0.08874,-0.03976,0.63763,
1641629362151385344,0.47206,-0.07395,0.26439,-0.75512,0.07322,-0.04642,0.64983,
1641629362201385216,0.46239,-0.07379,0.28596,-0.74507,0.06032,-0.05363,0.66209,
1641629362251385088,0.45294,-0.07425,0.30619,-0.73450,0.05058,-0.05330,0.67462,
1641629362301386240,0.44367,-0.07500,0.32362,-0.72538,0.04223,-0.05006,0.68523,
1641629362351385088,0.43467,-0.07536,0.33759,-0.71688,0.03430,-0.04429,0.69494,
1641629362401385216,0.42569,-0.07559,0.34746,-0.71130,0.02782,-0.03836,0.70129,
1641629362441385216,0.41819,-0.07548,0.35198,-0.70827,0.02192,-0.03491,0.70474,
1641629362491385344,0.40822,-0.07431,0.35271,-0.70617,0.01375,-0.03068,0.70724,
1641629362541385216,0.39750,-0.07125,0.34768,-0.70690,0.00638,-0.02817,0.70672,
1641629362591386368,0.38610,-0.06657,0.33712,-0.70974,-0.00143,-0.02384,0.70406,
1641629362641385216,0.37364,-0.06020,0.32214,-0.71575,-0.01005,-0.01352,0.69816,
1641629362691385344,0.36003,-0.05346,0.30357,-0.72549,-0.02552,0.00578,0.68774,
1641629362791385088,0.32912,-0.04027,0.25942,-0.74523,-0.06763,0.05818,0.66081,
1641629362891385344,0.29431,-0.03248,0.21099,-0.76011,-0.12368,0.11660,0.62717,
1641629362941385216,0.27664,-0.03013,0.18767,-0.76648,-0.15093,0.13923,0.60856,
1641629363041385216,0.24348,-0.02925,0.14603,-0.76672,-0.19101,0.17363,0.58779,
1641629363091385088,0.22811,-0.03175,0.12837,-0.76368,-0.21287,0.20002,0.57574,
1641629363191385344,0.19782,-0.03991,0.09556,-0.75556,-0.26673,0.25526,0.54113,
1641629363241385216,0.18155,-0.04637,0.07903,-0.75493,-0.30089,0.27640,0.51298,
1641629363271385088,0.17135,-0.05180,0.06927,0.75325,0.32386,-0.28796,-0.49478,
1641629363321385216,0.15497,-0.06202,0.05329,0.74408,0.36067,-0.30648,-0.47152,
1641629363371385344,0.13872,-0.07362,0.03914,0.73302,0.39152,-0.32057,-0.45456,
1641629363421385216,0.12297,-0.08578,0.02762,0.72116,0.41676,-0.33398,-0.44125,
1641629363471385344,0.10733,-0.09750,0.01911,0.71208,0.43756,-0.35057,-0.42259,
1641629363521385216,0.09190,-0.10921,0.01327,0.70219,0.45521,-0.36696,-0.40626,
1641629363571385088,0.07747,-0.12070,0.01063,0.69406,0.47158,-0.38435,-0.38493,
1641629363621385216,0.06508,-0.13193,0.01227,0.68403,0.48466,-0.40474,-0.36523,
1641629363671385344,0.05548,-0.14286,0.01730,0.66823,0.49563,-0.42578,-0.35573,
1641629363721385216,0.04743,-0.15194,0.02678,0.65193,0.50418,-0.44411,-0.35150,
1641629363771385088,0.04144,-0.15902,0.04251,0.63739,0.50865,-0.45641,-0.35594,
1641629363821385216,0.03801,-0.16403,0.06801,0.62206,0.51092,-0.46693,-0.36602,
1641629363871385344,0.03894,-0.16772,0.09126,0.60567,0.50942,-0.47687,-0.38243,
1641629363911385344,0.04168,-0.16954,0.11334,0.59075,0.50713,-0.48294,-0.40076,
1641629363971385344,0.04972,-0.16747,0.14914,0.57338,0.49474,-0.49373,-0.42743,
1641629364021385216,0.05977,-0.16333,0.17760,0.56117,0.47946,-0.49940,-0.45366,
1641629364051385088,0.06708,-0.15953,0.19341,0.55842,0.46728,-0.50143,-0.46732,
1641629364101385216,0.08135,-0.14905,0.21831,0.55910,0.44371,-0.50176,-0.48865,
1641629364151385344,0.09704,-0.13623,0.23911,-0.56340,-0.41979,0.49706,0.50921,
1641629364201385216,0.11448,-0.12234,0.25700,-0.57101,-0.39612,0.49096,0.52535,
1641629364251385088,0.13206,-0.10807,0.27212,-0.58269,-0.37536,0.47832,0.53924,
1641629364301385216,0.15065,-0.09419,0.28541,-0.59392,-0.35400,0.46562,0.55239,
1641629364351385088,0.16944,-0.08035,0.29541,-0.60883,-0.33437,0.44452,0.56562,
1641629364401385216,0.18898,-0.06691,0.30132,-0.62783,-0.30962,0.41809,0.57893,
1641629364441385216,0.20558,-0.05670,0.30221,-0.64291,-0.28422,0.39247,0.59317,
1641629364491385344,0.22733,-0.04405,0.29930,-0.66377,-0.24301,0.36618,0.60520,
1641629364541385216,0.25121,-0.03110,0.29129,-0.68284,-0.20480,0.35404,0.60534,
1641629364641385216,0.29429,-0.00946,0.25716,-0.71881,-0.14195,0.35154,0.58274,
1641629364691385344,0.31229,-0.00205,0.23260,-0.73563,-0.11301,0.34174,0.57384,
1641629364791385088,0.34336,0.00513,0.17683,-0.75549,-0.06120,0.31081,0.57349,
1641629364891385344,0.37273,0.00528,0.12349,-0.77433,-0.01325,0.28372,0.56546,
1641629364941385216,0.38589,0.00481,0.10073,-0.79023,0.01437,0.24932,0.55961,
1641629365041385216,0.41315,0.00081,0.07334,-0.81368,0.06342,0.17296,0.55135,
1641629365091385088,0.42738,-0.00333,0.07034,-0.81855,0.08105,0.13761,0.55179,
1641629365191385344,0.44651,-0.00974,0.08884,-0.82056,0.09495,0.07480,0.55864,
1641629365241385216,0.45282,-0.01282,0.10858,-0.81382,0.09584,0.04092,0.57169,
1641629365271385088,0.45560,-0.01506,0.12248,-0.80763,0.09587,0.01821,0.58155,
1641629365321385216,0.45727,-0.01751,0.14806,-0.79545,0.09732,-0.02001,0.59782,
1641629365371385344,0.45595,-0.01949,0.17480,-0.78359,0.09539,-0.04901,0.61195,
1641629365421385216,0.45137,-0.02053,0.20147,-0.77436,0.08797,-0.06646,0.62307,
1641629365471385344,0.44446,-0.02238,0.22724,-0.76450,0.07611,-0.07585,0.63561,
1641629365521385216,0.43545,-0.02313,0.25141,-0.75313,0.06561,-0.08337,0.64926,
1641629365571385088,0.42498,-0.02421,0.27410,-0.74026,0.05778,-0.08778,0.66406,
1641629365621385216,0.41201,-0.02550,0.29419,-0.72797,0.04769,-0.08386,0.67879,
1641629365671385344,0.39653,-0.02667,0.30994,-0.71961,0.03112,-0.06980,0.69016,
1641629365721385216,0.37945,-0.02706,0.31987,-0.71482,0.01296,-0.05513,0.69701,
1641629365821385216,0.34122,-0.02461,0.32113,-0.71331,-0.02388,-0.03287,0.69967,
1641629365871385344,0.32153,-0.02505,0.31530,-0.70827,-0.04311,-0.00333,0.70462,
1641629365921385216,0.30171,-0.02628,0.30615,-0.70712,-0.06644,0.03678,0.70300,
1641629366021385216,0.25833,-0.02969,0.27756,-0.69877,-0.12639,0.13645,0.69075,
1641629366151385344,0.20462,-0.03631,0.22237,-0.69462,-0.22219,0.24686,0.63812,
1641629366251385088,0.16940,-0.03912,0.16752,-0.70128,-0.28035,0.29041,0.58760,
1641629366301385216,0.15264,-0.04023,0.13894,-0.71065,-0.30129,0.29640,0.56244,
1641629366351385088,0.13671,-0.04157,0.11145,-0.71640,-0.32071,0.30317,0.54038,
1641629366401385216,0.12173,-0.04343,0.08639,-0.72164,-0.33824,0.30848,0.51929,
1641629366441385216,0.11027,-0.04567,0.06812,-0.72521,-0.34902,0.31114,0.50542,
1641629366491385344,0.09729,-0.04958,0.04766,0.72804,0.36065,-0.31883,-0.48810,
1641629366541385216,0.08547,-0.05569,0.02876,0.72792,0.37560,-0.33122,-0.46835,
1641629366591386368,0.07412,-0.06334,0.01204,0.72446,0.38957,-0.34792,-0.44983,
1641629366641385216,0.06227,-0.07139,-0.00182,0.72158,0.39885,-0.36191,-0.43504,
1641629366691385344,0.04977,-0.08030,-0.01050,0.71915,0.40597,-0.37934,-0.41727,
1641629366741385216,0.03778,-0.08831,-0.01397,0.71089,0.41831,-0.40127,-0.39828,
1641629366791385088,0.02547,-0.09494,-0.01049,0.70245,0.42863,-0.42204,-0.38044,
1641629366841385216,0.01399,-0.10016,-0.00043,0.69198,0.43562,-0.43838,-0.37312,
1641629366891385344,0.00497,-0.10397,0.01528,0.67682,0.44317,-0.45438,-0.37291,
1641629366941385216,-0.00128,-0.10609,0.03657,0.66007,0.44758,-0.47203,-0.37572,
1641629366991385344,-0.00402,-0.10673,0.06202,0.63987,0.44586,-0.48987,-0.38961,
1641629367041385216,-0.00264,-0.10449,0.09097,0.61936,0.43661,-0.51116,-0.40556,
1641629367091385088,0.00256,-0.10140,0.12052,0.59803,0.42649,-0.52873,-0.42534,
1641629367141385216,0.01020,-0.09722,0.14986,0.58059,0.41545,-0.54240,-0.44285,
1641629367191385344,0.01934,-0.09309,0.17708,0.56811,0.40607,-0.54710,-0.46156,
1641629367241385216,0.03045,-0.08855,0.20079,0.55688,0.39988,-0.54495,-0.48272,
1641629367271385088,0.03818,-0.08737,0.21215,0.55174,0.39634,-0.54130,-0.49547,
1641629367321387264,0.05332,-0.08227,0.22769,-0.54777,-0.38884,0.53726,0.51000,
1641629367371385344,0.07146,-0.08008,0.23384,-0.54696,-0.38075,0.53663,0.51758,
1641629367421385216,0.08897,-0.07369,0.23245,-0.55021,-0.37258,0.53263,0.52417,
1641629367471386112,0.10594,-0.06968,0.22094,-0.55948,-0.36330,0.52525,0.52831,
1641629367521385216,0.12104,-0.06619,0.20225,-0.57962,-0.35574,0.50895,0.52769,
1641629367571385088,0.13586,-0.06422,0.17826,-0.60090,-0.35406,0.49262,0.52047,
1641629367671385344,0.16962,-0.06528,0.12645,0.63660,0.35691,-0.47196,-0.49457,
1641629367721386240,0.18889,-0.06841,0.10365,0.64798,0.35686,-0.46854,-0.48295,
1641629367771385088,0.20886,-0.07257,0.08495,0.65942,0.35757,-0.46254,-0.47262,
1641629367821385216,0.22833,-0.07735,0.07200,0.67239,0.35459,-0.45715,-0.46170,
1641629367871385344,0.24674,-0.08337,0.06403,0.68484,0.35354,-0.44428,-0.45676,
1641629367921385216,0.26356,-0.09075,0.06117,0.69544,0.35332,-0.42865,-0.45584,
1641629367971388416,0.27904,-0.09886,0.06259,0.70343,0.35274,-0.41141,-0.45989,
1641629368021385216,0.29278,-0.10678,0.06754,0.70819,0.35247,-0.39189,-0.46975,
1641629368051385088,0.30026,-0.11141,0.07203,0.71179,0.35291,-0.38020,-0.47356,
1641629368111385088,0.31307,-0.12025,0.08145,0.71753,0.35450,-0.36219,-0.47781,
1641629368201385216,0.32630,-0.13051,0.09233,0.71563,0.34816,-0.35922,-0.48746,
1641629368351385088,0.30983,-0.13207,0.08223,0.72340,0.34822,-0.34779,-0.48424,
1641629368441385216,0.27971,-0.12689,0.06336,0.72281,0.35797,-0.35401,-0.47338,
1641629368491385344,0.25884,-0.12365,0.05019,0.71893,0.36868,-0.36183,-0.46507,
1641629368541385216,0.23488,-0.12085,0.03525,0.71603,0.38208,-0.36634,-0.45510,
1641629368591385088,0.20812,-0.11777,0.02043,0.71554,0.39659,-0.36919,-0.44092,
1641629368641385216,0.18027,-0.11531,0.00674,0.71529,0.41185,-0.37243,-0.42431,
1641629368691385344,0.15261,-0.11381,-0.00514,0.70988,0.42857,-0.38145,-0.40853,
1641629368741386240,0.12477,-0.11352,-0.01535,0.70101,0.44565,-0.39310,-0.39428,
1641629368791385088,0.09747,-0.11353,-0.02425,0.68818,0.46350,-0.40347,-0.38573,
1641629368841386240,0.07143,-0.11474,-0.03220,0.67568,0.48141,-0.40726,-0.38189,
1641629368891386368,0.04713,-0.11578,-0.03897,0.66384,0.49777,-0.40948,-0.37931,
1641629368941385216,0.02285,-0.11625,-0.04565,0.65868,0.50943,-0.40914,-0.37312,
1641629369041387264,-0.00706,-0.11386,-0.04090,0.65745,0.51725,-0.41049,-0.36291,
1641629369091385088,-0.01282,-0.11367,-0.02868,0.65078,0.51765,-0.41846,-0.36525,
1641629369141385216,-0.01381,-0.11077,-0.01102,0.64136,0.51374,-0.42929,-0.37475,
1641629369191385344,-0.01351,-0.10598,0.01258,0.63402,0.50508,-0.43729,-0.38948,
1641629369241386240,-0.00765,-0.09932,0.04035,0.62906,0.49173,-0.44067,-0.41024,
1641629369271385088,-0.00253,-0.09397,0.05851,0.62770,0.47833,-0.44162,-0.42681,
1641629369321385216,0.00953,-0.08526,0.08869,0.62642,0.45489,-0.44216,-0.45295,
1641629369371385344,0.02504,-0.07609,0.11917,0.62641,0.42877,-0.44558,-0.47459,
1641629369421385216,0.04336,-0.06746,0.14733,0.62570,0.40636,-0.44721,-0.49333,
1641629369471385344,0.06267,-0.05978,0.17240,-0.62601,-0.38535,0.44246,0.51366,
1641629369521385216,0.08272,-0.05288,0.19454,-0.62731,-0.36504,0.43043,0.53662,
1641629369571385088,0.10322,-0.04664,0.21371,-0.63043,-0.34475,0.41390,0.55892,
1641629369671385344,0.14652,-0.03675,0.24116,-0.63785,-0.30470,0.38200,0.59530,
1641629369721385216,0.16904,-0.03234,0.24919,-0.64285,-0.27838,0.36964,0.61043,
1641629369771385088,0.19139,-0.02803,0.25273,-0.64958,-0.24770,0.35764,0.62353,
1641629369821385216,0.21242,-0.02316,0.25090,-0.65761,-0.21488,0.34260,0.63561,
1641629369871385344,0.23116,-0.01698,0.24375,-0.66674,-0.18073,0.32418,0.64630,
1641629369971385344,0.26433,-0.00432,0.21410,-0.69549,-0.10557,0.27681,0.65462,
1641629370051385088,0.28761,0.00572,0.17866,-0.71834,-0.05984,0.23884,0.65066,
1641629370151385344,0.31626,0.01568,0.13148,-0.74838,-0.01069,0.19612,0.63352,
1641629370251385088,0.34570,0.01956,0.09273,-0.77159,0.03916,0.15008,0.61692,
1641629370301385216,0.35978,0.01902,0.07854,-0.77895,0.06248,0.12122,0.61208,
1641629370351385088,0.37327,0.01708,0.06860,-0.78383,0.08633,0.09141,0.60811,
1641629370401388288,0.38683,0.01312,0.06428,-0.78673,0.10804,0.06965,0.60377,
1641629370441385216,0.39665,0.00945,0.06476,-0.78595,0.12461,0.05100,0.60345,
1641629370491385344,0.40733,0.00513,0.06933,-0.78187,0.14201,0.02241,0.60664,
1641629370541385216,0.41485,0.00154,0.07804,-0.77660,0.15342,-0.00674,0.61098,
1641629370591385088,0.41771,-0.00149,0.09040,-0.77157,0.15576,-0.03190,0.61596,
1641629370641385216,0.41539,-0.00419,0.10493,-0.76655,0.14916,-0.05016,0.62260,
1641629370691385344,0.40756,-0.00654,0.11941,-0.76226,0.13262,-0.06426,0.63027,
1641629370741385216,0.39474,-0.00796,0.13267,-0.76015,0.11010,-0.07122,0.63637,
1641629370791385088,0.37735,-0.00998,0.14200,-0.76120,0.07634,-0.06801,0.64041,
1641629370841385216,0.35620,-0.01280,0.14604,-0.76358,0.03226,-0.05725,0.64236,
1641629370891385344,0.33298,-0.01725,0.14514,-0.76721,-0.01644,-0.02935,0.64051,
1641629370941385216,0.31056,-0.02228,0.14051,-0.76848,-0.06800,0.01850,0.63598,
1641629371041385216,0.26443,-0.03597,0.11489,-0.76509,-0.16472,0.12328,0.61017,
1641629371091385088,0.24282,-0.04145,0.09856,-0.75988,-0.20917,0.17157,0.59109,
1641629371191385344,0.20089,-0.04807,0.06289,-0.75213,-0.27764,0.24084,0.54700,
1641629371241385216,0.18088,-0.04958,0.04563,-0.75031,-0.30196,0.27401,0.52035,
1641629371271385088,0.16862,-0.05014,0.03568,-0.74981,-0.31171,0.29124,0.50577,
1641629371321385216,0.14917,-0.05130,0.01985,0.74554,0.32395,-0.31919,-0.48718,
1641629371371385344,0.12962,-0.05350,0.00571,0.74024,0.33596,-0.34414,-0.46984,
1641629371421385216,0.10942,-0.05717,-0.00635,0.73160,0.35252,-0.36609,-0.45439,
1641629371471385344,0.08880,-0.06226,-0.01603,0.72270,0.37394,-0.38346,-0.43684,
1641629371521385216,0.06890,-0.06848,-0.02346,0.71268,0.39735,-0.39357,-0.42343,
1641629371571385088,0.05180,-0.07377,-0.02718,0.69749,0.41864,-0.41149,-0.41100,
1641629371621386240,0.03790,-0.07760,-0.02684,0.68315,0.43569,-0.43124,-0.39687,
1641629371671387136,0.02783,-0.08103,-0.02226,0.67156,0.44637,-0.44410,-0.39055,
1641629371721385216,0.02281,-0.08546,-0.01460,0.66193,0.45631,-0.44868,-0.39027,
1641629371771386112,0.02354,-0.08965,-0.00453,0.65148,0.46584,-0.45262,-0.39204,
1641629371811385088,0.02843,-0.09311,0.00404,0.64354,0.47289,-0.45424,-0.39484,
1641629371871385344,0.04268,-0.09740,0.01621,0.63511,0.47628,-0.45459,-0.40391,
1641629371921385216,0.05977,-0.10072,0.02507,0.63277,0.47183,-0.45406,-0.41330,
1641629371971386112,0.07968,-0.10259,0.03243,0.63497,0.46559,-0.45104,-0.42024,
1641629372021385216,0.10078,-0.10403,0.03796,0.64167,0.45658,-0.44141,-0.43007,
1641629372051385088,0.11318,-0.10512,0.04064,0.64760,0.45059,-0.43189,-0.43710,
1641629372101385216,0.13615,-0.10754,0.04414,0.65887,0.44363,-0.41510,-0.44359,
1641629372151385344,0.16015,-0.11053,0.04735,0.66980,0.43873,-0.40125,-0.44484,
1641629372201386240,0.18359,-0.11325,0.05032,0.68220,0.43103,-0.38855,-0.44480,
1641629372251385088,0.20467,-0.11503,0.05333,0.69463,0.41585,-0.38035,-0.44710,
1641629372301385216,0.22304,-0.11631,0.05616,0.70573,0.39824,-0.37700,-0.44858,
1641629372351385088,0.23738,-0.11751,0.05746,0.71221,0.38241,-0.37919,-0.45026,
1641629372411385344,0.24745,-0.11897,0.05466,0.71655,0.36797,-0.37586,-0.45813,
1641629372491385344,0.24686,-0.11948,0.04293,0.72457,0.36162,-0.36129,-0.46228,
1641629372541385216,0.23903,-0.11886,0.03266,0.73183,0.36833,-0.34953,-0.45452,
1641629372591385088,0.22782,-0.11844,0.02193,0.73638,0.37969,-0.34334,-0.44238,
1641629372641385216,0.21547,-0.11861,0.01236,0.73578,0.39136,-0.34583,-0.43112,
1641629372691386112,0.20256,-0.11930,0.00563,0.73160,0.39944,-0.35988,-0.41915,
1641629372741385216,0.18897,-0.12090,0.00166,0.72294,0.40726,-0.38046,-0.40835,
1641629372791385088,0.17457,-0.12326,-0.00053,0.71084,0.41725,-0.40209,-0.39866,
1641629372841385216,0.15917,-0.12571,-0.00039,0.69738,0.42681,-0.42376,-0.38978,
1641629372891385344,0.14292,-0.12850,0.00089,0.68507,0.44046,-0.43900,-0.37941,
1641629372941385216,0.12694,-0.13128,0.00353,0.67274,0.45494,-0.45319,-0.36751,
1641629372991385344,0.11016,-0.13379,0.00717,0.66135,0.46752,-0.46531,-0.35711,
1641629373041385216,0.09908,-0.13529,0.01421,0.65247,0.47477,-0.47811,-0.34682,
1641629373091385088,0.08826,-0.13595,0.02390,0.64245,0.47822,-0.49236,-0.34080,
1641629373141385216,0.08019,-0.13502,0.03663,0.63231,0.47937,-0.50611,-0.33801,
1641629373191385344,0.07530,-0.13225,0.05200,0.62556,0.47326,-0.51801,-0.34112,
1641629373241386240,0.07432,-0.12713,0.06787,0.62135,0.46286,-0.52534,-0.35172,
1641629373271385088,0.07531,-0.12265,0.07739,0.62037,0.45207,-0.52995,-0.36045,
1641629373321385216,0.07904,-0.11511,0.09243,0.62240,0.42913,-0.53771,-0.37327,
1641629373371385344,0.08607,-0.10709,0.10318,0.63001,0.40407,-0.54016,-0.38477,
1641629373421385216,0.09367,-0.09632,0.10427,0.63772,0.38418,-0.53700,-0.39667,
1641629373471385344,0.10293,-0.08937,0.10146,0.64595,0.37207,-0.52852,-0.40618,
1641629373521385216,0.11272,-0.08311,0.09461,0.65741,0.36142,-0.51631,-0.41306,
1641629373571385088,0.12481,-0.07656,0.08405,0.67153,0.35026,-0.49970,-0.42032,
1641629373621385216,0.13504,-0.06935,0.07281,0.68818,0.33597,-0.48315,-0.42437,
1641629373671385344,0.14523,-0.06336,0.06216,0.70481,0.32260,-0.46701,-0.42553,
1641629373721385216,0.15765,-0.05626,0.05075,0.71910,0.30960,-0.45560,-0.42363,
1641629373771385088,0.16997,-0.04949,0.04099,0.73275,0.29782,-0.44368,-0.42134,
1641629373821385216,0.18168,-0.04316,0.03318,0.74535,0.28808,-0.42855,-0.42166,
1641629373871385344,0.19277,-0.03758,0.02805,0.75731,0.28129,-0.40758,-0.42572,
1641629373921385216,0.20319,-0.03275,0.02680,0.76859,0.27699,-0.38319,-0.43093,
1641629373971385344,0.21273,-0.02937,0.02969,0.77539,0.27618,-0.35736,-0.44135,
1641629374021385216,0.22124,-0.02759,0.03703,0.77822,0.27701,-0.33124,-0.45598,
1641629374051385088,0.22529,-0.02718,0.04312,0.77840,0.27904,-0.31602,-0.46515,
1641629374101386240,0.23126,-0.02809,0.05568,0.77550,0.28531,-0.29255,-0.48126,
1641629374151385344,0.23532,-0.03044,0.07031,0.76858,0.29252,-0.27170,-0.49990,
1641629374201385216,0.23750,-0.03404,0.08605,-0.75858,-0.29927,0.25394,0.52009,
1641629374251385088,0.23712,-0.03882,0.10176,-0.74777,-0.30784,0.23909,0.53750,
1641629374301385216,0.23400,-0.04440,0.11569,-0.73709,-0.31923,0.22535,0.55136,
1641629374401385216,0.22290,-0.05462,0.13261,-0.72335,-0.34558,0.20705,0.56078,
1641629374491385344,0.20701,-0.06055,0.12946,-0.71971,-0.36880,0.20039,0.55303,
1641629374541385216,0.19676,-0.06203,0.12046,-0.72117,-0.38191,0.20364,0.54092,
1641629374591385088,0.18628,-0.06257,0.10720,-0.72344,-0.39298,0.21056,0.52713,
1641629374641385216,0.17502,-0.06224,0.09062,-0.72774,-0.40128,0.22034,0.51070,
1641629374691385344,0.16316,-0.06158,0.07199,0.73555,0.40943,-0.22882,-0.48886,
1641629374741386240,0.15127,-0.06140,0.05337,0.74356,0.41651,-0.24094,-0.46430,
1641629374791385088,0.14027,-0.06217,0.03631,0.74887,0.42020,-0.25996,-0.44164,
1641629374841385216,0.13047,-0.06468,0.02132,0.74824,0.42049,-0.28502,-0.42672,
1641629374891385344,0.12135,-0.06842,0.00923,0.74266,0.42073,-0.31401,-0.41574,
1641629374941385216,0.11203,-0.07279,0.00065,0.73654,0.41882,-0.34383,-0.40481,
1641629374991385344,0.10246,-0.07793,-0.00561,0.72740,0.41945,-0.37075,-0.39685,
1641629375041385216,0.09326,-0.08465,-0.00894,0.71737,0.42125,-0.39521,-0.38953,
1641629375091385088,0.08389,-0.09075,-0.00920,0.70568,0.42688,-0.41899,-0.37978,
1641629375141385216,0.07615,-0.09757,-0.00567,0.69323,0.43581,-0.44320,-0.36479,
1641629375191385344,0.06940,-0.10444,0.00090,0.68091,0.44756,-0.46264,-0.34931,
1641629375241385216,0.06349,-0.11093,0.01009,0.66895,0.46005,-0.47238,-0.34309,
1641629375271386112,0.05948,-0.11354,0.01717,0.66273,0.46569,-0.47547,-0.34329,
1641629375321385216,0.05513,-0.11757,0.03184,0.65336,0.47145,-0.47984,-0.34729,
1641629375371385344,0.05307,-0.12036,0.04861,0.64064,0.47624,-0.48674,-0.35477,
1641629375421385216,0.05434,-0.12315,0.06618,0.62800,0.47844,-0.49305,-0.36553,
1641629375471385344,0.05405,-0.12129,0.08231,0.61795,0.47625,-0.49753,-0.37918,
1641629375521385216,0.05727,-0.11949,0.09656,0.60957,0.47153,-0.50032,-0.39466,
1641629375571386368,0.06257,-0.11645,0.10788,0.60513,0.46485,-0.50145,-0.40776,
1641629375621385216,0.06808,-0.10991,0.11556,0.60488,0.45570,-0.50170,-0.41804,
1641629375671385344,0.07585,-0.10214,0.11986,0.60877,0.44656,-0.50144,-0.42253,
1641629375721385216,0.08572,-0.09284,0.12140,0.61490,0.43394,-0.50484,-0.42276,
1641629375771387392,0.09612,-0.08255,0.11965,0.62248,0.41924,-0.50689,-0.42405,
1641629375821385216,0.10897,-0.07068,0.11430,0.63209,0.40129,-0.50868,-0.42506,
1641629375871387136,0.12172,-0.05780,0.10449,0.64400,0.38606,-0.50555,-0.42501,
1641629375921385216,0.13472,-0.04765,0.09246,0.65581,0.37666,-0.50068,-0.42113,
1641629375971385344,0.14760,-0.03696,0.07992,0.67053,0.36899,-0.49506,-0.41128,
1641629376021385216,0.16081,-0.02909,0.06923,0.68471,0.35846,-0.48893,-0.40449,
1641629376101385216,0.17940,-0.01758,0.05170,0.71039,0.33853,-0.46459,-0.40607,
1641629376151385344,0.18975,-0.01089,0.04492,0.72752,0.32342,-0.44454,-0.41049,
1641629376201385216,0.19919,-0.00504,0.04264,0.74119,0.31062,-0.42434,-0.41725,
1641629376251385088,0.20701,-0.00114,0.04391,0.75238,0.30451,-0.39805,-0.42750,
1641629376301385216,0.21317,0.00129,0.04932,0.76012,0.30285,-0.37299,-0.43747,
1641629376351385088,0.21735,0.00231,0.05891,0.76584,0.30285,-0.34927,-0.44698,
1641629376401385216,0.21950,0.00147,0.07118,0.76669,0.30531,-0.32977,-0.45850,
1641629376491385344,0.21968,-0.00599,0.09509,0.75919,0.31736,-0.30710,-0.47812,
1641629376591387392,0.21004,-0.01555,0.11396,0.74702,0.32989,-0.28925,-0.49946,
1641629376691385344,0.18997,-0.02109,0.11471,-0.74195,-0.34581,0.28123,0.50083,
1641629376741386240,0.17636,-0.02031,0.10741,0.74149,0.35458,-0.28360,-0.49400,
1641629376791386112,0.16075,-0.01768,0.09644,0.74286,0.35772,-0.29378,-0.48362,
1641629376841385216,0.14308,-0.01389,0.08098,0.74580,0.36115,-0.30551,-0.46906,
1641629376891385344,0.12305,-0.00988,0.06166,0.75275,0.36489,-0.31648,-0.44729,
1641629376941385216,0.10079,-0.00637,0.04015,0.75893,0.37012,-0.32581,-0.42530,
1641629377041386240,0.05563,-0.00721,0.00021,0.76545,0.38360,-0.34124,-0.38792,
1641629377091385088,0.03222,-0.00935,-0.01525,0.76419,0.38932,-0.35207,-0.37483,
1641629377141385216,0.00997,-0.01326,-0.02622,0.75942,0.39583,-0.36404,-0.36617,
1641629377191385344,-0.00973,-0.01811,-0.03216,0.75018,0.40203,-0.37875,-0.36353,
1641629377241385216,-0.02710,-0.02242,-0.03276,0.73976,0.40681,-0.39460,-0.36270,
1641629377271386112,-0.03687,-0.02313,-0.03129,0.73472,0.40946,-0.40193,-0.36191,
1641629377321386240,-0.04882,-0.02476,-0.02424,0.72708,0.41419,-0.40812,-0.36501,
1641629377371385344,-0.05669,-0.02346,-0.01284,0.72084,0.41380,-0.40767,-0.37811,
1641629377421385216,-0.06006,-0.01898,0.00194,0.71584,0.40716,-0.40104,-0.40120,
1641629377471385344,-0.05893,-0.01085,0.01967,0.71231,0.39017,-0.39472,-0.42962,
1641629377521385216,-0.05332,0.00074,0.03896,0.71112,0.36286,-0.39269,-0.45655,
1641629377571386368,-0.04398,0.01478,0.05745,0.71167,0.32940,-0.39261,-0.48049,
1641629377621385216,-0.03138,0.03050,0.07317,-0.71415,-0.29213,0.38786,0.50420,
1641629377671385344,-0.01670,0.04725,0.08416,-0.72063,-0.25354,0.37395,0.52590,
1641629377721385216,-0.00034,0.06423,0.08981,-0.73155,-0.21592,0.35378,0.54135,
1641629377771385088,0.01665,0.08005,0.08852,-0.74319,-0.18793,0.32862,0.55169,
1641629377871385344,0.05466,0.10503,0.07225,-0.76811,-0.13789,0.26785,0.56502,
1641629377921385216,0.07370,0.11718,0.05844,-0.77894,-0.10850,0.23295,0.57203,
1641629377971385344,0.09501,0.12707,0.04415,-0.79152,-0.08144,0.20369,0.57042,
1641629378051385088,0.12539,0.14029,0.01621,-0.80790,-0.04534,0.16762,0.56316,
1641629378151385344,0.16245,0.15104,-0.01431,-0.82678,-0.00242,0.11686,0.55025,
1641629378201385216,0.17776,0.15662,-0.02453,-0.83388,0.01430,0.08902,0.54454,
1641629378251385088,0.19197,0.16154,-0.02805,-0.83787,0.02767,0.06493,0.54129,
1641629378301385216,0.20484,0.16582,-0.02450,-0.83816,0.03946,0.04314,0.54228,
1641629378351385088,0.21655,0.16876,-0.01409,-0.83472,0.05044,0.02334,0.54786,
1641629378401385216,0.22633,0.17056,0.00178,-0.82659,0.06223,0.00234,0.55935,
1641629378441385216,0.23198,0.17176,0.01675,-0.81756,0.07143,-0.01488,0.57120,
1641629378491385344,0.23761,0.17082,0.03878,-0.80376,0.08230,-0.03388,0.58826,
1641629378541385216,0.23965,0.16878,0.06147,-0.78666,0.08952,-0.05057,0.60876,
1641629378591385088,0.23820,0.16643,0.08301,-0.77131,0.08801,-0.06357,0.62713,
1641629378641385216,0.23349,0.16478,0.10170,-0.75956,0.08047,-0.07539,0.64102,
1641629378691385344,0.23102,0.16146,0.11924,-0.74795,0.07462,-0.09041,0.65332,
1641629378741385216,0.21782,0.16534,0.12647,-0.73945,0.06919,-0.09983,0.66217,
1641629378791385088,0.20528,0.16832,0.12789,-0.73617,0.05846,-0.10025,0.66677,
1641629378841385216,0.19205,0.17250,0.12315,-0.73649,0.04701,-0.09427,0.66820,
1641629378891385344,0.18141,0.17659,0.11344,-0.73923,0.03582,-0.08385,0.66725,
1641629378941386240,0.16268,0.18735,0.09606,-0.74839,0.02596,-0.06850,0.65920,
1641629379041385216,0.13285,0.20096,0.05841,-0.77328,0.00244,-0.03834,0.63290,
1641629379141385216,0.09731,0.21230,0.01772,-0.79735,-0.03268,-0.00396,0.60262,
1641629379191385344,0.07566,0.21892,-0.00424,-0.80762,-0.05572,0.01414,0.58689,
1641629379241385216,0.05245,0.22518,-0.02550,-0.81542,-0.07846,0.03111,0.57269,
1641629379321385216,0.01752,0.22634,-0.05402,-0.82262,-0.12507,0.06821,0.55045,
1641629379371385344,-0.00586,0.22379,-0.07039,-0.82228,-0.16364,0.10482,0.53487,
1641629379421385216,-0.02895,0.21916,-0.08555,-0.81866,-0.20342,0.14056,0.51832,
1641629379521385216,-0.06773,0.20353,-0.10829,0.80090,0.28069,-0.20039,-0.48950,
1641629379571385088,-0.08866,0.19915,-0.11775,0.78941,0.31229,-0.22982,-0.47591,
1641629379621385216,-0.10862,0.19471,-0.12399,0.77738,0.34002,-0.26154,-0.46007,
1641629379671385344,-0.12674,0.18949,-0.12583,0.76274,0.36708,-0.29120,-0.44574,
1641629379721385216,-0.14217,0.18394,-0.12257,0.74602,0.39253,-0.31604,-0.43531,
1641629379771385088,-0.15408,0.17868,-0.11465,0.72738,0.40998,-0.33751,-0.43465,
1641629379821385216,-0.16237,0.17473,-0.10334,0.70953,0.41784,-0.35746,-0.44069,
1641629379871385344,-0.16704,0.17228,-0.08974,0.69537,0.41711,-0.37554,-0.44884,
1641629379921385216,-0.16894,0.17236,-0.07484,0.68518,0.41135,-0.39232,-0.45542,
1641629379971385344,-0.16921,0.17438,-0.06008,0.67882,0.40246,-0.40432,-0.46234,
1641629380021385216,-0.16823,0.17918,-0.04548,0.67608,0.39410,-0.41163,-0.46708,
1641629380101386240,-0.16150,0.18424,-0.02463,0.67501,0.39209,-0.40964,-0.47204,
1641629380201385216,-0.14808,0.18976,-0.00791,0.67665,0.39756,-0.39697,-0.47592,
1641629380301385216,-0.13013,0.19949,-0.00428,0.68431,0.39007,-0.39161,-0.47562,
1641629380351385088,-0.12231,0.20842,-0.01238,0.68271,0.38873,-0.38267,-0.48617,
1641629380401385216,-0.11547,0.21928,-0.02464,0.68578,0.38217,-0.37170,-0.49546,
1641629380441385216,-0.11211,0.23040,-0.03866,0.69130,0.37478,-0.36293,-0.49993,
1641629380491385344,-0.10804,0.24272,-0.06128,-0.70075,-0.36414,0.34954,0.50417,
1641629380541385216,-0.10480,0.25326,-0.09229,-0.70609,-0.35570,0.33621,0.51174,
1641629380591385088,-0.10380,0.26131,-0.12921,-0.71351,-0.34721,0.32142,0.51677,
1641629380641385216,-0.10516,0.26520,-0.16914,-0.71705,-0.33902,0.31087,0.52370,
1641629380691385344,-0.10949,0.26693,-0.20874,-0.72502,-0.32949,0.30541,0.52202,
1641629380741385216,-0.11662,0.26730,-0.24593,-0.73718,-0.31536,0.30831,0.51191,
1641629380791385088,-0.12594,0.26541,-0.28070,-0.74414,-0.30957,0.31217,0.50296,
1641629380841385216,-0.13836,0.26273,-0.31270,0.74590,0.31015,-0.31517,-0.49810,
1641629380891385344,-0.15486,0.26148,-0.34106,0.74963,0.31329,-0.31783,-0.48877,
1641629380941385216,-0.17511,0.26188,-0.36671,0.75280,0.32380,-0.31690,-0.47751,
1641629380991385344,-0.19859,0.26398,-0.38878,0.75407,0.33128,-0.31352,-0.47258,
1641629381041385216,-0.22393,0.26710,-0.40727,0.74700,0.34403,-0.31274,-0.47521,
1641629381091385088,-0.25041,0.27222,-0.42176,0.73546,0.35063,-0.32091,-0.48288,
1641629381141386240,-0.27722,0.27901,-0.43063,0.72451,0.34933,-0.33906,-0.48795,
1641629381191385344,-0.30256,0.28713,-0.43528,0.70851,0.34826,-0.36800,-0.49122,
1641629381241385216,-0.32759,0.29713,-0.43747,0.69572,0.35673,-0.38953,-0.48680,
1641629381271385088,-0.34475,0.30577,-0.43834,0.69119,0.36060,-0.39571,-0.48543,
1641629381321385216,-0.36879,0.31698,-0.43384,0.68524,0.36108,-0.40130,-0.48890,
1641629381371385344,-0.38864,0.32694,-0.42382,0.67619,0.35944,-0.41028,-0.49521,
1641629381421385216,-0.40272,0.33617,-0.40984,-0.66540,-0.35542,0.42081,0.50382,
1641629381471385344,-0.41028,0.34481,-0.39467,-0.65614,-0.35235,0.42460,0.51482,
1641629381521385216,-0.41220,0.35358,-0.38110,-0.65292,-0.35075,0.41832,0.52505,
1641629381571386368,-0.40871,0.36283,-0.37002,-0.65251,-0.34740,0.40566,0.53757,
1641629381621385216,-0.40165,0.37368,-0.36205,-0.65678,-0.34402,0.38780,0.54763,
1641629381671385344,-0.39234,0.38681,-0.35687,-0.66638,-0.33781,0.36487,0.55561,
1641629381721385216,-0.38242,0.40196,-0.35402,-0.68052,-0.32537,0.33662,0.56366,
1641629381771385088,-0.37245,0.41752,-0.35341,-0.69298,-0.30973,0.30590,0.57469,
1641629381821385216,-0.36394,0.43211,-0.35476,-0.70273,-0.29461,0.27610,0.58578,
1641629381871385344,-0.35853,0.44518,-0.35826,-0.71034,-0.28613,0.24816,0.59326,
1641629381921386240,-0.35723,0.45540,-0.36358,-0.71306,-0.28307,0.22903,0.59914,
1641629381971387136,-0.36141,0.46269,-0.36982,-0.71752,-0.27917,0.22243,0.59813,
1641629382051385088,-0.37681,0.46235,-0.38036,-0.72011,-0.27542,0.24545,0.58765,
1641629382101385216,-0.39561,0.45891,-0.39134,-0.72013,-0.28626,0.26675,0.57299,
1641629382151385344,-0.41911,0.45204,-0.40461,-0.71709,-0.30216,0.28883,0.55772,
1641629382201385216,-0.44532,0.44216,-0.41857,-0.71312,-0.32201,0.31376,0.53788,
1641629382251385088,-0.47221,0.42950,-0.43216,-0.70601,-0.34408,0.34544,0.51365,
1641629382301385216,-0.49836,0.41486,-0.44549,0.69571,0.36895,-0.38019,-0.48510,
1641629382351385088,-0.52255,0.40013,-0.45854,0.68392,0.39567,-0.40893,-0.45660,
1641629382401385216,-0.54428,0.38764,-0.47083,0.67531,0.41295,-0.43009,-0.43410,
1641629382441385216,-0.55983,0.38143,-0.48134,0.67061,0.42902,-0.43805,-0.41754,
1641629382491386112,-0.57319,0.37768,-0.49362,0.66447,0.45428,-0.43540,-0.40316,
1641629382541385216,-0.58098,0.38277,-0.50268,0.66250,0.46435,-0.42784,-0.40302,
1641629382591386368,-0.58404,0.39742,-0.50565,0.67160,0.45131,-0.42293,-0.40794,
1641629382641386240,-0.58097,0.41888,-0.50407,0.67972,0.43140,-0.42321,-0.41565,
1641629382691385344,-0.57309,0.44529,-0.50134,0.68671,0.40784,-0.42134,-0.42961,
1641629382741385216,-0.56302,0.47427,-0.50072,0.69969,0.38714,-0.40312,-0.44503,
1641629382791385088,-0.55290,0.50340,-0.50301,0.71565,0.36829,-0.36600,-0.46717,
1641629382841385216,-0.54364,0.52935,-0.50659,0.72873,0.34713,-0.32462,-0.49303,
1641629382891385344,-0.53661,0.54962,-0.50880,-0.73918,-0.32734,0.29530,0.50918,
1641629382941385216,-0.53341,0.56147,-0.50833,-0.74254,-0.30632,0.29171,0.51934,
1641629382991386112,-0.53790,0.56333,-0.50786,-0.74165,-0.29144,0.30219,0.52316,
1641629383041385216,-0.55148,0.55481,-0.51027,-0.73749,-0.29642,0.31730,0.51726,
1641629383091385088,-0.57228,0.53724,-0.51642,-0.72830,-0.32474,0.33398,0.50258,
1641629383141385216,-0.59693,0.51421,-0.52472,0.71411,0.36347,-0.35108,-0.48443,
1641629383191385344,-0.62207,0.48997,-0.53243,0.69700,0.38800,-0.37626,-0.47125,
1641629383241385216,-0.64518,0.46861,-0.53964,0.68357,0.40647,-0.40363,-0.45233,
1641629383271385088,-0.65891,0.46116,-0.54511,0.67734,0.41790,-0.41706,-0.43891,
1641629383321385216,-0.67302,0.45571,-0.55270,0.66885,0.43729,-0.42687,-0.42332,
1641629383371385344,-0.68048,0.46656,-0.55952,0.67204,0.44199,-0.41843,-0.42181,
1641629383421385216,-0.67980,0.49354,-0.56193,0.68997,0.41935,-0.40321,-0.43071,
1641629383471385344,-0.66979,0.53143,-0.55912,0.70813,0.38067,-0.38863,-0.45013,
1641629383521385216,-0.65462,0.57266,-0.55620,0.72227,0.34378,-0.35375,-0.48478,
1641629383571385088,-0.64089,0.61004,-0.55223,-0.74043,-0.28873,0.30430,0.52517,
1641629383621385216,-0.63308,0.63402,-0.54858,-0.74774,-0.24571,0.26688,0.55613,
1641629383671385344,-0.63473,0.63925,-0.54670,-0.74560,-0.23555,0.26987,0.56194,
1641629383721385216,-0.64864,0.62659,-0.55001,-0.73777,-0.25803,0.29647,0.54884,
1641629383771385088,-0.67306,0.60020,-0.56085,-0.72913,-0.30262,0.32314,0.52189,
1641629383821385216,-0.70172,0.56460,-0.57871,0.71800,0.36133,-0.34171,-0.48698,
1641629383871385344,-0.72615,0.52806,-0.59851,0.70031,0.42263,-0.35546,-0.45232,
1641629383921385216,-0.74090,0.50272,-0.61302,0.67884,0.46506,-0.36857,-0.43250,
1641629383971386112,-0.74674,0.49967,-0.61814,0.66877,0.47027,-0.37853,-0.43394,
1641629384021385216,-0.74593,0.52159,-0.61592,0.68266,0.43645,-0.37676,-0.44894,
1641629384051385088,-0.74395,0.54545,-0.61468,0.69701,0.41328,-0.36476,-0.45861,
1641629384101385216,-0.73037,0.58944,-0.60959,0.72056,0.37095,-0.33648,-0.47954,
1641629384151385344,-0.71108,0.63279,-0.60177,-0.74537,-0.30833,0.31056,0.50290,
1641629384201385216,-0.69063,0.66406,-0.59375,-0.76154,-0.25530,0.29529,0.51738,
1641629384251385088,-0.67442,0.67650,-0.59034,-0.76209,-0.24105,0.28764,0.52762,
1641629384301386240,-0.66630,0.67368,-0.59607,-0.76009,-0.26258,0.27441,0.52727,
1641629384351385088,-0.66652,0.66229,-0.61356,-0.75934,-0.30115,0.25039,0.51963,
1641629384401385216,-0.67825,0.64818,-0.63770,-0.76801,-0.33310,0.22003,0.50079,
1641629384491385344,-0.72143,0.59508,-0.65719,0.76494,0.37297,-0.25871,-0.45698,
1641629384541385216,-0.74820,0.55595,-0.65783,0.72687,0.42243,-0.32428,-0.43365,
1641629384591385088,-0.76910,0.52600,-0.65905,0.69097,0.46949,-0.36801,-0.40830,
1641629384641388288,-0.78355,0.51762,-0.66201,0.68081,0.48830,-0.37979,-0.39219,
1641629384691385344,-0.78724,0.53625,-0.66614,0.68665,0.48520,-0.36881,-0.39632,
1641629384891385344,-0.71583,0.68629,-0.63243,0.78025,0.24836,-0.28330,-0.49926,
1641629384941388032,-0.71028,0.68279,-0.63321,0.77774,0.26517,-0.27521,-0.49907,
1641629384991385344,-0.71355,0.65995,-0.64568,0.77090,0.30622,-0.26235,-0.49307,
1641629385041385216,-0.72515,0.62931,-0.66802,0.76628,0.35850,-0.24765,-0.47220,
1641629385091385088,-0.74503,0.59849,-0.68893,0.76113,0.40237,-0.24362,-0.44656,
1641629385241385216,-0.80299,0.53809,-0.64676,0.69584,0.44664,-0.36057,-0.43164,
1641629385271385088,-0.81219,0.54189,-0.62400,0.68497,0.43097,-0.38771,-0.44131,
1641629385321385216,-0.81389,0.54945,-0.58195,0.66910,0.40393,-0.42208,-0.45934,
1641629385371385344,-0.80440,0.55809,-0.54700,0.64871,0.38920,-0.44245,-0.48161,
1641629385421385216,-0.79065,0.56514,-0.52686,-0.62832,-0.38235,0.44569,0.51027,
1641629385471385344,-0.78039,0.57313,-0.52358,-0.63156,-0.37759,0.42588,0.52648,
1641629385521385216,-0.77513,0.57985,-0.53728,-0.65546,-0.37535,0.39537,0.52265,
1641629385571385088,-0.77131,0.58335,-0.56667,-0.68614,-0.38030,0.36574,0.50082,
1641629385621385216,-0.76594,0.58319,-0.60792,0.72072,0.39347,-0.33465,-0.46233,
1641629385671385344,-0.75795,0.57994,-0.65218,0.75022,0.40840,-0.29792,-0.42618,
1641629385721385216,-0.75033,0.57539,-0.68618,0.77123,0.41463,-0.26631,-0.40294,
1641629385771385088,-0.74806,0.57173,-0.69828,0.78299,0.41406,-0.25359,-0.38881,
1641629385871385344,-0.75209,0.56470,-0.64848,0.74484,0.41579,-0.31082,-0.41920,
1641629385921385216,-0.75881,0.56743,-0.60455,0.71277,0.41405,-0.34006,-0.45264,
1641629385971385344,-0.76206,0.56978,-0.55972,0.68155,0.39649,-0.36931,-0.49183,
1641629386021385216,-0.76138,0.57007,-0.52617,-0.65553,-0.37668,0.40028,0.51785,
1641629386051385088,-0.76263,0.57135,-0.51672,-0.64662,-0.37237,0.41465,0.52086,
1641629386101385216,-0.76103,0.56822,-0.51922,-0.64447,-0.38588,0.42232,0.50735,
1641629386151385344,-0.76084,0.56552,-0.54576,0.66342,0.40785,-0.40443,-0.47954,
1641629386201385216,-0.76039,0.56297,-0.58901,0.69899,0.41804,-0.37053,-0.44649,
1641629386251385088,-0.75728,0.56035,-0.63442,0.73502,0.42518,-0.33647,-0.40713,
1641629386301385216,-0.75396,0.55882,-0.66270,0.76202,0.42747,-0.31668,-0.36920,
1641629386351387136,-0.75125,0.55890,-0.66558,0.77192,0.41832,-0.31592,-0.35965,
1641629386441385216,-0.73158,0.56024,-0.63559,0.74542,0.40818,-0.33526,-0.40662,
1641629386491385344,-0.71625,0.56705,-0.62600,0.73922,0.40403,-0.32489,-0.42983,
1641629386541385216,-0.69865,0.57381,-0.63124,0.74748,0.40184,-0.28837,-0.44344,
1641629386591386368,-0.68459,0.57703,-0.65031,0.77163,0.39711,-0.24122,-0.43440,
1641629386641386240,-0.68056,0.57229,-0.67127,0.79245,0.39313,-0.21230,-0.41521,
1641629386841385216,-0.72149,0.48549,-0.61210,0.69646,0.47498,-0.39941,-0.36029,
1641629386891385344,-0.71645,0.48848,-0.60468,0.68000,0.48750,-0.42180,-0.34931,
1641629386941386240,-0.70466,0.51126,-0.61056,0.69540,0.47395,-0.38324,-0.38068,
1641629387091387392,-0.63823,0.59357,-0.59332,0.78355,0.30470,-0.24963,-0.48052,
1641629387141385216,-0.62806,0.58697,-0.58316,0.77823,0.29653,-0.27508,-0.48038,
1641629387191386112,-0.63051,0.55857,-0.58270,0.76396,0.31960,-0.30918,-0.46757,
1641629387241386240,-0.64391,0.51608,-0.59521,0.75249,0.37058,-0.32923,-0.43363,
1641629387271385088,-0.65603,0.48826,-0.60847,0.74534,0.41090,-0.33696,-0.40260,
1641629387471387136,-0.65541,0.33425,-0.65084,0.65582,0.59189,-0.37655,-0.27887,
1641629387521385216,-0.64655,0.34713,-0.64619,0.66961,0.57164,-0.36625,-0.30119,
1641629387671385344,-0.56810,0.44144,-0.59609,0.74078,0.44267,-0.28743,-0.41554,
1641629387821385216,-0.44617,0.50610,-0.50043,0.79130,0.30988,-0.21841,-0.47971,
1641629387871386368,-0.41727,0.50573,-0.44927,-0.78227,-0.28582,0.22182,0.50710,
1641629387921385216,-0.39743,0.49640,-0.39075,-0.76320,-0.28432,0.22571,0.53455,
1641629387971385344,-0.38522,0.48473,-0.32806,-0.74724,-0.29028,0.22162,0.55521,
1641629388021385216,-0.37707,0.46973,-0.26348,-0.73000,-0.30088,0.21721,0.57393,
1641629388051385088,-0.37527,0.46237,-0.22594,-0.71713,-0.30895,0.21765,0.58558,
1641629388101385216,-0.36801,0.44244,-0.16291,-0.69726,-0.31653,0.22242,0.60347,
1641629388151385344,-0.36533,0.42108,-0.10443,-0.68115,-0.31203,0.23317,0.61993,
1641629388201385216,-0.35921,0.40054,-0.05530,-0.67432,-0.30157,0.24311,0.62868,
1641629388251385088,-0.35036,0.38276,-0.01784,-0.67219,-0.29208,0.25047,0.63255,
1641629388301385216,-0.33876,0.36930,0.00758,-0.67663,-0.27642,0.25681,0.63230,
1641629388351385088,-0.32761,0.35936,0.02171,-0.69070,-0.26247,0.26344,0.62020,
1641629388401385216,-0.31672,0.35103,0.02470,-0.70307,-0.25557,0.27490,0.60399,
1641629388441385216,-0.31129,0.34632,0.01916,-0.71584,-0.25075,0.28251,0.58727,
1641629388491385344,-0.30823,0.34131,0.00475,-0.72796,-0.24366,0.28441,0.57430,
1641629388541385216,-0.31336,0.34160,-0.01811,-0.74179,-0.23788,0.26937,0.56621,
1641629388591385088,-0.32099,0.34434,-0.04645,-0.76095,-0.22830,0.24873,0.55404,
1641629388641385216,-0.32779,0.34621,-0.07878,-0.78026,-0.22603,0.23499,0.53374,
1641629388691385344,-0.33053,0.34596,-0.11184,-0.79613,-0.21551,0.23005,0.51654,
1641629388741385216,-0.32856,0.34496,-0.14194,-0.80880,-0.20731,0.22337,0.50296,
1641629388791385088,-0.32160,0.34749,-0.16481,0.81886,0.19918,-0.21513,-0.49348,
1641629388841385216,-0.31116,0.35151,-0.17830,0.82663,0.18861,-0.20480,-0.48904,
1641629388891385344,-0.29855,0.35818,-0.18105,0.83737,0.17421,-0.19137,-0.48150,
1641629388941385216,-0.28349,0.36384,-0.17389,0.84445,0.16077,-0.16940,-0.48204,
1641629388991385344,-0.26943,0.36684,-0.15659,0.84311,0.15363,-0.14384,-0.49485,
1641629389041385216,-0.25778,0.36634,-0.13135,-0.83182,-0.15323,0.12226,0.51928,
1641629389091385088,-0.25034,0.36242,-0.10049,-0.81528,-0.15818,0.10981,0.54612,
1641629389141385216,-0.24887,0.35792,-0.06774,-0.79954,-0.16563,0.10060,0.56850,
1641629389191385344,-0.25029,0.35218,-0.03547,-0.78301,-0.17201,0.09657,0.58990,
1641629389241385216,-0.25496,0.34585,-0.00529,-0.76497,-0.17850,0.10292,0.61022,
1641629389271385088,-0.26083,0.34343,0.00923,-0.75289,-0.18403,0.11195,0.62189,
1641629389321385216,-0.26958,0.33498,0.03071,-0.73298,-0.19534,0.12877,0.63875,
1641629389371385344,-0.28122,0.32767,0.04234,-0.71364,-0.21556,0.13633,0.65243,
1641629389471385344,-0.30027,0.31513,0.04057,-0.69374,-0.24265,0.16319,0.65819,
1641629389521385216,-0.31323,0.31725,0.02330,-0.69668,-0.25480,0.18816,0.64367,
1641629389571385088,-0.32742,0.32260,-0.00539,-0.70755,-0.27404,0.21108,0.61622,
1641629389671386368,-0.35021,0.33085,-0.09147,-0.72055,-0.30893,0.25193,0.56737,
1641629389771385088,-0.36815,0.32865,-0.20379,-0.72313,-0.32232,0.30064,0.53180,
1641629389821387264,-0.37418,0.32372,-0.26248,-0.71981,-0.33402,0.32625,0.51368,
1641629389871386368,-0.38004,0.31507,-0.31596,0.72469,0.34593,-0.33360,-0.49384,
1641629389921385216,-0.38677,0.30395,-0.36067,0.73962,0.35209,-0.32771,-0.47076,
1641629389971385344,-0.39210,0.29079,-0.39470,0.74742,0.35891,-0.32437,-0.45533,
1641629390021388288,-0.39688,0.27827,-0.41980,0.75111,0.37751,-0.31493,-0.44061,
1641629390051385088,-0.40160,0.27340,-0.43126,0.75096,0.38608,-0.30903,-0.43761,
1641629390101385216,-0.40627,0.26329,-0.44156,0.74885,0.39079,-0.30615,-0.43907,
1641629390151386368,-0.41317,0.25558,-0.44729,0.74887,0.40113,-0.30473,-0.43062,
1641629390201385216,-0.42376,0.24667,-0.44659,0.74710,0.41201,-0.30706,-0.42166,
1641629390251385088,-0.43814,0.23559,-0.43789,0.74135,0.41696,-0.32341,-0.41466,
1641629390301385216,-0.45293,0.22027,-0.42496,0.72296,0.44181,-0.34766,-0.40158,
1641629390401385216,-0.46647,0.19894,-0.39816,0.68766,0.46819,-0.38084,-0.40359,
1641629390491385344,-0.45795,0.21664,-0.38978,0.70448,0.44965,-0.34946,-0.42356,
1641629390541385216,-0.44264,0.23846,-0.39003,0.72530,0.42914,-0.31755,-0.43468,
1641629390591385088,-0.41834,0.26138,-0.38930,0.74988,0.39964,-0.29183,-0.43910,
1641629390641387264,-0.38926,0.27959,-0.38955,0.76884,0.37316,-0.26834,-0.44455,
1641629390691385344,-0.36372,0.28708,-0.39317,0.78157,0.35580,-0.23641,-0.45460,
1641629390741386240,-0.34849,0.28256,-0.40086,0.79105,0.35278,-0.20682,-0.45499,
1641629390791385088,-0.34454,0.26864,-0.40983,0.79612,0.36730,-0.19892,-0.43784,
1641629390841386240,-0.35008,0.25139,-0.41237,0.79544,0.38009,-0.22071,-0.41725,
1641629390891386368,-0.36165,0.23830,-0.40254,0.78827,0.39172,-0.25326,-0.40130,
1641629390941388032,-0.37518,0.23255,-0.37799,0.77367,0.40583,-0.27641,-0.40042,
1641629390991386112,-0.38718,0.23418,-0.33649,0.75705,0.41333,-0.28799,-0.41604,
1641629391041385216,-0.39382,0.24115,-0.27755,0.73468,0.42055,-0.29495,-0.44316,
1641629391091385088,-0.39380,0.24962,-0.20479,0.70953,0.42506,-0.30069,-0.47484,
1641629391141385216,-0.38678,0.25601,-0.12391,-0.68094,-0.42652,0.31377,0.50592,
1641629391191385344,-0.37429,0.25947,-0.04165,-0.65420,-0.42397,0.32791,0.53361,
1641629391241385216,-0.35822,0.26061,0.03587,-0.63394,-0.42032,0.33511,0.55602,
1641629391271385088,-0.35004,0.26224,0.07744,-0.62673,-0.41492,0.33582,0.56769,
1641629391321385216,-0.33189,0.25924,0.13956,-0.61762,-0.39862,0.33411,0.58993,
1641629391371390464,-0.31391,0.25453,0.18777,-0.61037,-0.38595,0.32718,0.60946,
1641629391421385216,-0.29670,0.24892,0.22113,-0.60945,-0.36933,0.32161,0.62349,
1641629391471385344,-0.28137,0.24225,0.23816,-0.61599,-0.36402,0.30994,0.62608,
1641629391521385216,-0.26717,0.23557,0.24043,-0.62965,-0.35960,0.29520,0.62216,
1641629391571385088,-0.25384,0.22874,0.23032,-0.64060,-0.35186,0.27323,0.62544,
1641629391671385344,-0.22404,0.21733,0.19827,-0.67462,-0.30128,0.22268,0.63602,
1641629391721385216,-0.20915,0.21778,0.17954,-0.70245,-0.27746,0.19855,0.62462,
1641629391771385088,-0.18937,0.22122,0.16126,-0.72552,-0.25800,0.17606,0.61324,
1641629391871385344,-0.13344,0.23419,0.13924,-0.76240,-0.18826,0.10067,0.61088,
1641629391921385216,-0.10612,0.24381,0.13530,-0.76853,-0.13683,0.06729,0.62138,
1641629392021385216,-0.07760,0.25311,0.14097,-0.77165,-0.05739,0.04333,0.63197,
1641629392101385216,-0.10534,0.24506,0.13578,-0.77073,-0.10583,0.05702,0.62572,
1641629392151385344,-0.14190,0.23357,0.12697,-0.76441,-0.16072,0.09518,0.61707,
1641629392201385216,-0.18280,0.21769,0.11579,-0.75926,-0.22261,0.14635,0.59376,
1641629392251385088,-0.21935,0.20090,0.10429,-0.75280,-0.29373,0.18794,0.55830,
1641629392351386368,-0.25185,0.17453,0.09665,-0.73508,-0.36061,0.24294,0.52019,
1641629392401385216,-0.25302,0.17394,0.09582,-0.72571,-0.37328,0.24564,0.52314,
1641629392441386240,-0.25001,0.17943,0.09469,-0.71856,-0.37618,0.23968,0.53358,
1641629392491385344,-0.24001,0.18888,0.09356,-0.72097,-0.36678,0.22909,0.54148,
1641629392541385216,-0.22881,0.19988,0.08899,-0.73155,-0.35117,0.22210,0.54054,
1641629392591386368,-0.21944,0.20963,0.07680,-0.73846,-0.33723,0.21921,0.54120,
1641629392691385344,-0.20334,0.20999,0.02188,-0.73656,-0.32512,0.22968,0.54683,
1641629392741385216,-0.20460,0.20575,-0.02406,-0.73672,-0.33257,0.24293,0.53631,
1641629392791385088,-0.20837,0.19567,-0.07683,-0.73401,-0.33597,0.26316,0.52830,
1641629392841385216,-0.21404,0.18142,-0.13370,-0.73483,-0.34134,0.28661,0.51124,
1641629392891385344,-0.22140,0.16378,-0.19168,0.73779,0.35877,-0.30116,-0.48606,
1641629392941385216,-0.22896,0.14490,-0.24644,0.74408,0.37682,-0.30078,-0.46247,
1641629392991385344,-0.23636,0.12669,-0.29366,0.75696,0.39104,-0.28478,-0.43932,
1641629393041385216,-0.24531,0.10782,-0.32651,0.77402,0.39390,-0.27034,-0.41551,
1641629393091385088,-0.25313,0.08536,-0.34366,0.77516,0.40600,-0.27486,-0.39842,
1641629393141385216,-0.25561,0.06366,-0.34920,0.75365,0.44096,-0.29403,-0.38873,
1641629393241388288,-0.24197,0.05365,-0.33817,0.72072,0.46892,-0.30085,-0.41252,
1641629393271385088,-0.23960,0.06722,-0.33354,0.72724,0.45216,-0.29322,-0.42509,
1641629393321385216,-0.22718,0.09375,-0.32166,0.74322,0.41536,-0.27584,-0.44610,
1641629393371385344,-0.21243,0.12059,-0.30733,0.76433,0.36619,-0.25781,-0.46394,
1641629393421385216,-0.19994,0.13504,-0.29438,0.77355,0.32712,-0.24430,-0.48470,
1641629393471385344,-0.19521,0.12900,-0.28660,0.76963,0.32007,-0.23776,-0.49869,
1641629393521385216,-0.19870,0.10275,-0.28790,0.75544,0.35350,-0.24601,-0.49380,
1641629393571386368,-0.20603,0.06640,-0.29884,0.74296,0.40048,-0.26621,-0.46557,
1641629393621385216,-0.21260,0.03259,-0.31635,0.74068,0.43192,-0.28690,-0.42724,
1641629393671385344,-0.21588,0.01092,-0.33545,0.74302,0.45119,-0.29608,-0.39584,
1641629393721385216,-0.21830,0.00414,-0.34451,0.75261,0.45576,-0.28511,-0.38023,
1641629393871385344,-0.19128,0.03384,-0.23105,0.73603,0.41265,-0.29706,-0.44691,
1641629393971385344,-0.16159,0.05502,-0.08762,-0.70867,-0.39634,0.27483,0.51495,
1641629394021385216,-0.14509,0.05548,-0.01315,-0.69264,-0.39045,0.27117,0.54246,
1641629394051385088,-0.13740,0.05502,0.02956,-0.68718,-0.38608,0.27127,0.55240,
1641629394101385216,-0.11878,0.04653,0.09937,-0.67602,-0.37948,0.27697,0.56770,
1641629394151385344,-0.09918,0.03453,0.16203,-0.65693,-0.37073,0.28864,0.58965,
1641629394201385216,-0.07911,0.02068,0.21554,-0.63909,-0.35983,0.30145,0.60927,
1641629394251385088,-0.05913,0.00710,0.25858,-0.62835,-0.34817,0.30851,0.62351,
1641629394301385216,-0.04044,-0.00543,0.28933,-0.62457,-0.32818,0.31338,0.63562,
1641629394351385088,-0.02193,-0.01705,0.30616,-0.62542,-0.31595,0.30924,0.64296,
1641629394401385216,-0.00171,-0.02661,0.30958,-0.62563,-0.31916,0.29055,0.64985,
1641629394441385216,0.01358,-0.02800,0.30548,-0.62756,-0.32201,0.26608,0.65702,
1641629394491385344,0.03094,-0.02520,0.30051,-0.63502,-0.29672,0.23628,0.67296,
1641629394541385216,0.04040,-0.02058,0.29777,-0.65229,-0.23434,0.22315,0.68543,
1641629394591385088,0.04025,-0.02403,0.29214,-0.68566,-0.19598,0.24711,0.65604,
1641629394691385344,0.03366,-0.06417,0.25614,-0.68925,-0.31387,0.25299,0.60201,
1641629394791385088,0.05234,-0.07940,0.23844,-0.67619,-0.32403,0.18358,0.63567,
1641629394891385344,0.08917,-0.06698,0.26581,-0.69514,-0.23151,0.19376,0.65241,
1641629394981385216,0.08945,-0.09491,0.28750,-0.67928,-0.23720,0.25078,0.64763,
1641629395041385216,0.06618,-0.12588,0.28343,-0.66032,-0.30168,0.26269,0.63558,
1641629395081385216,0.04632,-0.14263,0.27423,-0.65372,-0.34639,0.26235,0.61955,
1641629395131385344,0.02975,-0.15939,0.26193,-0.64441,-0.39586,0.26536,0.59801,
1641629395191385344,0.02184,-0.16824,0.24692,-0.63629,-0.43279,0.27460,0.57656,
1641629395241386240,0.02081,-0.16554,0.23185,-0.63886,-0.43511,0.28849,0.56507,
1641629395321385216,0.02756,-0.15802,0.18939,-0.64792,-0.42481,0.29761,0.55782,
1641629395371386368,0.02654,-0.15229,0.14375,-0.65306,-0.42455,0.29036,0.55585,
1641629395421385216,0.02492,-0.14989,0.08635,-0.65750,-0.43143,0.28238,0.54939,
1641629395471385344,0.02210,-0.14988,0.02127,-0.66980,-0.43510,0.27849,0.53339,
1641629395521385216,0.01927,-0.15365,-0.04671,-0.69147,-0.42944,0.28098,0.50843,
1641629395571385088,0.01728,-0.16204,-0.11312,0.71503,0.42079,-0.28852,-0.47793,
1641629395621385216,0.01673,-0.17368,-0.17164,0.73813,0.40779,-0.29529,-0.44908,
1641629395671385344,0.01803,-0.18802,-0.21629,0.75552,0.39206,-0.29748,-0.43242,
1641629395721385216,0.02126,-0.20506,-0.24621,0.76663,0.38080,-0.29896,-0.42178,
1641629395771385088,0.02319,-0.22169,-0.26430,0.76594,0.38947,-0.29153,-0.42032,
1641629395821385216,0.01720,-0.23795,-0.27099,0.75836,0.39744,-0.28431,-0.43139,
1641629395871385344,0.00513,-0.25947,-0.26797,0.74678,0.40684,-0.30307,-0.43005,
1641629395921385216,-0.00568,-0.28628,-0.26299,0.71904,0.44749,-0.34227,-0.40692,
1641629396021386240,-0.00737,-0.32994,-0.26189,0.66044,0.54331,-0.37367,-0.35918,
1641629396051392256,-0.00860,-0.32798,-0.26479,0.65698,0.54828,-0.36605,-0.36576,
1641629396101385216,-0.00239,-0.31453,-0.26532,0.66503,0.53748,-0.34332,-0.38857,
1641629396151386368,0.00933,-0.28642,-0.26204,0.68174,0.51001,-0.32012,-0.41552,
1641629396301385216,0.07296,-0.21828,-0.22923,0.74561,0.38921,-0.27571,-0.46537,
1641629396351389184,0.08264,-0.22551,-0.22619,0.75182,0.38555,-0.26386,-0.46529,
1641629396491385344,0.10111,-0.32981,-0.24126,0.71770,0.45829,-0.30822,-0.42411,
1641629396541386240,0.10357,-0.35222,-0.25542,0.71871,0.47017,-0.31624,-0.40298,
1641629396591386368,0.10555,-0.36004,-0.26248,0.73299,0.46584,-0.30461,-0.39107,
1641629396641387264,0.10935,-0.35663,-0.25004,0.74039,0.45115,-0.30112,-0.39700,
1641629396691385344,0.11654,-0.34836,-0.21811,0.72971,0.44276,-0.31040,-0.41849,
1641629396741385216,0.12535,-0.33893,-0.17280,0.71414,0.44026,-0.31452,-0.44413,
1641629396791385088,0.13491,-0.33200,-0.11941,0.70259,0.43463,-0.31620,-0.46634,
1641629396841385216,0.14476,-0.33201,-0.06414,0.69995,0.42662,-0.31703,-0.47703,
1641629396891385344,0.15600,-0.33766,-0.01195,0.69380,0.42578,-0.32154,-0.48371,
1641629396941385216,0.16855,-0.34716,0.03548,0.68348,0.43008,-0.32648,-0.49121,
1641629396991385344,0.18082,-0.35649,0.07800,0.67568,0.43435,-0.32828,-0.49702,
1641629397041386240,0.19210,-0.36517,0.11591,-0.67004,-0.43960,0.32725,0.50070,
1641629397091385088,0.20243,-0.37402,0.14728,-0.65690,-0.44489,0.33032,0.51131,
1641629397141385216,0.21079,-0.38351,0.17061,-0.65236,-0.44687,0.33196,0.51432,
1641629397241385216,0.22852,-0.41520,0.19535,0.66347,0.45332,-0.33189,-0.49413,
1641629397271385088,0.22678,-0.42042,0.19487,0.66266,0.45926,-0.33461,-0.48785,
1641629397321385216,0.22646,-0.43652,0.19357,0.65826,0.47497,-0.33843,-0.47598,
1641629397371385344,0.22339,-0.45282,0.19287,0.64723,0.49032,-0.34562,-0.47034,
1641629397421386240,0.21684,-0.46548,0.19573,0.63433,0.50396,-0.35368,-0.46751,
1641629397471386112,0.20908,-0.47437,0.20340,0.62496,0.51172,-0.36511,-0.46289,
1641629397521385216,0.20491,-0.48082,0.21546,0.62003,0.51529,-0.38044,-0.45311,
1641629397571385088,0.20368,-0.48189,0.23079,0.61596,0.50954,-0.40380,-0.44487,
1641629397621386240,0.20628,-0.47863,0.24416,0.61423,0.49888,-0.42695,-0.43767,
1641629397721385216,0.23076,-0.47146,0.24882,0.63723,0.47932,-0.42814,-0.42531,
1641629397771385088,0.24503,-0.46083,0.23285,0.65623,0.47085,-0.41519,-0.41866,
1641629397821385216,0.26299,-0.44704,0.20995,0.68469,0.45908,-0.39482,-0.40567,
1641629397871385344,0.28512,-0.43148,0.18499,0.71443,0.43936,-0.37389,-0.39593,
1641629397921385216,0.31137,-0.41549,0.16199,0.74296,0.41793,-0.35129,-0.38723,
1641629397971385344,0.34074,-0.39947,0.14446,0.76574,0.39345,-0.33171,-0.38575,
1641629398021385216,0.37167,-0.38414,0.13364,0.78395,0.37268,-0.30811,-0.38936,
1641629398051385088,0.38636,-0.37123,0.12913,0.79289,0.35903,-0.29276,-0.39587,
1641629398101385216,0.41504,-0.35769,0.13223,0.80488,0.33252,-0.26661,-0.41295,
1641629398151385344,0.44157,-0.34799,0.14507,0.81353,0.30842,-0.24396,-0.42840,
1641629398201385216,0.46313,-0.34320,0.16494,0.81236,0.29490,-0.22731,-0.44881,
1641629398251385088,0.47892,-0.34363,0.18858,0.80455,0.29040,-0.21597,-0.47088,
1641629398301385216,0.48871,-0.34804,0.21251,0.79152,0.28964,-0.21224,-0.49453,
1641629398351385088,0.49261,-0.35522,0.23333,-0.78127,-0.29054,0.21588,0.50853,
1641629398401385216,0.49144,-0.36380,0.24816,-0.77402,-0.29604,0.22455,0.51267,
1641629398441385216,0.48627,-0.37018,0.25327,-0.76794,-0.30516,0.23262,0.51288,
1641629398491385344,0.47790,-0.37984,0.25224,-0.75671,-0.32511,0.24231,0.51281,
1641629398541385216,0.46533,-0.38845,0.24345,-0.74957,-0.34405,0.24914,0.50765,
1641629398591385088,0.44993,-0.39679,0.22956,0.74866,0.35570,-0.25634,-0.49728,
1641629398641385216,0.43325,-0.40533,0.21242,0.75028,0.37025,-0.26585,-0.47887,
1641629398691385344,0.41572,-0.41528,0.19404,0.74806,0.39228,-0.27735,-0.45782,
1641629398741385216,0.39792,-0.42666,0.17752,0.74262,0.41497,-0.28954,-0.43872,
1641629398791385088,0.37877,-0.43871,0.16614,0.73810,0.43071,-0.30264,-0.42203,
1641629398841385216,0.36124,-0.45143,0.16197,0.73003,0.44402,-0.32143,-0.40814,
1641629398891385344,0.34604,-0.46360,0.16489,0.71697,0.45644,-0.34559,-0.39771,
1641629398941385216,0.33423,-0.47410,0.17419,0.70216,0.46859,-0.36865,-0.38922,
1641629398991385344,0.32544,-0.48204,0.18855,0.68573,0.47792,-0.38829,-0.38806,
1641629399041385216,0.32078,-0.48702,0.20703,0.67045,0.47819,-0.40670,-0.39552,
1641629399091385088,0.31996,-0.49041,0.22750,0.65521,0.47740,-0.42206,-0.40578,
1641629399141385216,0.32166,-0.49134,0.24762,0.64218,0.47779,-0.43387,-0.41362,
1641629399191385344,0.32495,-0.48979,0.26536,0.63321,0.47924,-0.43882,-0.42050,
1641629399241386240,0.33012,-0.48613,0.27829,0.62666,0.47424,-0.43952,-0.43499,
1641629399271385088,0.33087,-0.48054,0.28166,0.62670,0.46896,-0.43720,-0.44292,
1641629399321385216,0.33853,-0.47280,0.28352,0.63173,0.45959,-0.42995,-0.45259,
1641629399371385344,0.34707,-0.46156,0.27720,0.64122,0.44771,-0.42099,-0.45952,
1641629399421385216,0.35604,-0.44675,0.26364,0.65794,0.43712,-0.40759,-0.45817,
1641629399471385344,0.36604,-0.42838,0.24525,0.68277,0.42348,-0.38826,-0.45138,
1641629399521385216,0.37933,-0.41011,0.22582,0.71060,0.40792,-0.36102,-0.44533,
1641629399571385088,0.39717,-0.39337,0.20971,0.73312,0.39494,-0.33525,-0.44064,
1641629399621385216,0.41850,-0.37981,0.20123,0.75055,0.37842,-0.31686,-0.43941,
1641629399671385344,0.44062,-0.36931,0.20091,0.76143,0.36007,-0.30595,-0.44381,
1641629399721385216,0.46118,-0.36156,0.20739,0.76537,0.34789,-0.29859,-0.45169,
1641629399771385088,0.47797,-0.35519,0.21775,0.76521,0.33850,-0.29060,-0.46413,
1641629399821386240,0.48940,-0.34866,0.22822,0.76250,0.33200,-0.27864,-0.48035,
1641629399871385344,0.49656,-0.34260,0.23711,0.75993,0.32349,-0.26329,-0.49853,
1641629399921385216,0.49776,-0.33770,0.24449,-0.76291,-0.30839,0.25182,0.50936,
1641629399971386112,0.49283,-0.33681,0.24986,-0.76436,-0.29175,0.25756,0.51410,
1641629400021385216,0.48333,-0.34179,0.25204,-0.75856,-0.29218,0.27737,0.51214,
1641629400051385088,0.47297,-0.34440,0.25084,-0.75363,-0.29845,0.29267,0.50726,
1641629400101385216,0.45806,-0.35395,0.25163,-0.74238,-0.30899,0.31991,0.50106,
1641629400151385344,0.44047,-0.36327,0.25261,0.73136,0.31652,-0.34465,-0.49614,
1641629400201385216,0.42267,-0.37177,0.25218,0.72211,0.33287,-0.36024,-0.48783,
1641629400251385088,0.40644,-0.37853,0.24873,0.71504,0.35522,-0.36523,-0.47870,
1641629400301386240,0.39448,-0.38345,0.24188,0.71279,0.37025,-0.36536,-0.47049,
1641629400351385088,0.38964,-0.38678,0.23198,0.71405,0.38690,-0.36055,-0.45875,
1641629400401385216,0.39255,-0.38838,0.22082,0.72070,0.40218,-0.35087,-0.44242,
1641629400441385216,0.39818,-0.38720,0.21153,0.72944,0.40595,-0.34242,-0.43112,
1641629400491385344,0.41149,-0.38558,0.20245,0.74340,0.40135,-0.33004,-0.42112,
1641629400541385216,0.42827,-0.38235,0.19610,0.75783,0.39027,-0.31480,-0.41748,
1641629400591385088,0.44583,-0.37779,0.19278,0.77353,0.37268,-0.29668,-0.41802,
1641629400641385216,0.46228,-0.37386,0.19160,0.78998,0.35607,-0.27849,-0.41423,
1641629400691385344,0.47619,-0.37121,0.19222,0.80083,0.34438,-0.26444,-0.41248,
1641629400741385216,0.48539,-0.36863,0.19359,0.80995,0.33404,-0.24506,-0.41515,
1641629400791385088,0.48932,-0.36711,0.19540,0.81547,0.32744,-0.22536,-0.42072,
1641629400841386240,0.48714,-0.36602,0.19550,0.81547,0.33034,-0.21043,-0.42614,
1641629400941385216,0.47445,-0.36959,0.18930,0.80382,0.35738,-0.19756,-0.43258,
1641629400991385344,0.45572,-0.36286,0.17618,0.79899,0.37522,-0.19557,-0.42730,
1641629401041385216,0.43811,-0.35791,0.16375,0.79636,0.38771,-0.19882,-0.41948,
1641629401091385088,0.41868,-0.35252,0.15003,0.79274,0.39502,-0.21117,-0.41343,
1641629401141385216,0.39709,-0.34629,0.13502,0.78625,0.40374,-0.22946,-0.40762,
1641629401191386112,0.37296,-0.33948,0.11992,0.78088,0.41416,-0.25195,-0.39398,
1641629401241386240,0.34845,-0.33465,0.10598,0.77210,0.42788,-0.27312,-0.38235,
1641629401271385088,0.33182,-0.33043,0.09828,0.76538,0.43655,-0.28866,-0.37456,
1641629401321385216,0.30852,-0.32652,0.09062,0.75596,0.45152,-0.30960,-0.35889,
1641629401371385344,0.28348,-0.31915,0.08904,0.74514,0.46013,-0.33176,-0.35068,
1641629401421385216,0.26875,-0.31727,0.09462,0.74059,0.46292,-0.34663,-0.34217,
1641629401471385344,0.26112,-0.31832,0.11324,0.72892,0.46229,-0.36687,-0.34695,
1641629401521385216,0.25556,-0.31585,0.13449,0.71374,0.45966,-0.39196,-0.35449,
1641629401571385088,0.25463,-0.31218,0.15872,0.69958,0.45110,-0.41472,-0.36756,
1641629401621385216,0.25842,-0.30752,0.18319,0.68865,0.43640,-0.43287,-0.38464,
1641629401671385344,0.26519,-0.30155,0.20552,0.68227,0.41772,-0.44390,-0.40370,
1641629401721386240,0.27400,-0.29453,0.22261,0.68173,0.40057,-0.44552,-0.41988,
1641629401771385088,0.28440,-0.28726,0.23265,0.68806,0.38871,-0.43510,-0.43147,
1641629401821385216,0.29662,-0.27959,0.23492,0.69708,0.37979,-0.41781,-0.44190,
1641629401871385344,0.31091,-0.27082,0.23003,0.71000,0.36754,-0.39822,-0.44969,
1641629401921385216,0.32671,-0.26004,0.21934,0.72826,0.35022,-0.38036,-0.44979,
1641629401971385344,0.34451,-0.24797,0.20458,0.75073,0.32912,-0.36292,-0.44314,
1641629402021385216,0.36390,-0.23542,0.18912,0.77406,0.30358,-0.34564,-0.43498,
1641629402051385088,0.37469,-0.22730,0.18003,0.78726,0.28815,-0.33215,-0.43229,
1641629402101385216,0.39560,-0.21707,0.16969,0.80620,0.26370,-0.30514,-0.43290,
1641629402151385344,0.41639,-0.20902,0.16538,0.81837,0.24407,-0.27826,-0.43962,
1641629402201385216,0.43701,-0.20323,0.16749,0.82524,0.23018,-0.25442,-0.44863,
1641629402251385088,0.45669,-0.19868,0.17577,0.82894,0.21900,-0.23060,-0.46014,
1641629402301385216,0.47488,-0.19551,0.18932,0.82997,0.20956,-0.20523,-0.47446,
1641629402351385088,0.49099,-0.19398,0.20728,0.82796,0.20040,-0.18096,-0.49150,
1641629402401385216,0.50458,-0.19375,0.22745,-0.82206,-0.19268,0.15636,0.51249,
1641629402441385216,0.51250,-0.19364,0.24361,-0.81701,-0.18784,0.13656,0.52779,
1641629402491385344,0.52010,-0.19404,0.26329,-0.81051,-0.18258,0.11286,0.54498,
1641629402541385216,0.52419,-0.19476,0.28055,-0.80347,-0.17987,0.09495,0.55953,
1641629402591385088,0.52552,-0.19608,0.29495,-0.79640,-0.17805,0.08768,0.57127,
1641629402641385216,0.52394,-0.19811,0.30589,-0.79077,-0.17774,0.08795,0.57910,
1641629402691385344,0.51938,-0.20087,0.31284,-0.78634,-0.17746,0.09259,0.58447,
1641629402741385216,0.51261,-0.20437,0.31540,-0.78145,-0.17919,0.09859,0.58950,
1641629402791385088,0.50259,-0.20735,0.31315,-0.77704,-0.18412,0.10573,0.59256,
1641629402841385216,0.49308,-0.21064,0.30982,-0.77319,-0.18917,0.11718,0.59385,
1641629402941385216,0.46660,-0.21650,0.29834,-0.76985,-0.21035,0.15453,0.58241,
1641629402981385216,0.45175,-0.21754,0.29301,-0.76959,-0.21985,0.17721,0.57270,
1641629403091385088,0.41050,-0.22785,0.27911,-0.76359,-0.26122,0.23091,0.54348,
1641629403141385216,0.39031,-0.23462,0.27495,-0.75783,-0.28741,0.25197,0.52877,
1641629403181385216,0.37432,-0.24117,0.27275,-0.74953,-0.31213,0.26816,0.51853,
1641629403241385216,0.35377,-0.25323,0.27227,-0.73237,-0.34979,0.29733,0.50287,
1641629403271385088,0.34412,-0.25887,0.27225,0.72113,0.36846,-0.31524,-0.49481,
1641629403321385216,0.33163,-0.26865,0.27293,0.70281,0.39633,-0.34294,-0.48102,
1641629403371385344,0.32170,-0.27740,0.27373,0.68664,0.41736,-0.36762,-0.46819,
1641629403421385216,0.31314,-0.28397,0.27402,0.67413,0.43282,-0.38332,-0.45965,
1641629403471387136,0.30614,-0.28816,0.27498,0.66756,0.44140,-0.38956,-0.45582,
1641629403571386368,0.29997,-0.28818,0.28237,0.67017,0.43495,-0.38186,-0.46463,
1641629403621385216,0.30082,-0.28326,0.28779,0.67566,0.42073,-0.37671,-0.47387,
1641629403671385344,0.30209,-0.27316,0.29212,0.68267,0.40036,-0.37391,-0.48360,
1641629403721385216,0.31256,-0.26714,0.29803,0.69158,0.37637,-0.36759,-0.49491,
1641629403771385088,0.32133,-0.25609,0.29955,-0.70727,-0.34855,0.35604,0.50151,
1641629403871385344,0.34622,-0.23238,0.29060,-0.74511,-0.29407,0.31537,0.50880,
1641629403921386240,0.36053,-0.21992,0.28147,-0.76140,-0.26421,0.29600,0.51268,
1641629404021385216,0.39109,-0.19778,0.25903,-0.78969,-0.20724,0.25484,0.51817,
1641629404051385088,0.39881,-0.19076,0.25253,-0.79808,-0.19230,0.24345,0.51655,
1641629404101389056,0.41159,-0.18032,0.24383,-0.81055,-0.16762,0.22392,0.51457,
1641629404151385344,0.42326,-0.17109,0.23837,-0.82097,-0.14509,0.20097,0.51436,
1641629404201385216,0.43345,-0.16311,0.23764,-0.82891,-0.12684,0.17956,0.51438,
1641629404251386112,0.44285,-0.15709,0.24154,-0.83284,-0.11037,0.16003,0.51826,
1641629404301385216,0.45155,-0.15331,0.24963,-0.83263,-0.09187,0.14052,0.52778,
1641629404351385088,0.45994,-0.15194,0.26119,-0.82887,-0.07163,0.12141,0.54139,
1641629404401385216,0.46813,-0.15313,0.27483,-0.81953,-0.05289,0.10681,0.56050,
1641629404441385216,0.47447,-0.15537,0.28596,-0.81032,-0.03854,0.09746,0.57654,
1641629404501385216,0.48435,-0.15998,0.30101,-0.79423,-0.01510,0.08308,0.60172,
1641629404551385088,0.49328,-0.16321,0.31020,-0.78170,0.00856,0.06830,0.61984,
1641629404601385216,0.50320,-0.16464,0.31521,-0.77053,0.03642,0.04931,0.63445,
1641629404691385344,0.52472,-0.16396,0.31384,-0.75681,0.09234,0.01594,0.64689,
1641629404741385216,0.53690,-0.16179,0.30751,-0.75185,0.12350,-0.00080,0.64766,
1641629404791385088,0.54899,-0.15867,0.29817,-0.74825,0.15268,-0.01671,0.64539,
1641629404881385216,0.56949,-0.15266,0.27523,-0.74176,0.20055,-0.05116,0.63793,
1641629404941385216,0.58024,-0.14736,0.25703,-0.74369,0.22261,-0.06973,0.62650,
1641629404981385216,0.58642,-0.14307,0.24482,-0.74969,0.23111,-0.07834,0.61515,
1641629405041387264,0.59468,-0.13599,0.22967,-0.76269,0.23563,-0.08729,0.59595,
1641629405091385088,0.60099,-0.13095,0.22322,-0.77136,0.23861,-0.09464,0.58233,
1641629405141385216,0.60509,-0.12667,0.22368,-0.77275,0.24223,-0.10702,0.57683,
1641629405241385216,0.60503,-0.12284,0.24303,-0.76599,0.22929,-0.12446,0.58753,
1641629405271385088,0.60287,-0.12271,0.25182,-0.76165,0.22317,-0.12898,0.59451,
1641629405321385216,0.59863,-0.12283,0.26777,-0.75068,0.21519,-0.13797,0.60922,
1641629405371385344,0.59344,-0.12274,0.28383,-0.74028,0.21064,-0.14271,0.62229,
1641629405421385216,0.58683,-0.12250,0.29860,-0.73123,0.20492,-0.14398,0.63449,
1641629405471385344,0.57853,-0.12196,0.31088,-0.72438,0.19640,-0.14166,0.64547,
1641629405521385216,0.56815,-0.12071,0.31933,-0.71989,0.18562,-0.13798,0.65442,
1641629405571385088,0.55630,-0.11874,0.32335,-0.71666,0.17269,-0.13349,0.66238,
1641629405671385344,0.53308,-0.11155,0.31839,-0.72183,0.14906,-0.12223,0.66468,
1641629405721385216,0.52111,-0.10579,0.30992,-0.72836,0.13795,-0.11270,0.66163,
1641629405771385088,0.50999,-0.09894,0.29820,-0.73786,0.12548,-0.09946,0.65568,
1641629405821385216,0.50049,-0.09065,0.28395,-0.75101,0.11628,-0.08690,0.64414,
1641629405921385216,0.49004,-0.07589,0.25078,-0.77924,0.10611,-0.06288,0.61448,
1641629405971385344,0.48906,-0.06916,0.23274,-0.79097,0.10926,-0.05719,0.59930,
1641629406021385216,0.49176,-0.06383,0.21577,-0.80174,0.11632,-0.05517,0.58364,
1641629406051385088,0.49459,-0.06097,0.20668,-0.80731,0.12256,-0.05503,0.57463,
1641629406101385216,0.50296,-0.05830,0.19479,-0.81451,0.13534,-0.05705,0.56124,
1641629406151385344,0.51300,-0.05593,0.18886,-0.81778,0.15244,-0.06425,0.55125,
1641629406201385216,0.52421,-0.05634,0.19219,-0.81558,0.16945,-0.07137,0.54866,
1641629406251385088,0.53177,-0.05767,0.20333,-0.80751,0.17977,-0.07630,0.55659,
1641629406301385216,0.53454,-0.06072,0.22023,-0.79532,0.18056,-0.08017,0.57309,
1641629406351385088,0.53154,-0.06393,0.23941,-0.78268,0.17174,-0.08283,0.59250,
1641629406401385216,0.52294,-0.06675,0.25820,-0.77091,0.15647,-0.08203,0.61195,
1641629406451385344,0.50946,-0.06854,0.27489,-0.76108,0.13637,-0.07699,0.62947,
1641629406491385344,0.49552,-0.06890,0.28628,-0.75457,0.11923,-0.07036,0.64145,
1641629406541385216,0.47468,-0.06867,0.29682,-0.74735,0.09502,-0.05854,0.65499,
1641629406641385216,0.42616,-0.06686,0.30335,-0.73525,0.02868,-0.03110,0.67647,
1641629406741385216,0.37439,-0.06207,0.29195,-0.73542,-0.03445,0.00235,0.67673,
1641629406801385216,0.34384,-0.06052,0.28041,-0.74382,-0.07502,0.04272,0.66279,
1641629406931385344,0.27776,-0.06455,0.24175,-0.75461,-0.17992,0.16154,0.60999,
1641629407081385216,0.20990,-0.08566,0.20864,-0.72430,-0.28401,0.29225,0.55616,
1641629407131385344,0.19134,-0.09635,0.19795,-0.70591,-0.32349,0.33342,0.53467,
1641629407181385216,0.17479,-0.10662,0.18635,-0.68957,-0.36124,0.36829,0.50830,
1641629407231385344,0.15963,-0.11574,0.17263,0.67842,0.39702,-0.38396,-0.48445,
1641629407271385088,0.14872,-0.12143,0.16063,0.67249,0.42247,-0.38626,-0.46912,
1641629407321385216,0.13734,-0.12668,0.14487,0.67324,0.44821,-0.38122,-0.44780,
1641629407371385344,0.13069,-0.13023,0.12916,0.67230,0.46866,-0.38048,-0.42849,
1641629407421385216,0.12914,-0.13142,0.11460,0.67357,0.48079,-0.38573,-0.40787,
1641629407471385344,0.13265,-0.13103,0.10173,0.67556,0.48465,-0.39127,-0.39451,
1641629407521385216,0.13986,-0.12828,0.09064,0.67848,0.48488,-0.39509,-0.38530,
1641629407571385088,0.15155,-0.12380,0.08420,0.68578,0.47852,-0.39484,-0.38056,
1641629407621385216,0.16570,-0.11870,0.08155,0.69458,0.46854,-0.39186,-0.38009,
1641629407671385344,0.18247,-0.11415,0.08363,0.70177,0.45807,-0.38780,-0.38379,
1641629407721385216,0.20056,-0.11135,0.08933,0.70903,0.44743,-0.37878,-0.39193,
1641629407771385088,0.21997,-0.11024,0.09776,0.71584,0.43744,-0.36354,-0.40505,
1641629407821385216,0.23856,-0.10914,0.10902,0.72258,0.42535,-0.34736,-0.41987,
1641629407871385344,0.25559,-0.10820,0.12235,0.73158,0.40688,-0.32969,-0.43652,
1641629407921385216,0.26939,-0.10775,0.13704,0.73837,0.38450,-0.31481,-0.45592,
1641629407971385344,0.27951,-0.10845,0.15148,0.73935,0.36694,-0.30651,-0.47410,
1641629408021385216,0.28535,-0.11002,0.16456,0.73631,0.35389,-0.30458,-0.48974,
1641629408051385088,0.28638,-0.11059,0.17045,0.73218,0.34992,-0.30520,-0.49832,
1641629408101385216,0.28447,-0.11233,0.17827,-0.72300,-0.34816,0.30864,0.51069,
1641629408151385344,0.27810,-0.11435,0.18159,-0.71203,-0.35093,0.31403,0.52081,
1641629408201385216,0.26779,-0.11642,0.17941,-0.70138,-0.36281,0.32131,0.52268,
1641629408251385088,0.25475,-0.11807,0.17240,-0.69314,-0.37968,0.33038,0.51600,
1641629408301385216,0.23912,-0.11848,0.16142,-0.68990,-0.39594,0.33721,0.50355,
1641629408351385088,0.22192,-0.11766,0.14786,0.68915,0.40848,-0.34449,-0.48944,
1641629408401385216,0.20422,-0.11569,0.13222,0.69016,0.42059,-0.35217,-0.47198,
1641629408441385216,0.18923,-0.11337,0.11899,0.69288,0.42690,-0.36079,-0.45553,
1641629408491385344,0.17055,-0.11086,0.10188,0.69643,0.43334,-0.37528,-0.43169,
1641629408541385216,0.15146,-0.11032,0.08489,0.70074,0.43656,-0.39242,-0.40545,
1641629408591385088,0.13227,-0.11268,0.06861,0.70202,0.44065,-0.40911,-0.38161,
1641629408641385216,0.11437,-0.11839,0.05464,0.70213,0.45126,-0.41560,-0.36147,
1641629408691385344,0.09886,-0.12585,0.04786,0.70045,0.46274,-0.42154,-0.34285,
1641629408741385216,0.08730,-0.13383,0.04917,0.69104,0.47531,-0.43132,-0.33243,
1641629408791385088,0.07974,-0.14101,0.05771,0.67419,0.48638,-0.44546,-0.33237,
1641629408841385216,0.07586,-0.14610,0.06990,0.65520,0.49398,-0.46046,-0.33863,
1641629408891385344,0.07435,-0.14943,0.08931,0.63837,0.49597,-0.47706,-0.34484,
1641629408941385216,0.07555,-0.15119,0.10880,0.62227,0.49456,-0.49399,-0.35237,
1641629408991385344,0.07528,-0.15164,0.12572,0.60848,0.49242,-0.50679,-0.36116,
1641629409041385216,0.08090,-0.14960,0.14010,0.59819,0.49150,-0.51233,-0.37163,
1641629409091386368,0.08518,-0.14639,0.15050,0.59130,0.48972,-0.51144,-0.38597,
1641629409141385216,0.09020,-0.14046,0.15687,0.59170,0.48069,-0.50784,-0.40116,
1641629409191385344,0.09592,-0.13203,0.15851,0.59851,0.46761,-0.50087,-0.41504,
1641629409241385216,0.10380,-0.12237,0.15400,0.61347,0.44791,-0.49383,-0.42327,
1641629409271385088,0.10827,-0.11566,0.14922,0.62553,0.43328,-0.49027,-0.42499,
1641629409321385216,0.11583,-0.10626,0.13693,0.64640,0.41364,-0.48293,-0.42171,
1641629409371385344,0.12328,-0.09853,0.12130,0.66777,0.39999,-0.47432,-0.41123,
1641629409421385216,0.13223,-0.09272,0.10451,0.68575,0.39027,-0.46300,-0.40381,
1641629409471385344,0.13838,-0.08856,0.08837,0.70386,0.38286,-0.44906,-0.39541,
1641629409571385088,0.15731,-0.08642,0.06548,0.72891,0.37295,-0.42480,-0.38619,
1641629409621385216,0.16920,-0.08618,0.05930,0.73429,0.36936,-0.41962,-0.38512,
1641629409721385216,0.19692,-0.08963,0.05722,0.73995,0.36307,-0.41112,-0.38940,
1641629409771385088,0.20993,-0.09116,0.05989,0.74312,0.35892,-0.39777,-0.40091,
1641629409821385216,0.22235,-0.09259,0.06563,0.74826,0.35334,-0.37758,-0.41556,
1641629409871385344,0.23366,-0.09403,0.07491,0.75350,0.34640,-0.35398,-0.43237,
1641629409921385216,0.24393,-0.09572,0.08710,0.75627,0.33998,-0.33179,-0.44987,
1641629409971385344,0.25249,-0.09757,0.10083,0.75601,0.33362,-0.31505,-0.46678,
1641629410021385216,0.25865,-0.09968,0.11361,0.75311,0.32847,-0.30469,-0.48176,
1641629410101388288,0.26323,-0.10403,0.12772,0.74738,0.33192,-0.29637,-0.49337,
1641629410251386112,0.25391,-0.11222,0.13071,0.74502,0.35495,-0.28504,-0.48755,
1641629410351385088,0.24205,-0.11506,0.11982,0.74562,0.36999,-0.28259,-0.47677,
1641629410401385216,0.23619,-0.11452,0.11253,0.74697,0.37559,-0.28585,-0.46825,
1641629410491385344,0.22579,-0.11287,0.09953,0.75243,0.37887,-0.29555,-0.45051,
1641629410541385216,0.22113,-0.11055,0.09346,0.75550,0.37973,-0.30116,-0.44083,
1641629410591386368,0.21901,-0.10870,0.08914,0.75780,0.38133,-0.30672,-0.43156,
1641629410701385216,0.21050,-0.10575,0.07959,0.76094,0.37980,-0.31496,-0.42133,
1641629410791386112,0.20432,-0.10478,0.07398,0.75841,0.38195,-0.32646,-0.41514,
1641629410891388160,0.19517,-0.10329,0.06639,0.75785,0.38463,-0.33687,-0.40525,
1641629411041385216,0.17898,-0.10250,0.05280,0.75259,0.38860,-0.35298,-0.39750,
1641629411091385088,0.16976,-0.09851,0.04191,0.74787,0.39355,-0.36298,-0.39249,
1641629411141386240,0.15762,-0.09962,0.04039,0.74310,0.39993,-0.37288,-0.38577,
1641629411191385344,0.14449,-0.09871,0.03323,0.73915,0.40708,-0.38025,-0.37863,
1641629411241385216,0.12976,-0.09738,0.02559,0.73478,0.41541,-0.38715,-0.37101,
1641629411321385216,0.10696,-0.09661,0.01299,0.72437,0.43789,-0.39658,-0.35533,
1641629411371385344,0.09282,-0.09764,0.00774,0.71735,0.45114,-0.40500,-0.34329,
1641629411421385216,0.07870,-0.09909,0.00464,0.71224,0.46265,-0.40819,-0.33474,
1641629411471387136,0.06447,-0.10363,0.00416,0.70728,0.47324,-0.40742,-0.33136,
1641629411521385216,0.05629,-0.10564,0.00969,0.70020,0.48188,-0.40719,-0.33423,
1641629411571385088,0.04914,-0.10901,0.01970,0.69020,0.48791,-0.40981,-0.34297,
1641629411621386240,0.04534,-0.11238,0.03446,0.67704,0.49278,-0.41426,-0.35660,
1641629411671385344,0.04311,-0.11352,0.05076,0.66515,0.49346,-0.41850,-0.37274,
1641629411721385216,0.04399,-0.11387,0.06957,0.65818,0.48815,-0.41980,-0.39022,
1641629411771385088,0.04576,-0.11230,0.08767,0.65295,0.47786,-0.42126,-0.40969,
1641629411821385216,0.05065,-0.11082,0.10522,0.64656,0.46622,-0.42594,-0.42799,
1641629411871385344,0.05749,-0.10977,0.12079,0.64035,0.45455,-0.43129,-0.44421,
1641629411921385216,0.06583,-0.10841,0.13279,0.63664,0.44438,-0.43387,-0.45714,
1641629411971385344,0.07513,-0.10807,0.14214,0.63645,0.43484,-0.43190,-0.46830,
1641629412021385216,0.08502,-0.10836,0.14750,0.63590,0.43006,-0.42476,-0.47985,
1641629412101385216,0.10231,-0.10753,0.14931,0.63956,0.42713,-0.40893,-0.49122,
1641629412151385344,0.11194,-0.10458,0.14718,0.64682,0.42263,-0.39778,-0.49476,
1641629412201385216,0.12020,-0.09984,0.14212,0.65682,0.41807,-0.38458,-0.49589,
1641629412251385088,0.12837,-0.09387,0.13463,0.66817,0.41344,-0.36973,-0.49590,
1641629412301385216,0.13724,-0.08745,0.12614,0.68325,0.40647,-0.35825,-0.48950,
1641629412351385088,0.14821,-0.08178,0.11711,0.69457,0.39800,-0.35649,-0.48174,
1641629412491386112,0.19272,-0.08433,0.08687,0.70169,0.38107,-0.37961,-0.46725,
1641629412541385216,0.21156,-0.09104,0.07306,0.69386,0.38647,-0.39006,-0.46590,
1641629412651385344,0.24631,-0.10678,0.03323,-0.68596,-0.38746,0.35592,0.50265,
1641629412691385344,0.25278,-0.10880,0.01851,-0.69163,-0.38054,0.33888,0.51186,
1641629412741385216,0.25569,-0.10847,0.00262,-0.70916,-0.36353,0.32456,0.50951,
1641629412791385088,0.25469,-0.10711,-0.01085,-0.72704,-0.33675,0.32747,0.50078,
1641629412891385344,0.24594,-0.10763,-0.03688,0.73190,0.32691,-0.35623,-0.48016,
1641629412941385216,0.23427,-0.10627,-0.04714,0.73289,0.33249,-0.36335,-0.46936,
1641629412991386112,0.21890,-0.10405,-0.05672,0.72967,0.34171,-0.36510,-0.46638,
1641629413091385088,0.18317,-0.09662,-0.07605,0.72395,0.35075,-0.37818,-0.45809,
1641629413141385216,0.16296,-0.09151,-0.08647,0.72289,0.36109,-0.38905,-0.44236,
1641629413191386112,0.14168,-0.08647,-0.09581,0.72275,0.37111,-0.39952,-0.42460,
1641629413241385216,0.12072,-0.08210,-0.10217,0.72038,0.37642,-0.41207,-0.41177,
1641629413271388416,0.10797,-0.07963,-0.10332,0.71925,0.37789,-0.42050,-0.40380,
1641629413321386240,0.08926,-0.07738,-0.10057,0.71254,0.38278,-0.43744,-0.39294,
1641629413371385344,0.07242,-0.07627,-0.09268,0.69888,0.39154,-0.45474,-0.38920,
1641629413421385216,0.05775,-0.07602,-0.08010,0.68447,0.40255,-0.46564,-0.39068,
1641629413471385344,0.04554,-0.07536,-0.06340,0.66940,0.41045,-0.47328,-0.39930,
1641629413521385216,0.03710,-0.07430,-0.04429,0.65577,0.41508,-0.47817,-0.41113,
1641629413571385088,0.03253,-0.07205,-0.02451,0.64267,0.41569,-0.48236,-0.42603,
1641629413621385216,0.03111,-0.06781,-0.00590,0.63307,0.41371,-0.48319,-0.44113,
1641629413671385344,0.03280,-0.06177,0.00999,0.62572,0.40690,-0.48161,-0.45932,
1641629413721385216,0.03676,-0.05442,0.02249,0.62595,0.40172,-0.47255,-0.47277,
1641629413771385088,0.04306,-0.04634,0.03114,0.62938,0.39528,-0.46075,-0.48512,
1641629413821385216,0.05186,-0.03846,0.03639,0.63571,0.38916,-0.44727,-0.49434,
1641629413871385344,0.06239,-0.03069,0.03902,-0.64469,-0.38128,0.43164,0.50268,
1641629413921385216,0.07544,-0.02384,0.04019,-0.65408,-0.37127,0.41450,0.51237,
1641629413971385344,0.08725,-0.01533,0.03866,-0.66494,-0.35746,0.39757,0.52155,
1641629414021385216,0.10126,-0.00800,0.03538,-0.67526,-0.34538,0.38126,0.52856,
1641629414101385216,0.12320,0.00398,0.02292,-0.69927,-0.32747,0.34864,0.53126,
1641629414151385344,0.13536,0.01154,0.00994,-0.71506,-0.31152,0.32593,0.53424,
1641629414201385216,0.14553,0.01768,-0.00633,-0.73214,-0.29696,0.30482,0.53186,
1641629414251385088,0.15290,0.02094,-0.02439,-0.74672,-0.28598,0.29240,0.52453,
1641629414301385216,0.15605,0.02047,-0.04432,-0.75681,-0.28593,0.28288,0.51523,
1641629414351385088,0.15470,0.01640,-0.06515,-0.76571,-0.29424,0.27383,0.50212,
1641629414401385216,0.14967,0.00937,-0.08508,0.77292,0.30584,-0.26999,-0.48595,
1641629414441385216,0.14332,0.00247,-0.09946,0.77751,0.31435,-0.27460,-0.47038,
1641629414491385344,0.13352,-0.00735,-0.11467,0.78083,0.32475,-0.28627,-0.45044,
1641629414541386240,0.12153,-0.01735,-0.12583,0.78170,0.33051,-0.30227,-0.43398,
1641629414601385216,0.10501,-0.02941,-0.13258,0.77857,0.34520,-0.32114,-0.41417,
1641629414651385344,0.09014,-0.03856,-0.13195,0.76902,0.36398,-0.33420,-0.40551,
1641629414691385344,0.07758,-0.04475,-0.12679,0.75854,0.37595,-0.34402,-0.40611,
1641629414741385216,0.06311,-0.05133,-0.11494,0.74190,0.39015,-0.35712,-0.41211,
1641629414791385088,0.05041,-0.05614,-0.09805,0.72366,0.40148,-0.37174,-0.42064,
1641629414841385216,0.04003,-0.05944,-0.07810,0.70540,0.41137,-0.38488,-0.43018,
1641629414881386240,0.03344,-0.06085,-0.06098,0.69100,0.41928,-0.39273,-0.43874,
1641629414931385344,0.02819,-0.06193,-0.03858,0.67264,0.42323,-0.40224,-0.45457,
1641629414981385216,0.02568,-0.06165,-0.01609,0.65733,0.42619,-0.40707,-0.46965,
1641629415041385216,0.02659,-0.06058,0.01002,0.64213,0.42478,-0.40940,-0.48951,
1641629415091385088,0.02895,-0.05909,0.03053,-0.63105,-0.42368,0.40920,0.50480,
1641629415141385216,0.03238,-0.05702,0.04954,-0.62372,-0.42473,0.40342,0.51753,
1641629415181385216,0.03613,-0.05444,0.06301,-0.61841,-0.42415,0.39506,0.53065,
1641629415241385216,0.04495,-0.04915,0.07942,-0.61553,-0.41461,0.37979,0.55226,
1641629415271385088,0.04938,-0.04512,0.08561,-0.61782,-0.40473,0.37353,0.56122,
1641629415321385216,0.05858,-0.03814,0.09200,-0.62919,-0.38098,0.36874,0.56833,
1641629415421385216,0.07937,-0.02456,0.08329,-0.65962,-0.33597,0.36742,0.56305,
1641629415521385216,0.09465,-0.01683,0.04778,-0.69333,-0.31143,0.35470,0.54451,
1641629415571385088,0.09968,-0.01525,0.02501,-0.71062,-0.30657,0.34330,0.53215,
1641629415671385344,0.11100,-0.01734,-0.02020,-0.74297,-0.29250,0.32342,0.50777,
1641629415721385216,0.11691,-0.01932,-0.04051,0.75707,0.28571,-0.31860,-0.49366,
1641629415771385088,0.12338,-0.02162,-0.05868,0.76869,0.28294,-0.31491,-0.47947,
1641629415821385216,0.13019,-0.02280,-0.07300,0.77824,0.28220,-0.30821,-0.46874,
1641629415871386368,0.13646,-0.02205,-0.08140,0.78646,0.27985,-0.29581,-0.46439,
1641629415921385216,0.14155,-0.01933,-0.08196,0.78927,0.27391,-0.28518,-0.46979,
1641629415971386112,0.14388,-0.01588,-0.07607,0.78541,0.27064,-0.28044,-0.48088,
1641629416021385216,0.14221,-0.01306,-0.06787,0.77699,0.27594,-0.27926,-0.49209,
1641629416051385088,0.13880,-0.01134,-0.06395,0.77024,0.28367,-0.27983,-0.49796,
1641629416101385216,0.13050,-0.01094,-0.06201,-0.75891,-0.30403,0.27967,0.50340,
1641629416151385344,0.11921,-0.01177,-0.06727,-0.74828,-0.32569,0.27637,0.50756,
1641629416201385216,0.10644,-0.01375,-0.07976,-0.74086,-0.34113,0.27378,0.50972,
1641629416251385088,0.09318,-0.01620,-0.09884,-0.73991,-0.36063,0.26853,0.50037,
1641629416301387264,0.08014,-0.01948,-0.12238,0.74162,0.37887,-0.26201,-0.48765,
1641629416351385088,0.06712,-0.02402,-0.14624,0.74506,0.39041,-0.25800,-0.47528,
1641629416401385216,0.05371,-0.03009,-0.16586,0.75218,0.39561,-0.26209,-0.45719,
1641629416441386240,0.04257,-0.03632,-0.17611,0.75748,0.39657,-0.27377,-0.44046,
1641629416491385344,0.02996,-0.04637,-0.18252,0.75835,0.40050,-0.29684,-0.41998,
1641629416541385216,0.01888,-0.05779,-0.18307,0.75231,0.41037,-0.32013,-0.40392,
1641629416591385088,0.00909,-0.06908,-0.17861,0.74362,0.41968,-0.33901,-0.39493,
1641629416641385216,0.00057,-0.07914,-0.16991,0.73425,0.42562,-0.35602,-0.39112,
1641629416701385216,-0.00714,-0.09004,-0.15552,0.72255,0.43322,-0.37481,-0.38698,
1641629416741385216,-0.01103,-0.09657,-0.14456,0.71322,0.43675,-0.38845,-0.38688,
1641629416791385088,-0.01444,-0.10439,-0.13050,0.70058,0.44502,-0.40184,-0.38687,
1641629416841385216,-0.01710,-0.11152,-0.11621,0.68887,0.45122,-0.41088,-0.39120,
1641629416881385216,-0.01906,-0.11660,-0.10485,0.67937,0.45618,-0.41552,-0.39713,
1641629416941385216,-0.02065,-0.12424,-0.08799,0.66559,0.46448,-0.41923,-0.40681,
1641629416981387264,-0.02210,-0.12745,-0.07636,0.65652,0.47022,-0.42027,-0.41383,
1641629417041386240,-0.02190,-0.13211,-0.05922,0.64234,0.47936,-0.41986,-0.42584,
1641629417091385088,-0.02124,-0.13362,-0.04475,0.63203,0.48413,-0.41720,-0.43829,
1641629417141385216,-0.01970,-0.13313,-0.03066,0.62358,0.48525,-0.41411,-0.45188,
1641629417191386112,-0.01747,-0.12993,-0.01769,0.61799,0.48510,-0.41105,-0.46239,
1641629417241385216,-0.01431,-0.12398,-0.00683,0.61520,0.47876,-0.40897,-0.47440,
1641629417271385088,-0.01399,-0.11812,-0.00188,0.61591,0.47108,-0.40706,-0.48275,
1641629417321385216,-0.01014,-0.10811,0.00393,0.62169,0.45412,-0.40091,-0.49653,
1641629417371385344,-0.00431,-0.09726,0.00605,-0.62924,-0.43177,0.39699,0.50994,
1641629417421385216,0.00259,-0.08620,0.00296,-0.63973,-0.41024,0.39287,0.51778,
1641629417471385344,0.00970,-0.07568,-0.00545,-0.65363,-0.39443,0.38430,0.51914,
1641629417521386240,0.01662,-0.06599,-0.01937,-0.66972,-0.38169,0.37255,0.51672,
1641629417571385088,0.02288,-0.05826,-0.03732,-0.68720,-0.36975,0.35972,0.51151,
1641629417621385216,0.02816,-0.05301,-0.05715,-0.70336,-0.36417,0.34739,0.50199,
1641629417671385344,0.03171,-0.05076,-0.07642,0.71903,0.35672,-0.34053,-0.48967,
1641629417721386240,0.03347,-0.05194,-0.09455,0.73002,0.35730,-0.33748,-0.47488,
1641629417771387392,0.03328,-0.05578,-0.11111,0.73715,0.36369,-0.33530,-0.46034,
1641629417821385216,0.03064,-0.06186,-0.12505,0.74257,0.36983,-0.33417,-0.44738,
1641629417871385344,0.02640,-0.06949,-0.13482,0.74548,0.37791,-0.33794,-0.43272,
1641629417921385216,0.02103,-0.07804,-0.13925,0.74610,0.38544,-0.34808,-0.41668,
1641629417971385344,0.01504,-0.08673,-0.13819,0.74278,0.39312,-0.36320,-0.40227,
1641629418021385216,0.00912,-0.09526,-0.13227,0.73491,0.40316,-0.37888,-0.39219,
1641629418051385088,0.00526,-0.09984,-0.12682,0.72762,0.41012,-0.38733,-0.39032,
1641629418101385216,0.00052,-0.10729,-0.11438,0.71404,0.42315,-0.39690,-0.39187,
1641629418151385344,-0.00292,-0.11328,-0.09840,0.69855,0.43157,-0.40555,-0.40162,
1641629418201385216,-0.00453,-0.11756,-0.08019,0.68153,0.43630,-0.41458,-0.41627,
1641629418251385088,-0.00548,-0.11947,-0.06112,0.66776,0.43646,-0.42256,-0.43016,
1641629418301385216,-0.00540,-0.11988,-0.04214,0.65685,0.43500,-0.43021,-0.44072,
1641629418351385088,-0.00428,-0.11906,-0.02444,0.64604,0.43645,-0.43708,-0.44845,
1641629418401385216,-0.00266,-0.11739,-0.00897,0.63438,0.43648,-0.44079,-0.46125,
1641629418451385344,-0.00195,-0.11575,0.00304,0.62524,0.43330,-0.43991,-0.47729,
1641629418501385216,-0.00254,-0.11480,0.00897,0.62176,0.42865,-0.44100,-0.48496,
1641629418591385088,-0.00469,-0.11853,-0.00123,0.63034,0.43591,-0.44548,-0.46282,
1641629418641385216,-0.00794,-0.12260,-0.01759,0.63471,0.44920,-0.44459,-0.44464,
1641629418691385344,-0.01093,-0.12700,-0.03797,0.64170,0.45982,-0.43837,-0.42967,
1641629418741385216,-0.01289,-0.13048,-0.06048,0.65288,0.46757,-0.42744,-0.41524,
1641629418791385088,-0.01224,-0.13119,-0.08371,0.66443,0.47394,-0.41446,-0.40266,
1641629418841385216,-0.00946,-0.12777,-0.10651,0.67822,0.47168,-0.40222,-0.39466,
1641629418891385344,-0.00556,-0.12051,-0.12671,0.69889,0.46387,-0.38595,-0.38395,
1641629418931385344,-0.00097,-0.11250,-0.14075,0.71174,0.45880,-0.37289,-0.37931,
1641629418981385216,0.00656,-0.10106,-0.15450,0.72657,0.45115,-0.35409,-0.37841,
1641629419031385088,0.01538,-0.08745,-0.16383,0.73912,0.43929,-0.33660,-0.38397,
1641629419091385088,0.02664,-0.06908,-0.16757,0.75767,0.41774,-0.31673,-0.38874,
1641629419141385216,0.03626,-0.05295,-0.16458,0.76738,0.40563,-0.29915,-0.39637,
1641629419181386240,0.04290,-0.04079,-0.15769,0.77167,0.39413,-0.28319,-0.41108,
1641629419231385344,0.05017,-0.02830,-0.14316,0.77125,0.37816,-0.27227,-0.43363,
1641629419271385088,0.05435,-0.02079,-0.12765,0.76769,0.36811,-0.27428,-0.44712,
1641629419321386240,0.05809,-0.01585,-0.10554,0.75965,0.35624,-0.28805,-0.46157,
1641629419371385344,0.05957,-0.01552,-0.08335,0.74767,0.35160,-0.30377,-0.47443,
1641629419421385216,0.05903,-0.01908,-0.06294,0.73278,0.35428,-0.31503,-0.48814,
1641629419471385344,0.05610,-0.02642,-0.04556,-0.71576,-0.35784,0.32455,0.50429,
1641629419521386240,0.05077,-0.03741,-0.03213,-0.69974,-0.36678,0.33377,0.51423,
1641629419571385088,0.04443,-0.05177,-0.02312,-0.68156,-0.38290,0.34651,0.51845,
1641629419621385216,0.03763,-0.06827,-0.01872,-0.66237,-0.40283,0.36182,0.51777,
1641629419671385344,0.03066,-0.08492,-0.01910,-0.64619,-0.42297,0.37587,0.51211,
1641629419721385216,0.02387,-0.10017,-0.02430,-0.63832,-0.43858,0.38662,0.50072,
1641629419771386112,0.01780,-0.11254,-0.03451,0.63827,0.45424,-0.38942,-0.48439,
1641629419821385216,0.01373,-0.12156,-0.04855,0.64169,0.46796,-0.38717,-0.46834,
1641629419871385344,0.01218,-0.12826,-0.06497,0.64561,0.48089,-0.38240,-0.45355,
1641629419921385216,0.01298,-0.13274,-0.08175,0.65079,0.49501,-0.37447,-0.43729,
1641629419971385344,0.01559,-0.13488,-0.09775,0.65855,0.50082,-0.36750,-0.42479,
1641629420021385216,0.02006,-0.13373,-0.11285,0.66812,0.50283,-0.35910,-0.41451,
1641629420051386112,0.02252,-0.13082,-0.12126,0.67701,0.49961,-0.35356,-0.40871,
1641629420101385216,0.02947,-0.12367,-0.13466,0.69012,0.49525,-0.34214,-0.40175,
1641629420151385344,0.03731,-0.11332,-0.14631,0.70569,0.48568,-0.32870,-0.39759,
1641629420201386240,0.04621,-0.10055,-0.15581,0.72024,0.47244,-0.31525,-0.39834,
1641629420251386112,0.05516,-0.08594,-0.16189,0.73389,0.45685,-0.30318,-0.40096,
1641629420301385216,0.06359,-0.07049,-0.16322,0.74515,0.44191,-0.29079,-0.40609,
1641629420351386368,0.07063,-0.05561,-0.15865,0.75173,0.42697,-0.27892,-0.41809,
1641629420401385216,0.07522,-0.04337,-0.14755,0.75415,0.41225,-0.27109,-0.43339,
1641629420441385216,0.07686,-0.03669,-0.13418,0.75165,0.40268,-0.27271,-0.44553,
1641629420501385216,0.07732,-0.03393,-0.10920,0.74094,0.39316,-0.29037,-0.46056,
1641629420551386112,0.07493,-0.03726,-0.08765,0.72709,0.38790,-0.31402,-0.47145,
1641629420591385088,0.07125,-0.04286,-0.07248,0.71593,0.38766,-0.33263,-0.47595,
1641629420641385216,0.06564,-0.05335,-0.05791,0.69997,0.39449,-0.35438,-0.47837,
1641629420691385344,0.05916,-0.06606,-0.04879,0.68354,0.40588,-0.37277,-0.47862,
1641629420741385216,0.05227,-0.07957,-0.04509,0.66903,0.41498,-0.39068,-0.47703,
1641629420801386240,0.04445,-0.09574,-0.04751,0.66067,0.42984,-0.40761,-0.46109,
1641629420841385216,0.04035,-0.10556,-0.05270,0.65538,0.44279,-0.41745,-0.44738,
1641629420881385216,0.03754,-0.11414,-0.06044,0.65169,0.45572,-0.42326,-0.43413,
1641629420931385344,0.03556,-0.12272,-0.07304,0.65214,0.47066,-0.42153,-0.41894,
1641629420991385344,0.03507,-0.12834,-0.09163,0.65845,0.48672,-0.40553,-0.40632,
1641629421041386240,0.03566,-0.12890,-0.10614,0.67036,0.49302,-0.38554,-0.39862,
1641629421081385216,0.03756,-0.12713,-0.11411,0.67950,0.49222,-0.37302,-0.39606,
1641629421141385216,0.04393,-0.12337,-0.11748,0.68802,0.48681,-0.36481,-0.39567,
1641629421191385344,0.05075,-0.11838,-0.11338,0.69228,0.47920,-0.36248,-0.39966,
1641629421241385216,0.05967,-0.11091,-0.10643,0.69424,0.47122,-0.35807,-0.40959,
1641629421271385088,0.06503,-0.10434,-0.10232,0.69667,0.46538,-0.35278,-0.41668,
1641629421321385216,0.07640,-0.09194,-0.09794,0.70519,0.44942,-0.34044,-0.42993,
1641629421371385344,0.08651,-0.07957,-0.09940,0.71865,0.43020,-0.32041,-0.44250,
1641629421421385216,0.09349,-0.07074,-0.10587,0.73663,0.41173,-0.30564,-0.44095,
1641629421471386112,0.09705,-0.06790,-0.11612,0.74960,0.40817,-0.30329,-0.42368,
1641629421521385216,0.09638,-0.07154,-0.12812,0.75327,0.41879,-0.30584,-0.40455,
1641629421571385088,0.09166,-0.07997,-0.13850,0.75118,0.43156,-0.31068,-0.39111,
1641629421621385216,0.08341,-0.09022,-0.14459,0.74742,0.44286,-0.32097,-0.37713,
1641629421671387136,0.07335,-0.10044,-0.14437,0.74028,0.45659,-0.33605,-0.36136,
1641629421721385216,0.06346,-0.10968,-0.13703,0.72754,0.46931,-0.35398,-0.35375,
1641629421771385088,0.05631,-0.11772,-0.12110,0.71253,0.47581,-0.37426,-0.35474,
1641629421821385216,0.04884,-0.12196,-0.10321,0.69546,0.47913,-0.39543,-0.36112,
1641629421871385344,0.04507,-0.12412,-0.08074,0.67888,0.47973,-0.41429,-0.37060,
1641629421921385216,0.04405,-0.12412,-0.05698,0.66513,0.47673,-0.42867,-0.38284,
1641629421971385344,0.04548,-0.12256,-0.03337,0.65267,0.47080,-0.44028,-0.39815,
1641629422021385216,0.04942,-0.11975,-0.01189,0.63951,0.46620,-0.44931,-0.41450,
1641629422051385088,0.05018,-0.11675,-0.00067,0.63353,0.46403,-0.45154,-0.42359,
1641629422101385216,0.05874,-0.11208,0.01654,0.62572,0.45766,-0.45172,-0.44155,
1641629422151385344,0.06700,-0.10601,0.03067,0.62373,0.44516,-0.44891,-0.45964,
1641629422201385216,0.07704,-0.09901,0.04229,0.62490,0.42920,-0.44751,-0.47436,
1641629422251385088,0.08872,-0.09141,0.05078,0.62688,0.41542,-0.44797,-0.48350,
1641629422301385216,0.10109,-0.08358,0.05535,0.63267,0.39755,-0.45045,-0.48865,
1641629422351385088,0.11250,-0.07550,0.05411,0.64386,0.38210,-0.44902,-0.48766,
1641629422401385216,0.12248,-0.06740,0.04657,0.65908,0.37230,-0.44055,-0.48262,
1641629422451385344,0.13110,-0.05959,0.03392,0.67752,0.36622,-0.42589,-0.47484,
1641629422501386240,0.13936,-0.05263,0.01801,0.69651,0.36256,-0.40944,-0.46452,
1641629422591385088,0.15685,-0.04302,-0.01386,0.72933,0.36183,-0.37860,-0.44025,
1641629422651385344,0.16956,-0.03654,-0.03317,0.74741,0.35971,-0.35301,-0.43286,
1641629422691385344,0.17745,-0.03138,-0.04291,0.75912,0.35559,-0.33507,-0.43015,
1641629422751385088,0.18927,-0.02406,-0.05054,0.77217,0.34796,-0.31343,-0.42946,
1641629422801385216,0.19785,-0.01818,-0.04940,0.77760,0.34435,-0.30027,-0.43197,
1641629422851385088,0.20513,-0.01315,-0.04120,0.77582,0.33969,-0.29359,-0.44330,
1641629422891385344,0.20874,-0.00986,-0.03107,0.77205,0.33712,-0.28832,-0.45516,
1641629422931386112,0.21050,-0.00787,-0.01905,0.76636,0.33490,-0.28341,-0.46927,
1641629422991385344,0.20973,-0.00861,-0.00092,0.75565,0.33612,-0.27721,-0.48905,
1641629423041385216,0.20415,-0.01206,0.01016,0.74784,0.34358,-0.27213,-0.49863,
1641629423091385088,0.19470,-0.01759,0.01544,-0.74246,-0.35629,0.26732,0.50035,
1641629423141385216,0.18238,-0.02470,0.01345,0.73793,0.37637,-0.26126,-0.49553,
1641629423181385216,0.17076,-0.03112,0.00746,0.73483,0.39533,-0.25635,-0.48787,
1641629423231385344,0.15592,-0.04091,-0.00296,0.72814,0.41738,-0.25544,-0.47996,
1641629423271385088,0.14328,-0.04948,-0.01169,0.72397,0.43276,-0.26057,-0.46978,
1641629423321385216,0.12783,-0.06197,-0.02024,0.71967,0.45051,-0.27633,-0.45029,
1641629423371385344,0.11349,-0.07554,-0.02480,0.71422,0.46700,-0.30136,-0.42543,
1641629423421385216,0.10099,-0.08877,-0.02504,0.70599,0.48182,-0.32870,-0.40173,
1641629423471386112,0.09074,-0.10025,-0.02128,0.69568,0.49450,-0.35189,-0.38429,
1641629423521385216,0.08304,-0.10901,-0.01375,0.68415,0.50401,-0.36785,-0.37763,
1641629423571385088,0.07800,-0.11462,-0.00300,0.67098,0.51174,-0.37731,-0.38152,
1641629423621385216,0.07561,-0.11673,0.00988,0.65930,0.51714,-0.38089,-0.39092,
1641629423671385344,0.07558,-0.11535,0.02409,0.65164,0.51566,-0.38230,-0.40410,
1641629423721387264,0.07806,-0.11062,0.03831,0.65038,0.50899,-0.38059,-0.41604,
1641629423771385088,0.08369,-0.10280,0.05237,0.65544,0.49600,-0.37851,-0.42558,
1641629423821385216,0.09215,-0.09270,0.06630,0.66411,0.47797,-0.37765,-0.43346,
1641629423871385344,0.10268,-0.08098,0.07991,0.67469,0.46230,-0.37200,-0.43897,
1641629423921385216,0.11469,-0.06879,0.09319,0.68870,0.44415,-0.36161,-0.44459,
1641629423971385344,0.12740,-0.05741,0.10654,0.70504,0.42134,-0.35353,-0.44767,
1641629424021385216,0.14133,-0.04756,0.11759,0.71655,0.40039,-0.34652,-0.45405,
1641629424051385088,0.14906,-0.04166,0.12226,0.72279,0.38619,-0.34189,-0.45994,
1641629424101385216,0.16266,-0.03340,0.12807,0.73301,0.35489,-0.33419,-0.47441,
1641629424151385344,0.17521,-0.02600,0.12857,0.74320,0.32893,-0.31702,-0.48884,
1641629424201385216,0.18705,-0.01921,0.12527,0.75837,0.30135,-0.29890,-0.49470,
1641629424251385088,0.19887,-0.01367,0.11813,0.77264,0.27768,-0.27754,-0.49889,
1641629424301385216,0.21046,-0.00877,0.10715,-0.78569,-0.26305,0.24630,0.50282,
1641629424351385088,0.22152,-0.00335,0.09514,-0.79728,-0.24068,0.20960,0.51234,
1641629424401385216,0.23309,0.00219,0.08506,-0.80658,-0.20946,0.17944,0.52284,
1641629424451385344,0.24561,0.00776,0.07719,-0.81479,-0.18670,0.15070,0.52778,
1641629424501385216,0.25867,0.01391,0.07368,-0.82107,-0.15977,0.12966,0.53246,
1641629424551385088,0.27129,0.02026,0.07509,-0.82583,-0.13059,0.12097,0.53508,
1641629424601385216,0.28358,0.02514,0.08087,-0.82965,-0.10926,0.12693,0.53257,
1641629424691385344,0.30096,0.03032,0.09703,-0.82918,-0.08218,0.13530,0.53610,
1641629424751386112,0.30631,0.03233,0.10767,-0.82839,-0.08151,0.11816,0.54145,
1641629424801385216,0.30643,0.03404,0.11450,-0.82843,-0.08601,0.09265,0.54564,
1641629424841385216,0.30373,0.03540,0.11797,-0.82774,-0.09045,0.07122,0.54917,
1641629424981385216,0.28741,0.03504,0.11083,-0.82843,-0.11066,0.02265,0.54859,
1641629425031385088,0.27730,0.03378,0.10140,-0.83079,-0.11646,0.02278,0.54379,
1641629425081385216,0.26598,0.03116,0.08987,-0.83439,-0.12848,0.02876,0.53522,
1641629425131385344,0.25240,0.02793,0.07844,-0.83892,-0.14013,0.03768,0.52455,
1641629425181385216,0.23682,0.02312,0.06808,-0.83990,-0.15294,0.05001,0.51834,
1641629425231385344,0.21998,0.01622,0.05996,-0.83768,-0.16724,0.06732,0.51555,
1641629425271385088,0.20533,0.00938,0.05490,-0.83408,-0.18213,0.08444,0.51381,
1641629425321385216,0.18592,0.00058,0.05187,-0.82804,-0.20411,0.11032,0.51041,
1641629425371385344,0.16908,-0.01173,0.04875,-0.82213,-0.22491,0.13491,0.50529,
1641629425421385216,0.15177,-0.02181,0.04914,-0.81515,-0.24265,0.15738,0.50188,
1641629425471385344,0.13536,-0.03062,0.05123,0.80917,0.25743,-0.17475,-0.49842,
1641629425521385216,0.12068,-0.03836,0.05448,0.80277,0.27364,-0.18678,-0.49579,
1641629425571385088,0.10917,-0.04444,0.05872,0.79707,0.28747,-0.19303,-0.49475,
1641629425671385344,0.10008,-0.04969,0.07061,-0.78800,-0.29197,0.18849,0.50821,
1641629425721385216,0.10220,-0.04909,0.07673,-0.78601,-0.28347,0.18545,0.51714,
1641629425771385088,0.10844,-0.04767,0.08183,-0.78534,-0.27583,0.18415,0.52272,
1641629425821385216,0.11825,-0.04506,0.08573,-0.78709,-0.26781,0.18438,0.52418,
1641629425871385344,0.13067,-0.04085,0.08837,-0.79161,-0.25284,0.18016,0.52628,
1641629425921385216,0.14492,-0.03510,0.08993,-0.79753,-0.23070,0.16791,0.53153,
1641629425971385344,0.15993,-0.02868,0.09007,-0.80474,-0.20722,0.15177,0.53518,
1641629426051385088,0.18110,-0.02195,0.08938,-0.81325,-0.17698,0.14207,0.53583,
1641629426201387264,0.18956,-0.03001,0.08341,-0.81359,-0.17824,0.16364,0.52869,
1641629426251385088,0.18180,-0.03840,0.07916,-0.80927,-0.20229,0.18188,0.52066,
1641629426301385216,0.17024,-0.04902,0.07462,-0.80214,-0.23393,0.20968,0.50782,
1641629426351385088,0.15623,-0.06132,0.06953,0.79220,0.26990,-0.24474,-0.48956,
1641629426401385216,0.14155,-0.07487,0.06457,0.77660,0.30676,-0.28710,-0.46942,
1641629426451385344,0.12674,-0.08870,0.05989,0.75761,0.34235,-0.32947,-0.44752,
1641629426501385216,0.11351,-0.10273,0.05550,0.73574,0.37728,-0.36907,-0.42443,
1641629426551385088,0.10248,-0.11638,0.05249,0.71481,0.40925,-0.40175,-0.40021,
1641629426651385344,0.09256,-0.13913,0.05344,0.67931,0.45442,-0.44965,-0.36035,
1641629426691385344,0.09372,-0.14504,0.05581,0.66966,0.46409,-0.46012,-0.35279,
1641629426751385088,0.10181,-0.15095,0.06293,0.65996,0.47264,-0.46879,-0.34828,
1641629426851386368,0.12916,-0.15507,0.08252,0.65859,0.46449,-0.47907,-0.34784,
1641629426931385344,0.16065,-0.15600,0.09770,0.66216,0.45430,-0.48099,-0.35185,
1641629426981385216,0.18371,-0.15574,0.10458,0.66669,0.44997,-0.47160,-0.36145,
1641629427031385088,0.20849,-0.15529,0.10995,0.67361,0.44513,-0.45418,-0.37661,
1641629427081385216,0.23381,-0.15385,0.11440,0.68107,0.43914,-0.43336,-0.39434,
1641629427131385344,0.25782,-0.15168,0.11843,0.69183,0.43327,-0.40930,-0.40757,
1641629427191385344,0.28352,-0.14957,0.12218,0.70581,0.42452,-0.38004,-0.42093,
1641629427231386112,0.29791,-0.14676,0.12241,0.71374,0.41567,-0.36520,-0.42944,
1641629427271385088,0.30888,-0.14546,0.12210,0.71871,0.40799,-0.35519,-0.43686,
1641629427321385216,0.31637,-0.14465,0.12083,0.71954,0.40024,-0.35071,-0.44618,
1641629427521385216,0.27846,-0.13491,0.08763,0.71779,0.41452,-0.34505,-0.44033,
1641629427571385088,0.25423,-0.13135,0.07190,0.71913,0.42757,-0.34617,-0.42450,
1641629427621385216,0.22842,-0.12878,0.05550,0.71501,0.44043,-0.35481,-0.41096,
1641629427671385344,0.20221,-0.12709,0.03826,0.70688,0.45450,-0.36817,-0.39775,
1641629427721385216,0.17546,-0.12566,0.02102,0.69873,0.46649,-0.38451,-0.38251,
1641629427771386112,0.14895,-0.12448,0.00416,0.69427,0.47961,-0.39372,-0.36461,
1641629427821385216,0.12332,-0.12418,-0.01068,0.69176,0.49099,-0.39863,-0.34857,
1641629427871385344,0.09896,-0.12491,-0.02232,0.68911,0.50722,-0.39510,-0.33428,
1641629427921386240,0.07363,-0.12751,-0.02994,0.68592,0.52123,-0.38750,-0.32814,
1641629428021385216,0.03630,-0.13758,-0.01877,0.67583,0.53495,-0.38718,-0.32736,
1641629428051385088,0.02731,-0.14106,-0.01130,0.66579,0.54001,-0.39714,-0.32770,
1641629428101385216,0.01599,-0.14694,0.00203,0.64630,0.55221,-0.41408,-0.32541,
1641629428151385344,0.00684,-0.15268,0.01545,0.62903,0.56414,-0.42303,-0.32727,
1641629428201385216,0.00276,-0.15720,0.02845,0.61465,0.56926,-0.42844,-0.33849,
1641629428251385088,0.00286,-0.15843,0.04152,0.60891,0.57197,-0.42616,-0.34709,
1641629428301385216,0.00654,-0.15856,0.05051,0.61467,0.57125,-0.41451,-0.35219,
1641629428351385088,0.01585,-0.15555,0.06085,0.62488,0.56358,-0.39960,-0.36362,
1641629428401385216,0.03169,-0.15143,0.07125,0.63000,0.55218,-0.39000,-0.38222,
1641629428451385344,0.05269,-0.14719,0.08113,0.63319,0.54518,-0.38008,-0.39672,
1641629428501385216,0.07699,-0.14328,0.08975,0.63940,0.53461,-0.37221,-0.40844,
1641629428551385088,0.10280,-0.13915,0.09798,0.64996,0.51947,-0.36421,-0.41841,
1641629428601385216,0.13168,-0.13568,0.10414,0.65977,0.50239,-0.35836,-0.42882,
1641629428651387136,0.15664,-0.13208,0.10790,0.67220,0.48652,-0.35133,-0.43360,
1641629428701385216,0.18373,-0.12941,0.10648,0.68470,0.47540,-0.34373,-0.43247,
1641629428751385088,0.20858,-0.12688,0.10059,0.69605,0.46668,-0.33682,-0.42928,
1641629428801386240,0.22957,-0.12444,0.09047,0.70605,0.45482,-0.33245,-0.42909,
1641629428851385088,0.24600,-0.12201,0.07721,0.71616,0.44170,-0.33104,-0.42711,
1641629428881385216,0.25295,-0.12030,0.06788,0.72329,0.43552,-0.33022,-0.42206,
1641629428931385344,0.26117,-0.11834,0.05119,0.73430,0.43144,-0.32639,-0.41004,
1641629428981385216,0.26264,-0.11663,0.03321,0.74605,0.43342,-0.31538,-0.39509,
1641629429031387392,0.25739,-0.11513,0.01485,0.75476,0.43741,-0.29998,-0.38604,
1641629429091385088,0.24425,-0.11378,-0.00494,0.76048,0.44461,-0.28694,-0.37636,
1641629429131386368,0.23128,-0.11326,-0.01540,0.76145,0.45077,-0.28632,-0.36744,
1641629429181385216,0.21283,-0.11421,-0.02478,0.75857,0.46215,-0.29233,-0.35430,
1641629429231385344,0.19284,-0.11751,-0.02945,0.75062,0.47475,-0.30547,-0.34332,
1641629429271385088,0.17647,-0.12117,-0.02954,0.73857,0.48562,-0.32305,-0.33812,
1641629429321385216,0.15721,-0.12714,-0.02459,0.72174,0.50098,-0.34459,-0.33071,
1641629429371385344,0.14037,-0.13358,-0.01474,0.70031,0.51440,-0.36687,-0.33222,
1641629429421385216,0.12553,-0.13947,-0.00088,0.68029,0.52217,-0.38684,-0.33898,
1641629429471385344,0.11209,-0.14437,0.01570,0.66212,0.52748,-0.40376,-0.34691,
1641629429521385216,0.10237,-0.14807,0.03330,0.64977,0.52811,-0.41693,-0.35366,
1641629429571385088,0.09698,-0.15103,0.05157,0.63853,0.52679,-0.42851,-0.36216,
1641629429621385216,0.09310,-0.15312,0.06967,0.62653,0.52040,-0.44352,-0.37406,
1641629429671385344,0.09228,-0.15406,0.08589,0.61236,0.51642,-0.45897,-0.38429,
1641629429721385216,0.09366,-0.15310,0.09965,0.60227,0.51282,-0.47018,-0.39144,
1641629429771385088,0.09647,-0.14954,0.10965,0.60035,0.50522,-0.47414,-0.39942,
1641629429821386240,0.09951,-0.14296,0.11687,0.61004,0.49191,-0.46914,-0.40716,
1641629429871385344,0.10415,-0.13467,0.11725,0.62808,0.47276,-0.45928,-0.41362,
1641629429921385216,0.10981,-0.12455,0.11451,0.65054,0.45462,-0.44451,-0.41537,
1641629429971385344,0.11709,-0.11395,0.10829,0.67267,0.43932,-0.42728,-0.41466,
1641629430021385216,0.12574,-0.10388,0.09939,0.69316,0.42572,-0.40628,-0.41621,
1641629430051385088,0.13255,-0.09813,0.09275,0.70461,0.41841,-0.39277,-0.41736,
1641629430101385216,0.14225,-0.08869,0.08278,0.72377,0.40509,-0.37049,-0.41808,
1641629430201385216,0.16756,-0.07284,0.06564,0.75377,0.37841,-0.33104,-0.42314,
1641629430251385088,0.17985,-0.06514,0.05854,0.76682,0.36453,-0.31683,-0.42276,
1641629430301385216,0.19512,-0.05724,0.05497,0.77754,0.34900,-0.30689,-0.42362,
1641629430351385088,0.20967,-0.04906,0.05246,0.78706,0.33257,-0.29521,-0.42754,
1641629430401385216,0.22492,-0.04043,0.05110,0.79482,0.31709,-0.27755,-0.43667,
1641629430451385344,0.24036,-0.03109,0.05056,0.80139,0.30404,-0.25196,-0.44928,
1641629430501385216,0.25584,-0.02094,0.05222,0.80753,0.29028,-0.22296,-0.46251,
1641629430551385088,0.27106,-0.01094,0.05642,0.81245,0.27554,-0.19249,-0.47639,
1641629430601385216,0.28613,-0.00226,0.06337,0.81342,0.26061,-0.16603,-0.49280,
1641629430651385344,0.30095,0.00419,0.07277,-0.81279,-0.24800,0.14590,0.50654,
1641629430701385216,0.31507,0.00804,0.08447,-0.80962,-0.23558,0.13274,0.52095,
1641629430751385088,0.32801,0.00914,0.09776,-0.80406,-0.22387,0.12461,0.53651,
1641629430801385216,0.33978,0.00775,0.11172,-0.79638,-0.21287,0.12012,0.55321,
1641629430881385216,0.35585,0.00105,0.13238,-0.78297,-0.19801,0.11319,0.57873,
1641629430931385344,0.36411,-0.00475,0.14249,-0.77434,-0.18842,0.10690,0.59453,
1641629430981385216,0.37154,-0.01082,0.14992,-0.76668,-0.17543,0.10018,0.60941,
1641629431031385088,0.37801,-0.01652,0.15431,-0.76165,-0.15848,0.09579,0.62096,
1641629431081385216,0.38293,-0.02168,0.15533,-0.75946,-0.13963,0.09565,0.62815,
1641629431181385216,0.39152,-0.03075,0.14736,-0.76521,-0.11791,0.10008,0.62493,
1641629431231385344,0.39262,-0.03302,0.13796,-0.77081,-0.10972,0.10220,0.61917,
1641629431271385088,0.39278,-0.03378,0.12780,-0.77695,-0.10595,0.10321,0.61195,
1641629431321385216,0.39317,-0.03263,0.11281,-0.79022,-0.10181,0.10219,0.59560,
1641629431371385344,0.39308,-0.02924,0.09617,-0.80807,-0.09281,0.09649,0.57367,
1641629431421385216,0.39087,-0.02543,0.07949,-0.82597,-0.07771,0.09224,0.55066,
1641629431471385344,0.38449,-0.02394,0.06328,-0.83964,-0.07499,0.09438,0.52960,
1641629431571385088,0.35904,-0.03223,0.03651,0.85112,0.11675,-0.11548,-0.49863,
1641629431621385216,0.34072,-0.03876,0.02570,0.85123,0.14871,-0.12896,-0.48648,
1641629431671385344,0.32030,-0.04596,0.01681,0.85070,0.17978,-0.14024,-0.47363,
1641629431721385216,0.29894,-0.05342,0.01009,0.84836,0.20846,-0.14993,-0.46298,
1641629431771385088,0.27773,-0.06098,0.00571,0.84421,0.23476,-0.16028,-0.45443,
1641629431821385216,0.25690,-0.06841,0.00368,0.83894,0.25711,-0.17333,-0.44725,
1641629431871385344,0.23708,-0.07637,0.00355,0.83184,0.28002,-0.18978,-0.44001,
1641629431921385216,0.21781,-0.08470,0.00529,0.82398,0.29918,-0.20800,-0.43392,
1641629431971385344,0.19955,-0.09393,0.00814,0.81406,0.32065,-0.22651,-0.42799,
1641629432021385216,0.18230,-0.10386,0.01175,0.80304,0.34186,-0.24406,-0.42271,
1641629432051385088,0.17158,-0.10942,0.01311,0.79611,0.35457,-0.25332,-0.41991,
1641629432101385216,0.15605,-0.12134,0.01623,0.78397,0.37845,-0.26620,-0.41389,
1641629432151386368,0.14130,-0.13307,0.01852,0.77217,0.40229,-0.27710,-0.40637,
1641629432201385216,0.12777,-0.14497,0.02018,0.76110,0.42268,-0.28861,-0.39845,
1641629432251385088,0.11591,-0.15664,0.02099,0.75117,0.44183,-0.30083,-0.38735,
1641629432301385216,0.10561,-0.16749,0.02095,0.74306,0.45788,-0.31130,-0.37590,
1641629432351387136,0.09730,-0.17710,0.02029,0.73649,0.47152,-0.31803,-0.36621,
1641629432401385216,0.09055,-0.18462,0.01952,0.73114,0.48160,-0.32151,-0.36075,
1641629432501386240,0.08410,-0.19475,0.02118,0.72563,0.49559,-0.31737,-0.35654,
1641629432601385216,0.08776,-0.19397,0.03327,0.72217,0.48963,-0.31797,-0.37099,
1641629432651385344,0.09548,-0.18876,0.04537,0.72103,0.47766,-0.32505,-0.38249,
1641629432701385216,0.10458,-0.17942,0.05737,0.72012,0.45972,-0.33492,-0.39739,
1641629432751385088,0.11521,-0.16641,0.06750,0.72354,0.43746,-0.34178,-0.41026,
1641629432801385216,0.12687,-0.15095,0.07449,0.73051,0.41438,-0.34761,-0.41691,
1641629432851385088,0.13919,-0.13394,0.07793,0.73995,0.38961,-0.35351,-0.41918,
1641629432881385216,0.14699,-0.12055,0.07666,0.74608,0.37540,-0.35661,-0.41865,
1641629432931385344,0.15755,-0.10569,0.07365,0.75720,0.35323,-0.35914,-0.41581,
1641629432981385216,0.16820,-0.09341,0.06821,0.77027,0.33256,-0.35661,-0.41100,
1641629433031385088,0.17863,-0.08310,0.06084,0.78467,0.31621,-0.34676,-0.40505,
1641629433081385216,0.18894,-0.07451,0.05266,0.79802,0.30246,-0.33146,-0.40226,
1641629433131385344,0.19935,-0.06764,0.04466,0.80904,0.29198,-0.31337,-0.40250,
1641629433181385216,0.20971,-0.06216,0.03882,0.81776,0.28170,-0.29561,-0.40561,
1641629433231385344,0.21977,-0.05765,0.03558,0.82347,0.27594,-0.27850,-0.41010,
1641629433271385088,0.22735,-0.05427,0.03540,0.82645,0.27237,-0.26559,-0.41505,
1641629433321385216,0.23615,-0.05037,0.03867,0.82830,0.26662,-0.24870,-0.42542,
1641629433371385344,0.24358,-0.04756,0.04587,0.82691,0.25949,-0.23453,-0.44032,
1641629433421385216,0.24927,-0.04703,0.05579,0.82217,0.25811,-0.22484,-0.45481,
1641629433471385344,0.25260,-0.04902,0.06695,0.81454,0.26127,-0.22162,-0.46814,
1641629433521385216,0.25352,-0.05287,0.07751,0.80630,0.26839,-0.22169,-0.47822,
1641629433571385088,0.25211,-0.05814,0.08607,0.79751,0.27943,-0.22241,-0.48625,
1641629433621386240,0.24844,-0.06415,0.09164,0.78911,0.29403,-0.22039,-0.49222,
1641629433671385344,0.24252,-0.07050,0.09397,0.78120,0.31159,-0.21537,-0.49624,
1641629433721385216,0.23474,-0.07698,0.09347,0.77448,0.32804,-0.21041,-0.49830,
1641629433771385088,0.22545,-0.08379,0.09038,0.76943,0.34193,-0.20844,-0.49761,
1641629433821385216,0.21602,-0.09136,0.08453,0.76727,0.35869,-0.21056,-0.48816,
1641629433871386368,0.20679,-0.09980,0.07682,0.76528,0.37727,-0.21773,-0.47393,
1641629433921385216,0.19799,-0.10845,0.06823,0.76501,0.39374,-0.22536,-0.45709,
1641629433971386112,0.18961,-0.11722,0.05934,0.76478,0.40796,-0.23071,-0.44210,
1641629434021385216,0.18161,-0.12614,0.05071,0.76411,0.42072,-0.23384,-0.42948,
1641629434051385088,0.17687,-0.13136,0.04582,0.76383,0.42799,-0.23518,-0.42200,
1641629434101385216,0.16981,-0.14063,0.03915,0.76358,0.43782,-0.23928,-0.40989,
1641629434151385344,0.16363,-0.15024,0.03512,0.76236,0.44728,-0.24939,-0.39566,
1641629434201385216,0.15838,-0.16000,0.03451,0.75923,0.45465,-0.26773,-0.38103,
1641629434251385088,0.15420,-0.16969,0.03734,0.75365,0.45992,-0.29281,-0.36707,
1641629434301385216,0.15134,-0.17865,0.04357,0.74581,0.46383,-0.32303,-0.35253,
1641629434351385088,0.14998,-0.18564,0.05258,0.73608,0.46569,-0.35489,-0.33967,
1641629434401385216,0.14993,-0.19036,0.06408,0.72631,0.46317,-0.38376,-0.33268,
1641629434451385344,0.15087,-0.19303,0.07730,0.71644,0.45776,-0.40786,-0.33290,
1641629434501385216,0.15308,-0.19394,0.09158,0.70647,0.45176,-0.42662,-0.33884,
1641629434551385088,0.15569,-0.19255,0.10596,0.69600,0.44545,-0.44200,-0.34898,
1641629434601385216,0.16087,-0.19046,0.11985,0.68549,0.43670,-0.45402,-0.36506,
1641629434651385344,0.16447,-0.18555,0.13121,0.67887,0.42513,-0.45983,-0.38335,
1641629434701385216,0.17068,-0.18046,0.14035,0.67837,0.41019,-0.46102,-0.39877,
1641629434751385088,0.17548,-0.17433,0.14486,0.68178,0.39746,-0.45749,-0.40975,
1641629434801385216,0.18173,-0.16885,0.14513,0.68736,0.38661,-0.45364,-0.41506,
1641629434851385088,0.18754,-0.16299,0.14152,0.69482,0.37627,-0.44998,-0.41614,
1641629434881385216,0.19114,-0.16036,0.13739,0.70153,0.36947,-0.44700,-0.41418,
1641629434931385344,0.19646,-0.15520,0.12908,0.71665,0.35955,-0.43622,-0.40847,
1641629434981385216,0.20240,-0.15069,0.11936,0.73114,0.34972,-0.42177,-0.40649,
1641629435031385088,0.20877,-0.14632,0.10848,0.74495,0.34112,-0.40348,-0.40730,
1641629435081385216,0.21543,-0.14171,0.09769,0.75870,0.33121,-0.38320,-0.40969,
1641629435131385344,0.22255,-0.13652,0.08805,0.77234,0.32196,-0.36430,-0.40881,
1641629435181385216,0.23081,-0.13093,0.08013,0.78421,0.31626,-0.34766,-0.40512,
1641629435231385344,0.24035,-0.12506,0.07435,0.79481,0.30729,-0.33337,-0.40337,
1641629435271385088,0.24900,-0.12063,0.07114,0.80210,0.29909,-0.32273,-0.40376,
1641629435321385216,0.26068,-0.11535,0.06841,0.80902,0.29062,-0.30831,-0.40741,
1641629435371385344,0.27278,-0.10970,0.06751,0.81558,0.28063,-0.29117,-0.41388,
1641629435421385216,0.28523,-0.10402,0.06925,0.82125,0.26642,-0.27293,-0.42435,
1641629435471385344,0.29788,-0.09887,0.07412,0.82370,0.25241,-0.25996,-0.43614,
1641629435521385216,0.30990,-0.09455,0.08256,0.82438,0.24046,-0.25229,-0.44600,
1641629435571385088,0.32035,-0.09161,0.09423,0.82114,0.22850,-0.24860,-0.46013,
1641629435621385216,0.32845,-0.09058,0.10740,0.81319,0.22034,-0.24691,-0.47876,
1641629435671385344,0.33369,-0.09118,0.12010,0.80448,0.21975,-0.24396,-0.49498,
1641629435721385216,0.33554,-0.09304,0.13118,-0.79563,-0.22386,0.24000,0.50918,
1641629435771385088,0.33417,-0.09553,0.13960,-0.78740,-0.23086,0.23755,0.51988,
1641629435821385216,0.32978,-0.09800,0.14463,-0.78120,-0.23724,0.23926,0.52554,
1641629435871385344,0.32229,-0.10062,0.14535,-0.77878,-0.24721,0.24404,0.52233,
1641629435921385216,0.31243,-0.10348,0.14131,-0.77950,-0.26167,0.24929,0.51162,
1641629435971385344,0.30046,-0.10664,0.13315,0.78246,0.27661,-0.25348,-0.49699,
1641629436021385216,0.28700,-0.11104,0.12192,0.78772,0.29040,-0.25542,-0.47950,
1641629436051385088,0.27874,-0.11453,0.11407,0.79057,0.30019,-0.25605,-0.46832,
1641629436101385216,0.26401,-0.12123,0.10028,0.79461,0.31814,-0.25844,-0.44787,
1641629436151385344,0.24909,-0.12956,0.08746,0.79949,0.33393,-0.26404,-0.42378,
1641629436201385216,0.23435,-0.14011,0.07653,0.80046,0.35078,-0.27515,-0.40064,
1641629436251385088,0.22011,-0.15282,0.06763,0.79774,0.37077,-0.28974,-0.37708,
1641629436301385216,0.20682,-0.16683,0.06031,0.79090,0.39635,-0.30192,-0.35530,
1641629436351385088,0.19523,-0.18124,0.05482,0.78176,0.42100,-0.30911,-0.34068,
1641629436401385216,0.18412,-0.19386,0.05193,0.77321,0.44064,-0.31218,-0.33247,
1641629436451386112,0.17472,-0.20453,0.05282,0.76406,0.45623,-0.31626,-0.32869,
1641629436501385216,0.16744,-0.21366,0.05789,0.75448,0.46732,-0.32461,-0.32711,
1641629436551385088,0.16789,-0.22550,0.06810,0.74355,0.47610,-0.34063,-0.32315,
1641629436601385216,0.16169,-0.22833,0.08000,0.72974,0.48227,-0.36376,-0.32026,
1641629436651385344,0.16299,-0.23304,0.09495,0.71566,0.48382,-0.38948,-0.31947,
1641629436701385216,0.16694,-0.23617,0.11099,0.70338,0.48033,-0.41274,-0.32278,
1641629436751385088,0.17138,-0.23677,0.12597,0.69348,0.47314,-0.43050,-0.33150,
1641629436801385216,0.17593,-0.23478,0.13872,0.68552,0.46594,-0.44240,-0.34241,
1641629436851386368,0.18242,-0.23299,0.14915,0.67885,0.45934,-0.44987,-0.35467,
1641629436891385344,0.18771,-0.23210,0.15454,0.67578,0.45592,-0.45098,-0.36343,
1641629436991385344,0.19941,-0.22770,0.15759,0.68133,0.44420,-0.44215,-0.37813,
1641629437031385088,0.20248,-0.22488,0.15440,0.68667,0.44266,-0.43422,-0.37946,
1641629437081385216,0.20633,-0.21996,0.14809,0.69584,0.43804,-0.42302,-0.38076,
1641629437131385344,0.21019,-0.21373,0.13958,0.71097,0.42855,-0.40762,-0.38041,
1641629437181385216,0.21553,-0.20726,0.12919,0.72687,0.41824,-0.38901,-0.38132,
1641629437241385216,0.22399,-0.19939,0.11560,0.74559,0.40411,-0.36806,-0.38120,
1641629437271385088,0.22888,-0.19535,0.10835,0.75476,0.39888,-0.35744,-0.37878,
1641629437321385216,0.23827,-0.18861,0.09631,0.76862,0.39178,-0.33836,-0.37583,
1641629437371385344,0.24823,-0.18117,0.08470,0.78357,0.38260,-0.31429,-0.37531,
